{"type":"FeatureCollection","source":"Natural Earth 1:10m Rivers + Lake Centerlines v5.0.0","license":"Public domain","features":[{"type":"Feature","properties":{"name":"Fen","nameZh":"汾河","scalerank":9,"featurecla":"River"},"geometry":{"type":"MultiLineString","coordinates":[[[112.075613,38.861274],[112.07724,38.85163],[112.089285,38.822781],[112.09669,38.789252],[112.100352,38.783271],[112.104747,38.778591],[112.108816,38.771674],[112.110362,38.758857],[112.119884,38.738389],[112.123953,38.726345],[112.120372,38.720974],[112.115326,38.715522],[112.106293,38.688992],[112.101573,38.668769],[112.100352,38.652696],[112.09669,38.645209],[112.089285,38.638861],[112.068614,38.628119],[112.012706,38.579169],[112.000499,38.5633],[111.99822,38.559027],[111.994721,38.547146],[111.983328,38.460273],[111.963145,38.415473],[111.867117,38.284939],[111.84962,38.241156],[111.837494,38.185899],[111.837413,38.139228],[111.856944,38.097235],[111.904307,38.05622],[111.940847,38.037706],[111.952647,38.028876],[111.97991,38.002753],[111.995616,37.995917],[112.014171,38.001003],[112.023529,37.983181],[112.040538,37.96544],[112.060557,37.951768],[112.09962,37.939643],[112.14796,37.911241],[112.172374,37.906033],[112.212576,37.925238],[112.23406,37.930691],[112.277273,37.934353],[112.296479,37.93948],[112.316417,37.947943],[112.336925,37.960028],[112.350841,37.974066],[112.378673,38.008368],[112.394216,38.015245],[112.405528,38.013861],[112.415457,38.009589],[112.422374,38.002061],[112.425141,37.991034],[112.429779,37.983913],[112.441173,37.980414],[112.454845,37.977851],[112.466075,37.97366],[112.492442,37.944892],[112.511811,37.905056],[112.523529,37.860053],[112.528087,37.815985],[112.526785,37.80504],[112.521088,37.7862],[112.5206,37.774441],[112.523448,37.764228],[112.53297,37.742865],[112.534923,37.730333],[112.528087,37.710273],[112.511485,37.699164],[112.472992,37.686306],[112.408376,37.646186],[112.397634,37.634467],[112.3956,37.625271],[112.390066,37.619574],[112.373546,37.607449],[112.370616,37.599148],[112.370372,37.562771],[112.36085,37.545518],[112.334727,37.518866],[112.32252,37.478298],[112.305919,37.460639],[112.268077,37.431749],[112.240245,37.402167],[112.226329,37.382636],[112.220225,37.367255],[112.218272,37.359158],[112.212983,37.350938],[112.205333,37.342963],[112.195893,37.335313],[112.158702,37.309516],[112.131114,37.275092],[112.086192,37.201361],[112.062511,37.17239],[112.047781,37.163642],[112.000662,37.147325],[111.964692,37.139675],[111.918956,37.114691],[111.904307,37.103461],[111.857188,37.04975],[111.84962,37.038601],[111.842459,37.018826],[111.826182,37.003526],[111.807872,36.991278],[111.795014,36.980536],[111.790701,36.971991],[111.785492,36.952948],[111.781342,36.945828],[111.774832,36.940945],[111.758474,36.934353],[111.75058,36.929023],[111.740245,36.909735],[111.746186,36.891628],[111.755056,36.872341],[111.753998,36.849555],[111.740001,36.838162],[111.695323,36.82331],[111.685802,36.812323],[111.682546,36.8039],[111.666921,36.780097],[111.656505,36.769151],[111.658214,36.755805],[111.665294,36.733507],[111.671804,36.614814],[111.674897,36.609971],[111.686615,36.606879],[111.696544,36.598822],[111.703136,36.587917],[111.705658,36.575873],[111.702647,36.567328],[111.689464,36.544786],[111.685802,36.534247],[111.686046,36.522162],[111.690847,36.501085],[111.691987,36.49018],[111.689708,36.480251],[111.683686,36.47016],[111.67628,36.462348],[111.668468,36.459174],[111.66155,36.45421],[111.659109,36.44245],[111.657644,36.405341],[111.657807,36.404568],[111.656505,36.399726],[111.653331,36.395575],[111.651541,36.390937],[111.649669,36.37755],[111.654389,36.324978],[111.659679,36.306586],[111.662364,36.289903],[111.657807,36.274237],[111.604584,36.22309],[111.599539,36.213406],[111.500255,36.130805],[111.494151,36.123236],[111.490001,36.115098],[111.487885,36.105333],[111.485606,36.082546],[111.481049,36.072577],[111.473399,36.064968],[111.448416,36.058295],[111.441987,36.049384],[111.438243,36.038031],[111.432546,36.027167],[111.402761,36.001003],[111.395763,35.98371],[111.40797,35.962592],[111.412608,35.952094],[111.405528,35.930243],[111.40797,35.921658],[111.4192,35.910915],[111.422455,35.904568],[111.405935,35.827989],[111.404552,35.804958],[111.411143,35.785224],[111.412852,35.773139],[111.40797,35.767768],[111.399669,35.762397],[111.3956,35.750027],[111.393321,35.736029],[111.390391,35.726142],[111.355724,35.685126],[111.353119,35.678331],[111.316905,35.675116],[111.296641,35.669867],[111.287852,35.660956],[111.284434,35.645087],[111.275483,35.630927],[111.263194,35.620795],[111.249766,35.616889],[111.229584,35.614203],[111.218842,35.607123],[111.20224,35.585557],[111.192149,35.575792],[111.18629,35.571601],[111.178722,35.568468],[111.167491,35.566677],[111.164561,35.569037],[111.163259,35.572943],[111.158214,35.575954],[111.088634,35.588935],[110.990001,35.57864],[110.958995,35.588935],[110.94394,35.579291],[110.921153,35.572943],[110.794444,35.561632],[110.80071,35.561632],[110.782481,35.557888],[110.767833,35.560818],[110.754242,35.565782],[110.739268,35.568468],[110.721609,35.564032],[110.704112,35.553819],[110.677826,35.534369],[110.581554,35.481879],[110.554861,35.458604]]]}},{"type":"Feature","properties":{"name":"Yi","nameZh":"伊河","scalerank":9,"featurecla":"River"},"geometry":{"type":"MultiLineString","coordinates":[[[118.503429,36.103542],[118.531749,36.121202],[118.547862,36.128038],[118.561697,36.130805],[118.57073,36.126247],[118.590343,36.104031],[118.59962,36.096055],[118.590831,36.06863],[118.606619,36.059109],[118.629242,36.055203],[118.640636,36.044542],[118.649669,36.035834],[118.709483,36.006659],[118.739838,35.9831],[118.752208,35.968044],[118.757335,35.949001],[118.760916,35.923041],[118.771251,35.904812],[118.786632,35.890733],[118.825206,35.862901],[118.835378,35.849392],[118.839122,35.831814],[118.839854,35.804958],[118.845876,35.79324],[118.859386,35.783962],[118.871349,35.770453],[118.874034,35.745958],[118.871023,35.736396],[118.862641,35.722235],[118.860362,35.71247],[118.860932,35.702745],[118.865896,35.686835],[118.868175,35.663682],[118.872813,35.64407],[118.874034,35.611518],[118.85849,35.557685],[118.853526,35.548041],[118.845307,35.542182],[118.833914,35.536689],[118.823741,35.52912],[118.819347,35.516954],[118.814545,35.507921],[118.784679,35.479071],[118.781749,35.474229],[118.779714,35.468044],[118.77825,35.461371],[118.777843,35.455186],[118.774506,35.451931],[118.767589,35.450995],[118.760346,35.448676],[118.757335,35.44123],[118.75294,35.433661],[118.743663,35.427924],[118.734304,35.420437],[118.729991,35.407416],[118.72877,35.392442],[118.725027,35.384345],[118.709483,35.3699],[118.678315,35.332099],[118.665701,35.30919],[118.667979,35.294135],[118.658132,35.280707],[118.649343,35.260565],[118.643077,35.239285],[118.640636,35.22248],[118.646414,35.19835],[118.647472,35.188015],[118.644786,35.177598],[118.616222,35.122911],[118.57545,35.071601],[118.566742,35.066433],[118.556407,35.063585],[118.547862,35.059638],[118.542491,35.045437],[118.537852,35.042589],[118.532156,35.040798],[118.527354,35.037787],[118.523448,35.030341],[118.525076,35.024522],[118.528738,35.019232],[118.530772,35.013536],[118.537608,34.849066],[118.535167,34.840277],[118.531749,34.832872],[118.529389,34.825141],[118.530772,34.815009],[118.536632,34.807481],[118.554291,34.797471],[118.567556,34.770819],[118.590587,34.767361],[118.640636,34.773383],[118.661388,34.76199],[118.667979,34.759711],[118.670909,34.760688],[118.680186,34.765448],[118.684988,34.766547],[118.784679,34.766547],[118.800548,34.769721],[118.818777,34.768907],[118.837169,34.765245],[118.858897,34.757392],[118.863455,34.754747],[118.868256,34.751288],[118.874034,34.746039],[118.878184,34.739529],[118.887706,34.718126],[118.911632,34.707139],[118.94044,34.701239],[119.017019,34.697862],[119.054861,34.68891],[119.141124,34.683173],[119.154552,34.684597],[119.169037,34.688503],[119.17864,34.693223],[119.200287,34.713813]]]}},{"type":"Feature","properties":{"name":"Herlen","nameZh":"Herlen","scalerank":9,"featurecla":"River"},"geometry":{"type":"MultiLineString","coordinates":[[[109.134858,48.684882],[109.113699,48.684434],[109.097179,48.675076],[109.068858,48.646593],[109.033214,48.623603],[109.023367,48.613837],[109.0171,48.602118],[109.013764,48.592108],[109.009532,48.582953],[109.000499,48.573757],[108.967784,48.557318],[108.855479,48.526638],[108.839773,48.5185],[108.823985,48.507758],[108.811941,48.493679],[108.803966,48.465155],[108.790294,48.450222],[108.78712,48.44123],[108.788829,48.431586],[108.791596,48.425727],[108.792247,48.41824],[108.78712,48.403673],[108.735362,48.335395],[108.717296,48.328192],[108.70574,48.310899],[108.690929,48.273383],[108.658295,48.216864],[108.646007,48.201687],[108.635753,48.12995],[108.636322,48.123806],[108.641775,48.114447],[108.642589,48.108222],[108.640147,48.103868],[108.635509,48.099677],[108.628917,48.095242],[108.607839,48.057644],[108.602794,48.045925],[108.590831,48.041083],[108.563731,48.040595],[108.550792,48.037624],[108.542003,48.030219],[108.534597,48.021064],[108.52589,48.012641],[108.510916,48.001492],[108.497813,47.988064],[108.488455,47.970649],[108.484874,47.947821],[108.484874,47.913642],[108.481049,47.900214],[108.463471,47.880439],[108.458263,47.869249],[108.471202,47.828315],[108.472667,47.815253],[108.471202,47.783637],[108.476329,47.774197],[108.486095,47.766872],[108.492768,47.759345],[108.488292,47.749457],[108.487315,47.744208],[108.486501,47.721625],[108.484874,47.711005],[108.477468,47.694281],[108.440929,47.64643],[108.43214,47.639838],[108.421886,47.634874],[108.413259,47.628933],[108.409923,47.619167],[108.412364,47.606472],[108.425222,47.592719],[108.430268,47.581244],[108.428722,47.556342],[108.416596,47.54031],[108.402761,47.526679],[108.396088,47.509304],[108.40089,47.497667],[108.412039,47.491156],[108.424571,47.486884],[108.434093,47.48196],[108.439952,47.474555],[108.459565,47.43004],[108.471202,47.40998],[108.47877,47.402411],[108.54184,47.357856],[108.546967,47.35163],[108.54835,47.340766],[108.569591,47.284003],[108.579194,47.272162],[108.61142,47.248603],[108.623546,47.234565],[108.665619,47.155626],[108.680675,47.116889],[108.694021,47.09809],[108.726573,47.069281],[108.759858,47.04682],[108.83839,47.006537],[108.931163,46.977973],[108.958263,46.976142],[109.058035,46.989773],[109.100108,47.008734],[109.122325,47.012763],[109.138601,47.008328],[109.164806,46.989569],[109.180675,46.985419],[109.195323,46.983832],[109.239024,46.971747],[109.245616,46.968695],[109.256358,46.961127],[109.266368,46.957465],[109.27589,46.956977],[109.286143,46.958075],[109.296153,46.957831],[109.31601,46.948676],[109.35434,46.946397],[109.368744,46.943874],[109.411225,46.913275],[109.427419,46.909044],[109.44394,46.907091],[109.480398,46.898017],[109.499034,46.895453],[109.621349,46.903103],[109.649913,46.895453],[109.67099,46.903103],[109.781342,46.910956],[109.803152,46.916042],[109.910085,46.955268],[109.945079,46.978583],[109.992442,46.989366],[110.013682,46.999091],[110.026134,47.014838],[110.036794,47.03498],[110.050304,47.052517],[110.071707,47.059882],[110.093191,47.062934],[110.172374,47.09573],[110.213878,47.106716],[110.315033,47.114447],[110.41212,47.140448],[110.434581,47.142442],[110.457612,47.148261],[110.472992,47.161973],[110.485281,47.178005],[110.499604,47.190863],[110.541921,47.208197],[110.566417,47.215277],[110.585704,47.218207],[110.593435,47.227078],[110.623139,47.279649],[110.658214,47.306179],[110.853282,47.385281],[110.87322,47.389512],[110.886729,47.396674],[110.938487,47.44477],[110.979096,47.470649],[111.023041,47.489854],[111.071218,47.501899],[111.168875,47.510199],[111.376475,47.561306],[111.393891,47.571072],[111.403901,47.574286],[111.462983,47.574815],[111.487804,47.578192],[111.500255,47.581244],[111.527354,47.59394],[111.54184,47.595526],[111.554698,47.593126],[111.579194,47.583441],[111.592703,47.581244],[111.602061,47.583197],[111.611908,47.587755],[111.627045,47.5987],[111.637625,47.602973],[111.678315,47.601752],[111.721934,47.613145],[111.757498,47.634223],[111.822358,47.683702],[111.864024,47.702745],[112.000499,47.732123],[112.057384,47.761583],[112.079275,47.765652],[112.230724,47.76671],[112.25351,47.771918],[112.271495,47.783637],[112.293224,47.794257],[112.322358,47.794949],[112.376557,47.78738],[112.489757,47.785712],[112.739675,47.81448],[112.78183,47.834499],[112.93214,47.944403],[112.968842,47.963568],[113.058849,47.990261],[113.696707,48.045356],[113.74822,48.040595],[113.889415,48.011013],[114.490164,48.050076],[114.537608,48.064154],[114.588796,48.067939],[114.608653,48.071804],[114.627371,48.081163],[114.648936,48.098578],[114.665945,48.108466],[114.70989,48.122016],[114.727794,48.12995],[114.842784,48.208279],[114.932872,48.241523],[114.952891,48.256049],[114.967459,48.29918],[114.983409,48.315782],[115.022553,48.34162],[115.055268,48.373114],[115.081554,48.410183],[115.139903,48.519599],[115.146251,48.526638],[115.181163,48.546169],[115.186534,48.550808],[115.194591,48.56391],[115.213959,48.576768],[115.255382,48.595486],[115.285248,48.603949],[115.308604,48.603705],[115.415619,48.574897],[115.434988,48.559923],[115.426687,48.534003],[115.4428,48.511013],[115.439952,48.486274],[115.423432,48.466417],[115.372488,48.452216],[115.357595,48.436957],[115.346609,48.417019],[115.330496,48.396837],[115.434093,48.273383],[115.44337,48.254665],[115.454112,48.216864],[115.464447,48.201687],[115.52296,48.15412],[115.53655,48.136176],[115.553803,48.096869],[115.566905,48.081122],[115.587983,48.074774],[115.630056,48.076361],[115.65325,48.080593],[115.673757,48.088975],[115.689545,48.103339],[115.701264,48.118842],[115.715343,48.131171],[115.738455,48.136176],[115.762299,48.137763],[115.809825,48.148708],[115.872325,48.177191],[115.921397,48.190538],[115.930675,48.194525],[115.937592,48.198676],[115.963878,48.209662],[115.97169,48.211859],[115.999929,48.234076],[116.009532,48.239814],[116.054617,48.252387],[116.094819,48.259101],[116.114675,48.26793],[116.124034,48.28913],[116.133067,48.335395],[116.150076,48.367784],[116.175304,48.398057],[116.205007,48.424343],[116.291921,48.474392],[116.30714,48.478827],[116.368582,48.489366],[116.377615,48.496894],[116.384939,48.505886],[116.393077,48.513536],[116.476492,48.560736],[116.52239,48.576117],[116.571218,48.581855],[116.684825,48.575019],[116.701589,48.578925],[116.756847,48.609158],[116.796397,48.625312],[116.97462,48.657091],[117.014171,48.672553],[117.044851,48.699083],[117.057872,48.739529],[117.057872,48.759955]]]}},{"type":"Feature","properties":{"name":"Huan","nameZh":"洹河","scalerank":9,"featurecla":"River"},"geometry":{"type":"MultiLineString","coordinates":[[[107.224213,37.31977],[107.232921,37.305284],[107.285737,37.261746],[107.310151,37.203559],[107.315684,37.179145],[107.324718,37.16352],[107.326671,37.155219],[107.324311,37.143907],[107.285167,37.068386],[107.277436,37.043728],[107.282644,37.024604],[107.285492,37.021104],[107.287852,37.016669],[107.291515,37.005398],[107.293956,36.990587],[107.294526,36.959296],[107.293224,36.945828],[107.277843,36.904568],[107.223399,36.82807],[107.203868,36.788764],[107.195079,36.748806],[107.194347,36.725287],[107.20045,36.709296],[107.210134,36.695624],[107.222097,36.673448],[107.230724,36.651394],[107.231049,36.637885],[107.250499,36.625434],[107.272634,36.590033],[107.289561,36.582709],[107.299734,36.575954],[107.334076,36.534247],[107.427826,36.448188],[107.450206,36.411404],[107.476654,36.345649],[107.500418,36.327582],[107.521658,36.284288],[107.532725,36.267401],[107.549571,36.257392],[107.593435,36.241482],[107.621755,36.222602],[107.642345,36.21662],[107.652599,36.209662],[107.69044,36.164984],[107.729421,36.128689],[107.74171,36.123358],[107.753835,36.115912],[107.773855,36.083035],[107.78297,36.075548],[107.80714,36.063422],[107.937918,35.934353],[107.951752,35.907253],[107.956716,35.873847],[107.954519,35.846503],[107.948009,35.820624],[107.937429,35.794949],[107.922455,35.767768],[107.930919,35.748236],[107.930431,35.726345],[107.922455,35.685167],[107.922374,35.664333],[107.929861,35.609442],[107.929128,35.567003],[107.896495,35.444363],[107.884776,35.41946],[107.880789,35.396308],[107.882253,35.346259],[107.892019,35.324897],[107.934255,35.281602],[107.943614,35.260037]]]}},{"type":"Feature","properties":{"name":"Tuo","nameZh":"滹沱河","scalerank":9,"featurecla":"River"},"geometry":{"type":"MultiLineString","coordinates":[[[103.530528,33.067491],[103.555593,33.054958],[103.573009,33.040635],[103.58074,33.021593],[103.576589,32.994737],[103.568289,32.978583],[103.545828,32.949286],[103.53712,32.933458],[103.532156,32.907497],[103.537608,32.886542],[103.561534,32.846137],[103.577647,32.806464],[103.586192,32.796576],[103.596446,32.791287],[103.606456,32.787909],[103.615652,32.783474],[103.623057,32.774848],[103.626231,32.76557],[103.62672,32.755316],[103.625418,32.74433],[103.622651,32.732978],[103.613455,32.700385],[103.601573,32.629503],[103.601085,32.611518],[103.606863,32.591254],[103.630626,32.541612],[103.709076,32.434272],[103.727061,32.403266],[103.734874,32.372585],[103.735362,32.312445],[103.744558,32.281317],[103.768484,32.242784],[103.775076,32.223253],[103.77296,32.199286],[103.741954,32.135037],[103.72991,32.096625],[103.720876,32.079372],[103.706635,32.065619],[103.695404,32.050564],[103.689871,32.027899],[103.683442,31.941514],[103.690033,31.903144],[103.704519,31.867621],[103.726573,31.835883],[103.758067,31.810411],[103.831716,31.768419],[103.857188,31.741645],[103.859467,31.708319],[103.839366,31.67414],[103.702891,31.552191],[103.679779,31.526557],[103.652843,31.506171],[103.593679,31.480658],[103.566173,31.459825],[103.489675,31.359565],[103.471202,31.327175],[103.470307,31.290554],[103.490245,31.218085],[103.492686,31.195746],[103.469005,31.033962],[103.472097,31.013617],[103.48349,31.010688],[103.558116,31.034613],[103.570893,31.035956],[103.583751,31.031562],[103.634044,31.006944],[103.65797,31.024359],[103.681651,31.034695],[103.706554,31.037543],[103.73463,31.032782],[103.757823,31.022976],[103.772227,31.010565],[103.799408,30.978217]]]}},{"type":"Feature","properties":{"name":"Nemor","nameZh":"Nemor","scalerank":9,"featurecla":"River"},"geometry":{"type":"MultiLineString","coordinates":[[[126.506358,48.61876],[126.458507,48.615017],[126.411632,48.601671],[126.401134,48.596951],[126.377533,48.581855],[126.347341,48.569525],[126.331065,48.557725],[126.323009,48.554958],[126.298757,48.554511],[126.29005,48.551785],[126.254487,48.534003],[126.207286,48.526557],[126.164073,48.5303],[126.075776,48.554511],[126.025401,48.561103],[125.870372,48.547065],[125.806163,48.555976],[125.798269,48.558173],[125.792654,48.562771],[125.784434,48.571601],[125.765717,48.576239],[125.742198,48.567939],[125.706554,48.547065],[125.682872,48.539415],[125.660818,48.537787],[125.616791,48.540229],[125.514171,48.534003],[125.314871,48.526638],[125.04127,48.485622],[125.013927,48.478095],[124.984467,48.461534],[124.97047,48.461005],[124.941905,48.465155],[124.92864,48.459784],[124.917979,48.449571],[124.906261,48.443874],[124.890229,48.451483],[124.877533,48.446397],[124.866628,48.449408],[124.854584,48.455268],[124.838878,48.458319],[124.827891,48.455878],[124.794037,48.437812],[124.770844,48.432563],[124.718272,48.429267],[124.691824,48.42414],[124.671316,48.414862],[124.615896,48.37641],[124.60491,48.372016],[124.595876,48.369737],[124.587901,48.366523],[124.579112,48.358995],[124.565359,48.343573],[124.54835,48.327948]]]}},{"type":"Feature","properties":{"name":"Quan","nameZh":"泉河","scalerank":9,"featurecla":"River"},"geometry":{"type":"MultiLineString","coordinates":[[[115.556407,33.197699],[115.407156,33.219591],[115.382498,33.228705],[115.353282,33.245551],[115.300385,33.284206],[115.192556,33.338813],[115.137787,33.352607],[114.998953,33.406928],[114.982432,33.411404],[114.9699,33.416775],[114.949229,33.435004],[114.908214,33.447862],[114.894786,33.461453],[114.884044,33.4796],[114.865164,33.501003],[114.810151,33.540229],[114.656668,33.605007],[114.592784,33.615261],[114.583995,33.614773],[114.575125,33.610541],[114.5595,33.598009],[114.552013,33.59573],[114.524506,33.602729],[114.478038,33.631171],[114.453054,33.64289],[114.379975,33.655626],[114.363699,33.664333],[114.347667,33.677802],[114.329031,33.687079],[114.2671,33.708197],[114.253429,33.708564],[114.153087,33.657782],[114.096446,33.637397],[114.079112,33.626899],[114.068126,33.613552],[114.052257,33.582302],[114.040701,33.568793],[114.018891,33.56269],[113.985362,33.563666],[113.951671,33.568712],[113.871511,33.593817],[113.840424,33.59752],[113.800141,33.594306],[113.784272,33.5963],[113.768891,33.600165],[113.758311,33.605292],[113.746023,33.608751],[113.689464,33.60989],[113.670665,33.620307],[113.657725,33.638495],[113.648204,33.655707],[113.640147,33.663113],[113.6303,33.665595],[113.628673,33.672309],[113.630056,33.679551],[113.629649,33.683702],[113.622162,33.685126],[113.607839,33.683417],[113.598643,33.683702],[113.50294,33.710232],[113.473562,33.708319],[113.439464,33.698188],[113.411794,33.680447],[113.402192,33.655585],[113.385509,33.67239],[113.37322,33.666531],[113.362315,33.651394],[113.34962,33.640163],[113.327403,33.637397],[113.305675,33.642157],[113.285655,33.651313],[113.210704,33.702908],[113.185476,33.726426],[113.176362,33.730821],[113.166515,33.731309],[113.140147,33.719184],[113.124766,33.716986],[113.001964,33.735175],[112.875987,33.728868],[112.831635,33.72838],[112.806651,33.734809],[112.759288,33.755072],[112.731619,33.756781],[112.720714,33.753445],[112.701671,33.742296],[112.691905,33.738471],[112.67685,33.736029],[112.670421,33.738064],[112.664561,33.743028],[112.651378,33.74962],[112.616466,33.756415],[112.54184,33.759101],[112.463471,33.778835],[112.443126,33.780382],[112.400076,33.772569],[112.378835,33.771064],[112.33489,33.775743]]]}},{"type":"Feature","properties":{"name":"Ying","nameZh":"颍河","scalerank":9,"featurecla":"River"},"geometry":{"type":"MultiLineString","coordinates":[[[116.521902,32.498847],[116.480235,32.497667],[116.461925,32.507921],[116.445811,32.522406],[116.419444,32.533881],[116.410655,32.533881],[116.39503,32.529324],[116.385346,32.529812],[116.372488,32.535224],[116.356049,32.545233],[116.341319,32.556952],[116.333425,32.567572],[116.326264,32.590847],[116.318126,32.608018],[116.304128,32.619452],[116.278901,32.625067],[116.260916,32.639472],[116.241222,32.727607],[116.222097,32.757392],[116.202891,32.771796],[116.180919,32.773953],[116.127452,32.760199],[116.11671,32.763373],[116.109304,32.774766],[116.094249,32.793036],[116.067393,32.812364],[116.046804,32.815985],[116.025076,32.814317],[115.995372,32.818142],[115.929861,32.838731],[115.90089,32.852484],[115.871349,32.871527],[115.847992,32.891425],[115.80657,32.939765],[115.788829,32.96544],[115.775076,32.998155],[115.766775,33.00788],[115.753429,33.01321],[115.737234,33.015245],[115.72226,33.019151],[115.713145,33.030097],[115.706065,33.054063],[115.697846,33.071723],[115.684174,33.085761],[115.660818,33.098822],[115.622081,33.114773],[115.604096,33.125556],[115.589692,33.141669],[115.58546,33.153022],[115.580333,33.1789],[115.574311,33.18891],[115.556407,33.197699]]]}},{"type":"Feature","properties":{"name":"Lena","nameZh":"Lena","scalerank":1,"featurecla":"River"},"geometry":{"type":"MultiLineString","coordinates":[[[105.222585,54.512559],[105.220225,54.49787],[105.216075,54.485907],[105.209483,54.474148],[105.167898,54.421088],[105.164806,54.408637],[105.179861,54.396348],[105.259939,54.368679],[105.271414,54.362128],[105.281261,54.354071],[105.293386,54.349311],[105.323741,54.35163],[105.336192,54.347235],[105.343191,54.338446],[105.353119,54.318671],[105.360362,54.309638],[105.365896,54.308417],[105.382091,54.310981],[105.387706,54.309638],[105.39088,54.304511],[105.392345,54.298285],[105.391694,54.294257],[105.387706,54.296007],[105.397227,54.280137],[105.403575,54.272162],[105.411794,54.268663],[105.417247,54.265448],[105.455577,54.229926],[105.493907,54.203396],[105.511241,54.186143],[105.52825,54.150946],[105.528575,54.145128],[105.562755,54.120958],[105.571707,54.111274],[105.572765,54.107204],[105.571544,54.102484],[105.577566,54.072618],[105.580984,54.063544],[105.586192,54.055854],[105.601166,54.045722],[105.648448,54.025458],[105.665457,54.021674],[105.688406,54.016303],[105.731456,53.992865],[105.750662,53.987494],[105.764171,53.99079],[105.781342,54.004828],[105.79184,54.008002],[105.799571,54.006415],[105.803152,54.002387],[105.805431,53.996934],[105.809093,53.991278],[105.815359,53.987576],[105.819591,53.989366],[105.823741,53.992987],[105.835134,53.996365],[105.840343,53.999132],[105.846121,54.00141],[105.853282,54.001166],[105.858897,53.997016],[105.859793,53.99079],[105.85906,53.984565],[105.860606,53.980658],[105.893647,53.96601],[105.901541,53.959581],[105.905935,53.950263],[105.905528,53.942491],[105.903087,53.933946],[105.901541,53.922309],[105.904714,53.909695],[105.912364,53.901435],[105.932221,53.888251],[105.952403,53.880316],[106.038666,53.870876],[106.07545,53.857978],[106.083507,53.853787],[106.09726,53.848253],[106.114024,53.850165],[106.145112,53.857204],[106.318777,53.868476],[106.34669,53.8664],[106.393565,53.843329],[106.42213,53.842108],[106.549327,53.862901],[106.590587,53.881659],[106.604991,53.886298],[106.655935,53.894802],[106.848155,53.882188],[106.912201,53.88581],[106.927175,53.884345],[106.947032,53.879584],[106.973074,53.870307],[106.995616,53.857042],[107.005056,53.840155],[107.019623,53.838324],[107.086843,53.846462],[107.152354,53.864447],[107.174083,53.875434],[107.183442,53.888251],[107.184255,53.894965],[107.188975,53.905463],[107.190115,53.911811],[107.187999,53.916571],[107.178233,53.927924],[107.175873,53.932318],[107.175141,53.943712],[107.175548,53.954413],[107.178152,53.964301],[107.183442,53.973212],[107.177745,53.978095],[107.177745,53.981024],[107.190115,53.987494],[107.214854,53.994818],[107.266694,54.000108],[107.30714,54.021837],[107.394216,54.05036],[107.402843,54.054389],[107.448416,54.089138],[107.454519,54.096137],[107.459727,54.103949],[107.463796,54.115831],[107.466075,54.142401],[107.469168,54.154975],[107.477468,54.168484],[107.489675,54.180976],[107.503673,54.19123],[107.517996,54.198188],[107.542898,54.205349],[107.564464,54.208604],[107.5713,54.210761],[107.580496,54.217841],[107.594249,54.23786],[107.602468,54.246649],[107.615245,54.254828],[107.708263,54.286811],[107.78297,54.293769],[107.79835,54.294745],[107.813243,54.293891],[107.827891,54.291327],[107.842703,54.287055],[107.852631,54.282782],[107.861095,54.277533],[107.877371,54.264919],[107.887299,54.259101],[107.897634,54.256049],[107.951427,54.25373],[107.966807,54.25495],[108.010183,54.26496],[108.024913,54.265245],[108.038585,54.262152],[108.040701,54.260932],[108.043956,54.258124],[108.045909,54.256781],[108.052013,54.254503],[108.063731,54.253363],[108.069428,54.251899],[108.075043,54.248236],[108.084239,54.238634],[108.090261,54.235297],[108.091807,54.235175],[108.096202,54.235297],[108.097667,54.234971],[108.100678,54.230658],[108.101654,54.224799],[108.101085,54.212592],[108.106537,54.193427],[108.131358,54.160956],[108.134776,54.140448],[108.132416,54.127875],[108.129242,54.117499],[108.124115,54.107693],[108.089285,54.061957],[108.07545,54.048448],[107.990896,54.006659],[107.980072,54.004177]]]}},{"type":"Feature","properties":{"name":"Chang Jiang","nameZh":"Chang Jiang","scalerank":1,"featurecla":"River"},"geometry":{"type":"MultiLineString","coordinates":[[[109.430105,30.996202],[109.4463,31.00255],[109.459972,31.010037],[109.486339,31.028876],[109.497813,31.034125],[109.573985,31.04267],[109.591807,31.040554],[109.608328,31.031846],[109.617198,31.016913],[109.623953,31.008328],[109.632823,31.004584],[109.653087,31.00434],[109.661713,31.002224],[109.670421,30.997097],[109.731456,31.021267],[109.765636,31.047553],[109.784679,31.053656],[109.871755,31.067572],[109.896658,31.068549],[109.923106,31.060492],[109.933849,31.064561],[109.944753,31.070421],[109.955007,31.073432],[109.965343,31.071967],[109.976085,31.068427],[109.985769,31.06391],[109.992605,31.059841],[110.02589,31.032904],[110.042735,31.026923],[110.071707,31.02501],[110.089854,31.027126],[110.12794,31.036322],[110.149506,31.038682],[110.281749,31.021023],[110.321544,31.031846],[110.328868,31.037909],[110.334972,31.044623],[110.342784,31.049994],[110.355724,31.052314],[110.366791,31.05032],[110.384288,31.040839],[110.427338,31.031277],[110.44394,31.02558],[110.511729,31.033271],[110.532807,31.031846],[110.550548,31.026231],[110.565115,31.015082],[110.583751,31.004991],[110.657319,30.997097]]]}},{"type":"Feature","properties":{"name":"Yangtze","nameZh":"Yangtze","scalerank":1,"featurecla":"River"},"geometry":{"type":"MultiLineString","coordinates":[[[119.606375,32.196885],[119.58782,32.19245],[119.572358,32.191759],[119.557384,32.200141],[119.54005,32.222113],[119.530365,32.231716],[119.517345,32.238064],[119.504812,32.239529],[119.452566,32.233466],[119.385753,32.237413],[119.365326,32.234402],[119.346202,32.226752],[119.324474,32.214626],[119.303722,32.206163],[119.278331,32.20128],[119.252208,32.200019],[119.229421,32.202663],[119.129242,32.228542],[119.078705,32.232733],[119.027843,32.2213],[118.96339,32.187771],[118.927745,32.176825],[118.909679,32.173896],[118.883474,32.173204],[118.820404,32.188992],[118.793224,32.192816],[118.78655,32.192694],[118.780284,32.191107],[118.774343,32.187079],[118.769054,32.18122],[118.764659,32.174506],[118.761485,32.168036],[118.759532,32.162909],[118.758474,32.160997],[118.747488,32.147244],[118.73406,32.124864],[118.706391,32.09337],[118.689464,32.062445],[118.668956,32.039496],[118.658376,32.030585],[118.645925,32.016181],[118.614838,31.990017],[118.586355,31.949571],[118.553315,31.916287],[118.540538,31.892442],[118.53476,31.884467],[118.504812,31.859198],[118.498627,31.851264],[118.448009,31.756415],[118.426199,31.724473],[118.41505,31.699774],[118.403819,31.623236],[118.379649,31.556179],[118.347992,31.507595],[118.31601,31.4713],[118.309825,31.460069],[118.305186,31.448798],[118.302175,31.438341],[118.301768,31.427802],[118.304861,31.416449],[118.31544,31.400824],[118.318614,31.394965],[118.322358,31.383165],[118.324474,31.371039],[118.32545,31.356391],[118.324474,31.338324],[118.3213,31.320828],[118.315115,31.308051],[118.306163,31.300401],[118.296641,31.29739],[118.220144,31.291124],[118.210053,31.287787],[118.173839,31.265896],[118.155935,31.259141],[118.112722,31.252509],[118.060557,31.233222],[118.040457,31.233344],[118.027843,31.243679],[118.014171,31.237616],[118.002371,31.223253],[117.995942,31.208604],[117.993582,31.19127],[117.992931,31.138983],[117.988699,31.122829],[117.980398,31.109971],[117.968272,31.100287],[117.952729,31.093573],[117.937266,31.088935],[117.921886,31.086005],[117.907156,31.087673],[117.894542,31.096788],[117.879242,31.12226],[117.870372,31.133328],[117.856863,31.140937],[117.839366,31.143663],[117.822765,31.141181],[117.807546,31.134385],[117.793386,31.124457],[117.781505,31.113959],[117.77239,31.103868],[117.766531,31.092108],[117.763276,31.076483],[117.763682,31.058702],[117.768891,31.023749],[117.768077,31.006659],[117.747162,30.943468]]]}},{"type":"Feature","properties":{"name":"Liao","nameZh":"辽河","scalerank":6,"featurecla":"River"},"geometry":{"type":"MultiLineString","coordinates":[[[123.553966,43.483466],[123.603119,43.439643],[123.609304,43.425116],[123.614838,43.403632],[123.625987,43.387315],[123.6338,43.370185],[123.628998,43.346381],[123.616303,43.333441],[123.598074,43.323554],[123.581635,43.31212],[123.574474,43.294786],[123.572032,43.273953],[123.547944,43.184882],[123.54713,43.174994],[123.550141,43.177191],[123.551199,43.17829],[123.55185,43.17947],[123.553966,43.18183],[123.560802,43.174994],[123.551199,43.157986],[123.539643,43.085639],[123.531261,43.072618],[123.520274,43.060167],[123.515147,43.047553],[123.527192,43.025214],[123.524425,43.001166],[123.526541,42.990058],[123.526541,42.996283],[123.530935,42.984076],[123.549734,42.967841],[123.553966,42.958686],[123.558523,42.953681],[123.58017,42.946885],[123.588145,42.942247],[123.589936,42.935126],[123.583751,42.923204],[123.589122,42.898871],[123.592784,42.835801],[123.601736,42.818712],[123.590424,42.802273],[123.584727,42.777167],[123.570974,42.760362],[123.566173,42.746039],[123.571381,42.730048],[123.573822,42.714708],[123.560802,42.702012],[123.570323,42.69123],[123.573334,42.685981],[123.574474,42.678168],[123.579031,42.674262],[123.600841,42.675564],[123.609304,42.67475],[123.615489,42.668158],[123.625255,42.647081],[123.632416,42.637519],[123.649506,42.620144],[123.654552,42.617703],[123.667979,42.613308],[123.694021,42.597235],[123.695323,42.590766],[123.683686,42.579169],[123.70517,42.570136],[123.762218,42.534491],[123.773692,42.520819],[123.768972,42.498155],[123.766775,42.496609],[123.773529,42.489285],[123.780935,42.487006],[123.788097,42.486151],[123.793549,42.482937],[123.800955,42.469672],[123.804698,42.455146],[123.802989,42.440863],[123.793549,42.42829],[123.807628,42.411811],[123.831147,42.411485],[123.853282,42.41706],[123.863048,42.417792],[123.867686,42.411973],[123.889659,42.405788],[123.897227,42.400417],[123.899425,42.389187],[123.894623,42.379462],[123.862071,42.344916],[123.831635,42.326117],[123.818126,42.314765],[123.798757,42.304999],[123.757091,42.305976],[123.738862,42.291124],[123.727306,42.301459],[123.706716,42.306505],[123.683604,42.3074],[123.663829,42.304796],[123.647634,42.298163],[123.635183,42.28738],[123.626882,42.273261],[123.622813,42.256415],[123.612641,42.262722],[123.603608,42.263536],[123.595714,42.26085],[123.588145,42.256415],[123.557384,42.209906],[123.533295,42.196479],[123.485769,42.18126],[123.442882,42.173407],[123.422455,42.16706],[123.407237,42.157416],[123.399913,42.150255],[123.392345,42.144721],[123.3838,42.141059],[123.372813,42.139716],[123.366466,42.141669],[123.363373,42.146348],[123.361746,42.152208],[123.35906,42.157416],[123.351736,42.161241],[123.345307,42.159125],[123.339854,42.155341],[123.33546,42.153998],[123.272472,42.172471],[123.249278,42.174506],[123.239838,42.172309],[123.217784,42.16295],[123.195567,42.158637],[123.19044,42.152655],[123.186453,42.143988],[123.177257,42.13349],[123.160574,42.124538],[123.141368,42.120551],[123.098399,42.1199],[123.089692,42.117621],[123.073741,42.107856],[123.051687,42.101752],[123.046641,42.092637],[123.042654,42.08161],[123.033214,42.072089],[123.020518,42.068793],[122.991222,42.068427],[122.977957,42.065253],[122.968191,42.060492],[122.960378,42.054999],[122.95989,42.049425],[122.97169,42.044135],[122.95045,42.009223],[122.936941,41.992703],[122.924571,41.982693],[122.926524,41.979071],[122.930756,41.969021],[122.919688,41.969835],[122.908946,41.969306],[122.898936,41.966905],[122.889903,41.962226],[122.906749,41.950751],[122.924571,41.941677],[122.914236,41.923692],[122.894786,41.902289],[122.872976,41.885077],[122.854991,41.879665],[122.862641,41.872829],[122.85377,41.860663],[122.842784,41.849677],[122.8296,41.840033],[122.814708,41.831855],[122.805593,41.831081],[122.793956,41.831977],[122.78419,41.830349],[122.78004,41.821601],[122.77825,41.814643],[122.773367,41.807969],[122.766612,41.802029],[122.7588,41.797065],[122.778738,41.791083],[122.786794,41.79088],[122.769054,41.77204],[122.766205,41.766954],[122.772634,41.750515],[122.774425,41.740587],[122.769623,41.736274],[122.743744,41.734198],[122.738455,41.72724],[122.741222,41.714423],[122.739024,41.694648],[122.729015,41.684516],[122.697276,41.669704],[122.690684,41.663926],[122.694347,41.636176],[122.694835,41.618679],[122.690684,41.605292],[122.694835,41.601264],[122.699718,41.591986],[122.704194,41.585395],[122.662364,41.552598],[122.643647,41.53144],[122.635916,41.506293],[122.6338,41.492987],[122.624522,41.470771],[122.622325,41.458197],[122.624115,41.44538],[122.628998,41.437812],[122.635509,41.431179],[122.642833,41.420966],[122.630463,41.415147],[122.636241,41.405219],[122.648692,41.392768],[122.656342,41.37934],[122.654226,41.379218],[122.645437,41.364569],[122.642833,41.358913],[122.639089,41.333197],[122.635916,41.324774],[122.641775,41.305732],[122.620697,41.28502],[122.567149,41.256456],[122.540294,41.24962],[122.533376,41.245063],[122.523448,41.232978],[122.519216,41.229193],[122.477143,41.199571],[122.467784,41.195014],[122.453298,41.192816],[122.430186,41.182969],[122.412852,41.180732],[122.397634,41.176703],[122.39088,41.166287],[122.388764,41.152045],[122.388927,41.136664],[122.401541,41.098212],[122.405935,41.091986],[122.414806,41.086005],[122.414236,41.071845],[122.408702,41.055528],[122.402599,41.042914],[122.407807,41.035956],[122.409679,41.026394],[122.409434,41.002631],[122.341807,40.995795],[122.343761,40.983507],[122.343028,40.96251],[122.339936,40.940945],[122.334972,40.926866],[122.323253,40.94245],[122.318614,40.936835],[122.313731,40.906358],[122.304698,40.892157],[122.292084,40.877875],[122.278331,40.865912],[122.266124,40.858588],[122.260509,40.859809],[122.252615,40.863593],[122.24407,40.86579],[122.235362,40.862006],[122.228933,40.85574],[122.223643,40.852484],[122.216319,40.851508],[122.203868,40.851752],[122.194428,40.863308],[122.186941,40.869452],[122.180431,40.868842],[122.173595,40.861111],[122.170095,40.854926],[122.170909,40.849718],[122.177257,40.844916],[122.125499,40.825141],[122.110362,40.808539],[122.115245,40.783515],[122.144542,40.759467],[122.163992,40.750556],[122.18157,40.725287],[122.190929,40.715277],[122.242117,40.702663],[122.258474,40.693468],[122.23878,40.680487],[122.20989,40.682685],[122.165457,40.710028],[122.156261,40.701606]]]}},{"type":"Feature","properties":{"name":"Ideriyn","nameZh":"Ideriyn","scalerank":2,"featurecla":"River"},"geometry":{"type":"MultiLineString","coordinates":[[[99.982595,48.893093],[100.026541,48.900702],[100.067475,48.922675],[100.090017,48.929511],[100.13144,48.928046],[100.144786,48.929511],[100.191335,48.946967],[100.196544,48.946967],[100.217214,48.956732],[100.23821,48.95893],[100.246023,48.964464],[100.227306,48.984727],[100.240489,48.990668],[100.261322,49.005927],[100.274994,49.012071],[100.29127,49.01435],[100.344005,49.012071],[100.37672,49.016221],[100.39446,49.020453],[100.405935,49.026394],[100.413259,49.039659],[100.415131,49.05329],[100.419363,49.065497],[100.433197,49.074774],[100.451915,49.060574],[100.473074,49.059434],[100.590343,49.078152],[100.595714,49.085883],[100.596202,49.094753],[100.597748,49.101426],[100.614187,49.114203],[100.651785,49.132025],[100.6692,49.145819],[100.681733,49.159369],[100.685313,49.167548],[100.687022,49.186835],[100.688731,49.191718],[100.691905,49.196072],[100.696788,49.200751],[100.697765,49.20543],[100.689138,49.218207],[100.686534,49.224962],[100.699636,49.263129]]]}},{"type":"Feature","properties":{"name":"Han","nameZh":"Han","scalerank":6,"featurecla":"Lake Centerline"},"geometry":{"type":"MultiLineString","coordinates":[[[111.477631,32.567816],[111.465017,32.577948],[111.447846,32.581122],[111.433035,32.578803],[111.41448,32.573676],[111.389659,32.572374],[111.364757,32.574897],[111.344493,32.582546],[111.32252,32.598456],[111.269135,32.620795],[111.247976,32.635118],[111.229421,32.649359],[111.204275,32.660997],[111.158376,32.679023],[111.138764,32.689073],[111.115164,32.695014],[111.094168,32.695339],[111.045828,32.703966],[111.028575,32.715359],[111.020925,32.723904],[111.000011,32.740668]]]}},{"type":"Feature","properties":{"name":"Han","nameZh":"Han","scalerank":6,"featurecla":"River"},"geometry":{"type":"MultiLineString","coordinates":[[[106.398448,33.067694],[106.421153,33.072292],[106.434174,33.08336],[106.444021,33.096788],[106.456554,33.10871],[106.473399,33.115261],[106.665619,33.143988],[106.67628,33.142198],[106.682872,33.137274],[106.686127,33.130642],[106.69044,33.124823],[106.70045,33.122341],[106.805756,33.124376],[106.841319,33.133816],[106.864268,33.136013],[106.883556,33.131415],[106.899913,33.120307],[106.929454,33.095038],[106.980398,33.064154],[106.99464,33.05036],[107.015636,33.038398],[107.038259,33.037706],[107.058849,33.033881],[107.073416,33.012478],[107.086925,33.01911],[107.102468,33.038357],[107.11435,33.046658],[107.126557,33.04739],[107.142589,33.045966],[107.156261,33.047471],[107.16212,33.057196],[107.169688,33.076239],[107.188243,33.088935],[107.212576,33.096747],[107.261729,33.103298],[107.323253,33.101264],[107.332123,33.106635],[107.34669,33.130561],[107.357595,33.136013],[107.368582,33.134345],[107.389903,33.128526],[107.402436,33.129177],[107.420828,33.136827],[107.490245,33.187445],[107.513601,33.200873],[107.522553,33.208035],[107.534923,33.215359],[107.541921,33.208523],[107.54713,33.190619],[107.567312,33.187812],[107.623546,33.187038],[107.635265,33.180365],[107.644949,33.170722],[107.667572,33.170233],[107.711436,33.176947],[107.735362,33.177436],[107.751394,33.174018],[107.764415,33.166775],[107.779226,33.155829],[107.787364,33.168769],[107.796967,33.174831],[107.820811,33.183783],[107.832937,33.191596],[107.838308,33.197781],[107.857595,33.237616],[107.863699,33.242947],[107.875418,33.245876],[107.888682,33.243598],[107.897878,33.236029],[107.905203,33.227891],[107.912608,33.224148],[107.938975,33.219306],[107.955658,33.206407],[107.959565,33.188056],[107.942149,33.158962],[107.937266,33.146267],[107.937266,33.134385],[107.947032,33.129177],[107.955089,33.123114],[107.957612,33.108995],[107.956716,33.080756],[107.977957,33.086615],[107.995046,33.07685],[108.026134,33.046658],[108.047781,33.037055],[108.064708,33.035346],[108.081147,33.039333],[108.101329,33.046658],[108.141368,33.037665],[108.219656,33.032335],[108.258881,33.019314],[108.274994,33.005683],[108.279063,32.989325],[108.274832,32.970771],[108.265717,32.950385],[108.260346,32.942206],[108.253673,32.934434],[108.248057,32.926215],[108.245372,32.916287],[108.247325,32.905951],[108.257091,32.892279],[108.258881,32.882148],[108.252208,32.867011],[108.241466,32.852729],[108.237722,32.839423],[108.252208,32.827501],[108.259858,32.828966],[108.266124,32.836005],[108.273692,32.840522],[108.286225,32.834337],[108.29184,32.824897],[108.289806,32.816107],[108.286225,32.807685],[108.286225,32.799628],[108.312511,32.769843],[108.35255,32.749783],[108.437755,32.724473],[108.437755,32.717637],[108.428722,32.713975],[108.407237,32.709052],[108.396088,32.703966],[108.413829,32.673936],[108.416596,32.662421],[108.431895,32.669745],[108.439464,32.666449],[108.44394,32.657782],[108.450206,32.648749],[108.47169,32.633409],[108.468435,32.628974],[108.454112,32.618354],[108.448171,32.599433],[108.469737,32.582831],[108.498057,32.566921],[108.512218,32.54975],[108.52296,32.528835],[108.54835,32.518419],[108.578054,32.512641],[108.601573,32.505398],[108.615652,32.488349],[108.622081,32.48489],[108.633311,32.485867],[108.639171,32.490424],[108.644216,32.495551],[108.681733,32.504991],[108.692882,32.504177],[108.697195,32.491767],[108.758067,32.537421],[108.774018,32.566352],[108.759858,32.601589],[108.759858,32.607774],[108.770925,32.609198],[108.777843,32.61461],[108.780691,32.623562],[108.779796,32.635118],[108.78712,32.630723],[108.792898,32.62462],[108.797293,32.61697],[108.800222,32.607774],[108.812511,32.620795],[108.81894,32.618191],[108.822846,32.608751],[108.827566,32.601589],[108.842703,32.58865],[108.851573,32.586534],[108.855479,32.598171],[108.85491,32.607123],[108.855968,32.609565],[108.879405,32.607774],[108.890391,32.61168],[108.894216,32.621039],[108.896658,32.632514],[108.903331,32.642524],[108.921316,32.649034],[108.996104,32.656195],[109.00351,32.664008],[109.022472,32.700303],[109.03297,32.711453],[109.042979,32.713975],[109.064545,32.715196],[109.074474,32.717637],[109.086436,32.724473],[109.093191,32.73196],[109.097992,32.739936],[109.1338,32.783962],[109.148529,32.787869],[109.255056,32.752387],[109.298432,32.74787],[109.334565,32.758612],[109.343191,32.766872],[109.345225,32.773953],[109.346609,32.781114],[109.352061,32.789984],[109.358897,32.795966],[109.374115,32.805732],[109.383067,32.813259],[109.386974,32.822699],[109.386241,32.831732],[109.389089,32.838487],[109.403412,32.841173],[109.411794,32.844591],[109.408295,32.852607],[109.402436,32.861762],[109.403412,32.868476],[109.412852,32.867743],[109.438975,32.860419],[109.448822,32.868679],[109.514252,32.883816],[109.52589,32.892198],[109.533946,32.909451],[109.547944,32.899237],[109.55657,32.888739],[109.565684,32.88349],[109.581635,32.888943],[109.585948,32.894558],[109.589366,32.902777],[109.593842,32.910915],[109.602061,32.916287],[109.612397,32.916368],[109.618744,32.911689],[109.624522,32.906033],[109.632823,32.903266],[109.650483,32.904731],[109.66741,32.909044],[109.682384,32.916368],[109.694591,32.92654],[109.706391,32.939032],[109.718191,32.94835],[109.729503,32.949327],[109.739268,32.936794]],[[109.739268,32.929958],[109.758474,32.914984],[109.782807,32.90115],[109.8095,32.893134],[109.83546,32.895819],[109.868175,32.912909],[109.883311,32.916287],[109.898855,32.914374],[109.925141,32.900662],[109.937918,32.895819],[109.992605,32.888943],[110.003347,32.88406],[110.040294,32.86164],[110.081716,32.848171],[110.095632,32.841173],[110.103445,32.834174],[110.114838,32.818793],[110.123546,32.813259],[110.215424,32.813259],[110.237885,32.807563],[110.257091,32.796658],[110.274099,32.789862],[110.290457,32.796454],[110.299815,32.801866],[110.309988,32.804633],[110.318126,32.808458],[110.325694,32.827745],[110.33546,32.834337],[110.397634,32.858018],[110.411794,32.856065],[110.403412,32.834337],[110.418468,32.829942],[110.431733,32.832872],[110.44573,32.838324],[110.462169,32.841173],[110.477143,32.836941],[110.497162,32.817979],[110.507091,32.813259],[110.566824,32.829128],[110.591726,32.829657],[110.588959,32.807074],[110.612641,32.819363],[110.616954,32.820665],[110.625011,32.81448],[110.63087,32.798692],[110.636729,32.793402],[110.651378,32.791856],[110.705089,32.799628],[110.705089,32.807074],[110.695974,32.808214],[110.692882,32.810248],[110.690684,32.814073],[110.685313,32.820665],[110.718761,32.837999],[110.746104,32.86164],[110.796397,32.831855],[110.811534,32.827501],[110.814708,32.825019],[110.817963,32.819648],[110.824229,32.814643],[110.83546,32.813259],[110.845714,32.817247],[110.857432,32.831326],[110.866466,32.834337],[110.875255,32.832587],[110.882416,32.828233],[110.893565,32.816962],[110.902273,32.810858],[110.910248,32.811103],[110.9192,32.813341],[110.931082,32.813259],[110.938243,32.810167],[110.952159,32.801378],[110.962413,32.799628],[110.982595,32.806912],[110.993175,32.807074],[110.983653,32.798936],[110.968435,32.790717],[110.9581,32.781195],[110.962413,32.769151],[110.983165,32.752509],[110.992198,32.748236],[111.000011,32.740668]],[[111.477631,32.567816],[111.48406,32.55447],[111.492198,32.530137],[111.547944,32.48489],[111.615245,32.454454],[111.643891,32.434149],[111.665294,32.402371],[111.640717,32.367947],[111.633067,32.349311],[111.637299,32.327257],[111.646414,32.318712],[111.672862,32.303412],[111.699474,32.265163],[111.693614,32.224189],[111.72698,32.19123],[111.771983,32.162869],[111.80128,32.135443],[111.814708,32.092882],[111.827159,32.078721],[111.853038,32.07335],[111.876231,32.075995],[111.931651,32.093858],[111.953054,32.094916],[111.975597,32.091254],[111.993256,32.082831],[112.008067,32.054511],[112.026541,32.046413],[112.157807,32.034206],[112.192882,32.021999],[112.192882,31.991482],[112.185964,31.98489],[112.177745,31.981228],[112.170095,31.975857],[112.164968,31.964179],[112.16448,31.951524],[112.167735,31.93948],[112.173839,31.928534],[112.182058,31.91946],[112.217459,31.895087],[112.220225,31.883612],[112.182546,31.822374],[112.177257,31.797309],[112.195893,31.785997],[112.215912,31.779853],[112.250662,31.749457],[112.268077,31.737616],[112.336681,31.724392],[112.353608,31.713975],[112.369884,31.69245],[112.380951,31.672675],[112.406749,31.606716],[112.41684,31.592597],[112.442393,31.569688],[112.452403,31.550238],[112.450043,31.528103],[112.442556,31.505398],[112.438569,31.484402],[112.440847,31.474677],[112.450206,31.45307],[112.452403,31.443386],[112.449229,31.433539],[112.435069,31.41238],[112.431895,31.405544],[112.425385,31.386013],[112.412364,31.372992],[112.402273,31.358262],[112.404552,31.333523],[112.414806,31.318915],[112.446707,31.302191],[112.462901,31.288845],[112.487804,31.254706],[112.500499,31.24197],[112.5206,31.230496],[112.545421,31.223497],[112.560476,31.221991],[112.567556,31.215399],[112.569753,31.192939],[112.566417,31.182644],[112.551768,31.161933],[112.548432,31.151679],[112.552826,31.139472],[112.574636,31.118354],[112.582774,31.10696],[112.584239,31.086127],[112.567393,31.086249],[112.54184,31.095079],[112.517507,31.100775],[112.506765,31.089179],[112.508067,31.063015],[112.5206,31.018826],[112.533702,30.990749]]]}},{"type":"Feature","properties":{"name":"Selenga","nameZh":"Selenga","scalerank":2,"featurecla":"River"},"geometry":{"type":"MultiLineString","coordinates":[[[106.584972,52.159166],[106.566905,52.162177],[106.545421,52.168158],[106.52589,52.17829],[106.511729,52.19363],[106.507253,52.213202],[106.508067,52.23074],[106.50294,52.243354],[106.480724,52.248236],[106.470144,52.258897],[106.470307,52.282416],[106.475678,52.305854],[106.48463,52.324978],[106.49822,52.365058],[106.497325,52.383124]],[[106.584972,52.159166],[106.584972,52.159247],[106.580007,52.17475],[106.573171,52.212836],[106.564057,52.240302],[106.567393,52.248643],[106.580007,52.261298],[106.591319,52.268581],[106.603526,52.271755],[106.634695,52.27558],[106.695567,52.290595],[106.725515,52.302069],[106.751964,52.316474]],[[106.586843,52.158881],[106.584972,52.159166]],[[100.699636,49.263129],[100.73585,49.272732],[100.781505,49.272162],[100.823741,49.279608],[100.850108,49.290635],[100.874766,49.29682],[100.954845,49.302924],[101.060557,49.345567],[101.086518,49.358588],[101.0949,49.364854],[101.098074,49.370673],[101.108409,49.380316],[101.173839,49.422431],[101.198741,49.430935],[101.22047,49.429958],[101.265636,49.422431],[101.303966,49.422431],[101.309662,49.425605],[101.31129,49.434353],[101.315522,49.442979],[101.322276,49.450629],[101.33074,49.45661],[101.352957,49.463487],[101.426362,49.463446],[101.444835,49.459174],[101.515717,49.428656],[101.536143,49.42532],[101.543061,49.422431],[101.546804,49.418809],[101.548106,49.414822],[101.548595,49.411078],[101.550548,49.40823],[101.566498,49.39643],[101.57724,49.390408],[101.588145,49.387763],[102.018158,49.399929],[102.066905,49.393093],[102.112315,49.3758],[102.170421,49.345282],[102.191173,49.341091],[102.290457,49.354682],[102.460134,49.345649],[102.509532,49.354682],[102.576264,49.376817],[102.687999,49.394639],[102.711029,49.395819],[102.725597,49.392605],[102.737804,49.382921],[102.748464,49.378445],[102.760509,49.380235],[102.776947,49.389472],[102.781505,49.378119],[102.786632,49.368598],[102.793875,49.360704],[102.804454,49.354682],[102.817882,49.351915],[102.831147,49.353868],[102.841319,49.360622],[102.853526,49.390082],[102.87379,49.396023],[102.898448,49.394355],[103.062022,49.342108],[103.112804,49.334825],[103.211843,49.341091],[103.221446,49.337836],[103.234955,49.323798],[103.242931,49.320583],[103.284272,49.3192],[103.29713,49.320583],[103.3095,49.325507],[103.312022,49.331366],[103.310802,49.336859],[103.311453,49.341091],[103.322358,49.348334],[103.330333,49.350287],[103.397065,49.341091],[103.409679,49.3428],[103.441173,49.354682],[103.547537,49.361518],[103.569347,49.365994],[103.61671,49.387559],[103.887706,49.47248],[103.904552,49.48196],[103.924815,49.488308],[104.273936,49.471137],[104.312511,49.483588],[104.380951,49.526679],[104.424327,49.561062],[104.448171,49.57571],[104.473074,49.581814],[104.482188,49.585801],[104.489513,49.595242],[104.500499,49.613105],[104.510916,49.621934],[104.521983,49.627956],[104.545421,49.63703],[104.62558,49.652777],[104.643891,49.660915],[104.664154,49.67296],[104.692963,49.680854],[104.723725,49.684882],[104.795828,49.684678],[104.817882,49.689643],[104.846446,49.71015],[104.854747,49.710476],[104.864187,49.707343],[104.883393,49.704169],[104.892589,49.69953],[104.897553,49.698432],[104.903819,49.70071],[104.909272,49.705634],[104.914643,49.712714],[104.945079,49.714667],[104.958018,49.71894],[104.963145,49.729438],[104.96933,49.738471],[104.983653,49.745673],[105.011485,49.75373],[105.134695,49.755805],[105.147472,49.762763],[105.167979,49.794623],[105.186046,49.813585],[105.207123,49.823798],[105.231863,49.827948],[105.285818,49.831244],[105.41505,49.858832],[105.4345,49.871405],[105.442312,49.894232],[105.450043,49.906073],[105.468191,49.91946],[105.504405,49.938666],[105.743907,50.020128],[105.77296,50.039089],[105.798595,50.100287],[105.83074,50.122382],[105.869395,50.137315],[105.901541,50.14411],[105.943777,50.143012],[105.964773,50.14529],[106.031668,50.180365],[106.035248,50.185085],[106.045421,50.189561],[106.138601,50.24787],[106.155365,50.253974],[106.147227,50.266221],[106.134939,50.301785],[106.127615,50.312201],[106.120616,50.317816],[106.100841,50.328437],[106.091075,50.335557],[106.083263,50.343329],[106.077403,50.352403],[106.073009,50.363837],[106.073009,50.399441],[106.069835,50.404812],[106.058849,50.415595],[106.064708,50.439276],[106.081554,50.462917],[106.111827,50.477973],[106.131602,50.496772],[106.138276,50.501003],[106.150076,50.502509],[106.189545,50.514024],[106.191824,50.516913],[106.192556,50.521552],[106.1963,50.525824],[106.207042,50.527655],[106.259939,50.528347],[106.272472,50.531317],[106.282156,50.538275],[106.285492,50.553982],[106.271902,50.566107],[106.252208,50.577012],[106.236827,50.589179],[106.236095,50.620714],[106.300548,50.678534],[106.312511,50.713324],[106.300141,50.768134],[106.298839,50.791815],[106.292979,50.813422],[106.268321,50.842719],[106.264659,50.863471],[106.268647,50.874864],[106.282237,50.894843],[106.288503,50.920111],[106.302989,50.934638],[106.306244,50.942654],[106.312266,50.951239],[106.326427,50.95539],[106.354015,50.959662],[106.36378,50.966091],[106.375499,50.981635],[106.380789,50.987006],[106.404796,50.995876],[106.425792,51.000678],[106.433442,51.003852],[106.448253,51.01793],[106.460134,51.021104],[106.637625,51.044135],[106.65919,51.059027],[106.669932,51.076239],[106.677989,51.107611],[106.689871,51.123562],[106.762218,51.182481],[106.789643,51.216661],[106.804779,51.230292],[106.898204,51.270697],[106.920095,51.287909],[106.973237,51.307074],[106.991466,51.316596],[106.985037,51.334581],[106.98821,51.359483],[106.997081,51.384223],[107.008311,51.401638],[107.041026,51.417019],[107.046153,51.422146],[107.051199,51.433214],[107.062999,51.444403],[107.087169,51.459988],[107.127371,51.473741],[107.14739,51.48371],[107.155935,51.497504],[107.168956,51.505927],[107.30364,51.523139],[107.329682,51.532294],[107.340912,51.545966],[107.344005,51.551215],[107.364268,51.572943],[107.368337,51.582628],[107.366222,51.606228],[107.367686,51.617011],[107.40976,51.681098],[107.412364,51.692694],[107.438487,51.700141],[107.454845,51.717597],[107.467865,51.738227],[107.484386,51.754747],[107.52532,51.770819],[107.544932,51.782335],[107.560639,51.815619],[107.572765,51.827501],[107.573253,51.839789],[107.54713,51.857204],[107.525971,51.867499],[107.508393,51.878974],[107.496349,51.893988],[107.49171,51.915229],[107.488699,51.978339],[107.49171,51.994412],[107.497976,52.00434],[107.515391,52.02558],[107.519786,52.035346],[107.518565,52.047716],[107.507498,52.068223],[107.502859,52.088406],[107.493907,52.10224],[107.49171,52.107978],[107.48821,52.110216],[107.472992,52.13349],[107.470714,52.138373],[107.443451,52.150987],[107.417898,52.149604],[107.3921,52.142524],[107.068289,52.126166],[106.949229,52.084662],[106.932872,52.073188],[106.884776,52.06269],[106.87851,52.060004],[106.857188,52.047187],[106.847585,52.042792],[106.793875,52.036444],[106.749522,52.047797],[106.631114,52.110622],[106.597341,52.141791],[106.584972,52.159166]]]}},{"type":"Feature","properties":{"name":"Angara","nameZh":"Angara","scalerank":6,"featurecla":"Lake Centerline"},"geometry":{"type":"MultiLineString","coordinates":[[[103.374115,53.107245],[103.365815,53.14407],[103.361501,53.181749],[103.377371,53.221137],[103.40504,53.281073],[103.413178,53.340399],[103.411225,53.386583],[103.393158,53.457953],[103.367768,53.521918],[103.370209,53.563178],[103.380056,53.628689],[103.374604,53.678982],[103.34669,53.710557],[103.308442,53.756863],[103.271007,53.804958],[103.247813,53.853949],[103.231293,53.895575],[103.192312,53.942247],[103.15797,53.982449],[103.108816,54.017401],[103.047455,54.053249],[103.011648,54.101142],[102.99171,54.15001],[103.004242,54.194119],[103.028819,54.238145],[103.072765,54.280951],[103.119558,54.320095],[103.157725,54.348497],[103.201427,54.375922],[103.232921,54.39765],[103.256114,54.423163],[103.259044,54.468614],[103.25351,54.51496]],[[106.497325,52.383124],[106.489838,52.400417],[106.467459,52.416531],[106.417979,52.425482],[106.353608,52.40998],[106.267589,52.385118],[106.154877,52.338324],[106.02296,52.254014],[105.810069,52.042792],[105.682628,51.957221],[105.572032,51.902655],[105.470876,51.86282],[105.252371,51.820868],[105.031342,51.800889],[104.94337,51.811876],[104.894542,51.830186],[104.878347,51.856391],[104.866954,51.870185],[104.865733,51.871527]]]}},{"type":"Feature","properties":{"name":"Angara","nameZh":"Angara","scalerank":6,"featurecla":"River"},"geometry":{"type":"MultiLineString","coordinates":[[[104.866954,51.870185],[104.829845,51.908393],[104.816742,51.916287],[104.743907,51.939236],[104.729015,51.947211],[104.588471,52.056016],[104.545502,52.100938],[104.541515,52.106757],[104.539561,52.107245],[104.537364,52.108425],[104.533376,52.110907],[104.530528,52.112372],[104.50823,52.11994],[104.489268,52.122992],[104.484874,52.124579],[104.482188,52.126166],[104.479747,52.128363],[104.469493,52.14114],[104.452566,52.15705],[104.439464,52.174994],[104.410167,52.204779],[104.406179,52.207628],[104.360932,52.224555],[104.350352,52.226508],[104.33253,52.24079],[104.293793,52.263373],[104.280365,52.279731],[104.287852,52.29975],[104.296316,52.315253],[104.295909,52.332953],[104.288829,52.350165],[104.277354,52.364325],[104.256277,52.371202],[104.194428,52.38227],[104.181651,52.395331],[104.171397,52.399115],[104.112804,52.432563],[104.081716,52.472032],[104.062592,52.488105],[103.996104,52.500841],[103.986827,52.504584],[103.978038,52.514187],[103.975108,52.520128],[103.977306,52.544298],[103.978933,52.549425],[103.97934,52.554714],[103.976166,52.562934],[103.945567,52.600775],[103.935313,52.635565],[103.930919,52.644599],[103.920909,52.653266],[103.88087,52.678005],[103.859467,52.687079],[103.844819,52.68948],[103.812429,52.690009],[103.798595,52.693305],[103.77589,52.711127],[103.738292,52.754503],[103.716238,52.762152],[103.716238,52.768378],[103.727794,52.775824],[103.726166,52.78144],[103.719656,52.785753],[103.716238,52.789496],[103.719737,52.79796],[103.728038,52.810736],[103.72991,52.816759],[103.725108,52.848456],[103.716238,52.878241],[103.705577,52.89411],[103.691417,52.909369],[103.660818,52.933458],[103.606863,52.954169],[103.598888,52.963935],[103.575694,52.974148],[103.434581,52.99494],[103.394786,53.006415],[103.382742,53.034125],[103.381114,53.067735],[103.374115,53.107245]]]}},{"type":"Feature","properties":{"name":"Dadu","nameZh":"Dadu","scalerank":6,"featurecla":"River"},"geometry":{"type":"MultiLineString","coordinates":[[[100.070242,33.005683],[100.082937,32.992377],[100.113455,32.968329],[100.169037,32.909735],[100.190929,32.898505],[100.193777,32.887397],[100.193126,32.865058],[100.196788,32.858995],[100.215587,32.849921],[100.251394,32.824327],[100.291515,32.803168],[100.334727,32.786404],[100.371186,32.77912],[100.441987,32.726508],[100.453868,32.714545],[100.458507,32.705634],[100.488455,32.683458],[100.49822,32.669013],[100.501557,32.65587],[100.503429,32.642768],[100.508393,32.628241],[100.515717,32.620388],[100.524994,32.615017],[100.53297,32.608832],[100.536388,32.598171],[100.54184,32.586534],[100.554454,32.576524],[100.569347,32.569444],[100.595714,32.563503],[100.638682,32.539496],[100.654389,32.535753],[100.667572,32.534369],[100.679861,32.530382],[100.69337,32.51907],[100.71046,32.522732],[100.725597,32.512478],[100.740815,32.498603],[100.758556,32.491767],[100.766368,32.487494],[100.789643,32.456977],[100.793386,32.454779],[100.796804,32.455512],[100.799897,32.455349],[100.803233,32.450751],[100.805919,32.442328],[100.805675,32.4383],[100.804128,32.434394],[100.803233,32.426581],[100.805186,32.391669],[100.806651,32.385281],[100.810557,32.37519],[100.802664,32.353298],[100.803233,32.341498],[100.813487,32.336697],[100.828217,32.347357],[100.847585,32.356472],[100.871511,32.347113],[100.862804,32.331488],[100.878835,32.320909],[100.91627,32.310167],[100.925304,32.303819],[100.942882,32.295437],[100.950694,32.289659],[100.960216,32.279853],[100.965587,32.272732],[100.979503,32.24079],[100.983897,32.233018],[101.00644,32.205268],[101.0088,32.199246],[101.009369,32.186957],[101.004975,32.169053],[100.974539,32.108181],[100.970876,32.088446],[100.974539,32.03616],[100.977061,32.023871],[100.982921,32.017849],[100.990733,32.014106],[100.99879,32.008816],[101.004893,31.999579],[101.005463,31.982367],[101.009369,31.970974],[101.023936,31.957343],[101.063894,31.94835],[101.081065,31.939968],[101.16627,31.833848],[101.192149,31.814399],[101.241222,31.802191],[101.272227,31.783474],[101.286143,31.779161],[101.329275,31.78616],[101.344493,31.785997],[101.361257,31.781562],[101.391612,31.768988],[101.405854,31.765489],[101.424815,31.765082],[101.4428,31.768093],[101.455984,31.775702],[101.461192,31.78913],[101.47755,31.802924],[101.513927,31.805121],[101.551524,31.800076],[101.571056,31.792263],[101.587494,31.801581],[101.627452,31.815945],[101.646658,31.819525],[101.649506,31.816107],[101.653901,31.809353],[101.660655,31.805243],[101.670095,31.809882],[101.688894,31.828721],[101.694591,31.833197],[101.725597,31.846625],[101.830577,31.861111],[101.840912,31.852973],[101.857026,31.828803],[101.865245,31.819525],[101.87851,31.812608],[101.903087,31.806464],[101.913097,31.799628],[101.906261,31.799628],[101.933604,31.789659],[102.026378,31.710517],[102.029796,31.704047],[102.030935,31.694119],[102.02825,31.6883],[102.024425,31.685004],[102.02296,31.6824],[102.030772,31.666938],[102.050955,31.646593],[102.050304,31.635199],[102.065929,31.619574],[102.071544,31.601386],[102.078136,31.4713],[102.076752,31.453803],[102.070893,31.442084],[101.997081,31.378607],[101.98878,31.367703],[101.993337,31.351386],[102.007335,31.331],[102.024913,31.313585],[102.040294,31.30622],[102.048757,31.298448],[102.040457,31.2803],[102.016124,31.244167],[102.001069,31.202948],[101.988048,31.188788],[101.943289,31.1789],[101.924083,31.167548],[101.907237,31.151964],[101.892589,31.134874],[101.879975,31.11168],[101.874034,31.083604],[101.872081,31.015082],[101.874441,30.998399]]]}},{"type":"Feature","properties":{"name":"Xar Moron","nameZh":"西拉木伦河","scalerank":6,"featurecla":"River"},"geometry":{"type":"MultiLineString","coordinates":[[[117.208751,42.592149],[117.193614,42.593085],[117.178233,42.597927],[117.166108,42.60696],[117.160167,42.620144],[117.166596,42.63288],[117.193126,42.653591],[117.191742,42.664496],[117.187266,42.679551],[117.200125,42.691759],[117.229747,42.708848],[117.234874,42.721381],[117.236501,42.736518],[117.235932,42.767198],[117.23406,42.781928],[117.22934,42.796902],[117.213634,42.827012],[117.188243,42.873358],[117.180431,42.905097],[117.189464,42.921169],[117.208425,42.935492],[117.229747,42.962104],[117.216807,42.9831],[117.220144,43.005642],[117.235606,43.023627],[117.271495,43.033149],[117.290294,43.042548],[117.301199,43.044623],[117.359467,43.044623],[117.381847,43.051296],[117.420909,43.074408],[117.457286,43.08336],[117.500662,43.103949],[117.571707,43.149482],[117.588878,43.154486],[117.61378,43.157253],[117.681651,43.18183],[117.727794,43.191718],[117.843191,43.202989],[117.867198,43.202338],[117.91269,43.194525],[117.937592,43.195014],[117.94866,43.206081],[117.958263,43.220893],[117.980479,43.234809],[118.00587,43.245551],[118.024099,43.250759],[118.147065,43.259874],[118.167247,43.267035],[118.202403,43.284247],[118.250092,43.295722],[118.298106,43.295111],[118.447032,43.273505],[118.548595,43.274237],[118.59962,43.263739],[118.624766,43.247138],[118.6338,43.243272],[118.647634,43.242987],[118.684988,43.250759],[119.131602,43.217312],[119.181733,43.223456],[119.246023,43.252875],[119.267833,43.256944],[119.483816,43.262071],[119.620616,43.265937],[120.164236,43.380154],[120.341401,43.372504],[120.758474,43.423448]]]}},{"type":"Feature","properties":{"name":"Xiliao","nameZh":"西辽河","scalerank":6,"featurecla":"River"},"geometry":{"type":"MultiLineString","coordinates":[[[120.758474,43.423448],[120.775076,43.431667],[120.803396,43.457465],[120.819753,43.468288],[120.97462,43.516628],[121.019054,43.524482],[121.118175,43.524482],[121.127859,43.526557],[121.147634,43.535997],[121.159272,43.538153],[121.360362,43.534003],[121.408783,43.524482],[121.43214,43.51557],[121.47169,43.493964],[121.495128,43.489691],[121.50058,43.48668],[121.505463,43.480048],[121.511974,43.473497],[121.522472,43.470486],[121.574636,43.470486],[121.772634,43.442491],[121.873464,43.444932],[121.919363,43.45307],[121.963796,43.470486],[121.995046,43.490546],[122.014578,43.500067],[122.036388,43.503974],[122.053315,43.509589],[122.107839,43.544949],[122.17628,43.568671],[122.19394,43.582831],[122.25172,43.641181],[122.361501,43.7237],[122.378429,43.720282],[122.468272,43.741482],[122.540294,43.77086],[122.586192,43.7803],[122.632498,43.784491],[122.652192,43.790391],[122.687592,43.815253],[122.711029,43.819281],[122.722341,43.816433],[122.745128,43.807074],[122.7588,43.805609],[122.771007,43.808173],[122.789968,43.817247],[122.79713,43.819281],[122.944428,43.803982],[122.962413,43.7956],[122.981619,43.78144],[122.988455,43.778835],[122.996593,43.777655],[123.00351,43.774929],[123.006602,43.767768],[123.006277,43.757025],[123.007091,43.75198],[123.009369,43.747341],[123.01767,43.737087],[123.024913,43.731269],[123.033702,43.727607],[123.142507,43.703192],[123.209483,43.674831],[123.231944,43.668484],[123.226085,43.653835],[123.23463,43.648505],[123.248627,43.646308],[123.259776,43.641181],[123.266612,43.648017],[123.280284,43.642117],[123.291596,43.642768],[123.302419,43.646023],[123.314382,43.648017],[123.372813,43.641181],[123.380626,43.637966],[123.3956,43.623847],[123.418386,43.618191],[123.451671,43.599555],[123.489675,43.591376],[123.500011,43.586534],[123.509532,43.57746],[123.510753,43.571845],[123.50823,43.565701],[123.506114,43.554877],[123.510916,43.536811],[123.523204,43.51793],[123.553966,43.483466]]]}},{"type":"Feature","properties":{"name":"Songhua","nameZh":"Songhua","scalerank":6,"featurecla":"River"},"geometry":{"type":"MultiLineString","coordinates":[[[124.674571,45.450466],[124.722341,45.450466],[124.73463,45.453721],[124.755463,45.468085],[124.767345,45.470893],[124.771902,45.467597],[124.776134,45.460557],[124.780365,45.450466],[124.785574,45.450019],[124.796479,45.451117],[124.82545,45.445176],[124.84905,45.442979],[124.861095,45.444281],[124.872162,45.448513],[124.8803,45.456],[124.883393,45.467231],[124.882416,45.470323],[124.879975,45.472113],[124.877859,45.474718],[124.87672,45.480577],[124.878673,45.488349],[124.882823,45.492743],[124.887543,45.495551],[124.890229,45.498236],[124.894542,45.518663],[124.897553,45.527167],[124.903901,45.532416],[124.915294,45.532742],[124.926362,45.527615],[124.934662,45.518866],[124.93808,45.508165],[124.950857,45.494818],[124.979747,45.493435],[125.027599,45.498236],[125.041433,45.492865],[125.044037,45.488471],[125.042084,45.482245],[125.04184,45.470893],[125.043468,45.451443],[125.047293,45.444892],[125.058604,45.433132],[125.073741,45.423041],[125.079682,45.416571],[125.082042,45.405463],[125.081635,45.389838],[125.082612,45.386013],[125.088634,45.38935],[125.103119,45.395209],[125.232514,45.413682],[125.24879,45.413398],[125.2671,45.408881],[125.27589,45.404731],[125.280528,45.401475],[125.285492,45.400336],[125.295014,45.402045],[125.30071,45.406562],[125.302419,45.412665],[125.30714,45.416856],[125.321707,45.415635],[125.355968,45.40058],[125.374522,45.398383],[125.397472,45.408881],[125.411062,45.424913],[125.422374,45.46129],[125.43214,45.477118],[125.451101,45.484809],[125.473562,45.481024],[125.497488,45.4737],[125.521007,45.470893],[125.542898,45.475898],[125.603526,45.504462],[125.618663,45.508083],[125.658132,45.504462],[125.667654,45.505968],[125.687266,45.511908],[125.699148,45.511908],[125.722992,45.517646],[125.79835,45.511908],[125.810802,45.509304],[125.832612,45.498847],[125.842459,45.498236],[125.850352,45.504828],[125.870372,45.539252],[125.886974,45.556505],[125.898367,45.563666],[125.923106,45.56977],[125.926768,45.577826],[125.925141,45.597235],[125.930919,45.622178],[125.9463,45.628485],[125.968354,45.62873],[125.993907,45.635443],[125.986339,45.643988],[125.966807,45.649604],[125.959727,45.6553],[125.959239,45.668728],[125.971202,45.674872],[125.986908,45.676459],[125.997325,45.676378],[126.003022,45.680691],[126.015229,45.699408],[126.024343,45.703721],[126.038097,45.703437],[126.046641,45.701768],[126.069021,45.690701],[126.109467,45.679307],[126.151134,45.681464],[126.240245,45.696845],[126.355724,45.695746],[126.358897,45.69835],[126.377208,45.717231],[126.385265,45.723497],[126.395274,45.727729],[126.461192,45.74018],[126.483979,45.750312],[126.493663,45.768581],[126.504242,45.767646]]]}},{"type":"Feature","properties":{"name":"Vitim","nameZh":"Vitim","scalerank":7,"featurecla":"River"},"geometry":{"type":"MultiLineString","coordinates":[[[111.322683,53.975531],[111.354096,53.999823],[111.486908,54.066962],[111.538585,54.077216],[111.56544,54.07864],[111.575287,54.081895],[111.589773,54.096462],[111.599539,54.099718],[111.644216,54.102078],[111.657807,54.105902],[111.673839,54.116156],[111.690115,54.129747],[111.708507,54.14171],[111.72991,54.146837],[111.73878,54.15119],[111.744395,54.169949],[111.75058,54.17418],[111.819021,54.185248],[111.828298,54.188544],[111.835378,54.195339],[111.83839,54.206488],[111.83546,54.230414],[111.835378,54.236274],[111.84669,54.243191],[111.861257,54.244086],[111.876557,54.242784],[111.890636,54.243109],[111.906261,54.247992],[111.916433,54.254503],[111.92571,54.262397],[111.938975,54.271064],[111.950206,54.274482],[111.974864,54.275458],[111.986827,54.277208],[112.016368,54.289862],[112.027843,54.291531],[112.041596,54.290107],[112.063406,54.284451],[112.075613,54.284044],[112.085053,54.286241],[112.107188,54.294542],[112.341563,54.337999],[112.38144,54.354275],[112.404552,54.360419],[112.423432,54.361151],[112.433116,54.35517],[112.452403,54.325629],[112.445323,54.311591],[112.444835,54.290717],[112.44044,54.271796],[112.421641,54.263536],[112.40797,54.262559],[112.397472,54.259589],[112.388682,54.254421],[112.380382,54.246853],[112.36907,54.24197],[112.32252,54.243109],[112.240245,54.232733],[112.227061,54.225694],[112.223643,54.214871],[112.214854,54.205105],[112.203543,54.198065],[112.175955,54.192939],[112.169363,54.186713],[112.165619,54.177924],[112.158702,54.168036],[112.137625,54.152615],[112.091319,54.129503],[112.072195,54.116523],[111.942149,53.986151],[111.934255,53.976386],[111.931407,53.970404],[111.931651,53.951972],[111.934825,53.937445],[111.940359,53.932725],[111.941335,53.929877],[111.931651,53.920966],[111.924815,53.918972],[111.903575,53.916531],[111.897472,53.91413],[111.896007,53.908311],[111.898041,53.892605],[111.897472,53.886257],[111.870128,53.839057],[111.87322,53.831732],[111.874604,53.822699],[111.872813,53.815009],[111.86671,53.811713],[111.862885,53.807969],[111.870535,53.79975],[111.887218,53.787177],[111.899669,53.77143],[111.901866,53.75906],[111.894135,53.749701],[111.876964,53.742784],[111.914643,53.731391],[111.924815,53.722968],[111.925873,53.71251],[111.921641,53.701117],[111.921397,53.691962],[111.935313,53.688178],[111.941905,53.68476],[111.947358,53.676459],[111.951182,53.666287],[111.952647,53.657172],[111.947765,53.652655],[111.918549,53.632921],[111.873139,53.621161],[111.851736,53.610907],[111.842784,53.595079],[111.843028,53.575466],[111.840017,53.570136],[111.832286,53.561306],[111.829682,53.556912],[111.828868,53.551825],[111.829112,53.541083],[111.824799,53.537665],[111.814708,53.536811],[111.795014,53.53738],[111.741791,53.530788],[111.719249,53.519802],[111.723074,53.499823],[111.728526,53.485419],[111.717214,53.476996],[111.678315,53.462266],[111.640391,53.433417],[111.625011,53.413886],[111.627371,53.387763],[111.61671,53.363552],[111.620372,53.358588],[111.628184,53.353461],[111.634858,53.341417],[111.644135,53.317654],[111.645274,53.312527],[111.644135,53.293769],[111.647065,53.289984],[111.660737,53.286444],[111.665294,53.284125],[111.67628,53.265204],[111.681244,53.258368],[111.715587,53.230984],[111.735606,53.218533],[111.756277,53.21662],[111.781342,53.229519],[111.783702,53.233832],[111.788015,53.24669],[111.791596,53.249335],[111.800304,53.248358],[111.814708,53.243964],[111.822358,53.243191],[111.925955,53.258124],[111.950694,53.268256],[111.952647,53.284125],[111.967214,53.288438],[111.980235,53.28738],[111.992931,53.284695],[112.007335,53.284125],[112.019135,53.288194],[112.038503,53.301215],[112.065929,53.306016],[112.088878,53.315375],[112.103526,53.317654],[112.113292,53.315619],[112.139903,53.306098],[112.15504,53.303982],[112.241628,53.306098],[112.278738,53.31448],[112.292247,53.3192],[112.303966,53.325873],[112.309011,53.334744],[112.309011,53.346625],[112.310639,53.35456],[112.316742,53.360378],[112.329275,53.366034],[112.310557,53.376085],[112.297374,53.389838],[112.29713,53.403632],[112.316417,53.413845],[112.320079,53.412218],[112.330577,53.409206],[112.344005,53.406765],[112.356863,53.40705],[112.38616,53.420193],[112.397634,53.421251],[112.412527,53.41828],[112.418956,53.41295],[112.42335,53.404812],[112.431895,53.393378],[112.441417,53.384304],[112.447765,53.380805],[112.454519,53.378485],[112.466075,53.37287],[112.470632,53.372016],[112.481619,53.373643],[112.48642,53.37287],[112.487885,53.369574],[112.492198,53.356147],[112.493907,53.352403],[112.509044,53.34162],[112.628673,53.280544],[112.747488,53.242499],[112.802419,53.235704],[112.823822,53.239691],[112.82724,53.252021],[112.818126,53.269843],[112.802419,53.290351],[112.830007,53.314399],[112.891043,53.350409],[113.075206,53.427069],[113.156668,53.439032],[113.171153,53.444159],[113.216726,53.473212],[113.23349,53.479315],[113.252371,53.480292],[113.275401,53.475898],[113.300304,53.463935],[113.3095,53.462266],[113.322683,53.465155],[113.331554,53.470404],[113.339692,53.473171],[113.351085,53.468451],[113.36378,53.474962],[113.390147,53.484402],[113.402354,53.492987],[113.411794,53.496405],[113.422537,53.492255],[113.4345,53.485867],[113.446707,53.482123],[113.437429,53.502387],[113.432546,53.510199],[113.426199,53.516913],[113.434825,53.520779],[113.448416,53.524115],[113.460948,53.524766],[113.466563,53.520331],[113.469737,53.508328],[113.476736,53.499091],[113.483897,53.497016],[113.487071,53.506659],[113.496104,53.51911],[113.5171,53.528754],[113.54127,53.535102],[113.559255,53.53738],[113.617931,53.536444],[113.639578,53.538764],[113.649506,53.541287],[113.658946,53.544786],[113.707449,53.575507],[113.727306,53.58515],[113.797862,53.609565],[113.806163,53.616238],[113.795828,53.625759],[113.792735,53.629747],[113.806163,53.643175],[113.814464,53.649034],[113.827159,53.654568],[113.840587,53.658718],[113.851085,53.660264],[113.884776,53.656684],[113.898448,53.660264],[113.899506,53.662421],[113.900401,53.666571],[113.902192,53.671088],[113.905935,53.674587],[113.915619,53.678819],[113.919932,53.680203],[113.926524,53.681342],[113.965343,53.677436],[113.982188,53.681464],[113.995372,53.701239],[113.976736,53.713894],[113.972748,53.730007],[113.983409,53.74376],[114.008718,53.74962],[114.094005,53.756415],[114.117686,53.763943],[114.125255,53.770128],[114.138927,53.786689],[114.1456,53.790595],[114.160248,53.787136],[114.187999,53.768134],[114.199799,53.767035],[114.22462,53.774604],[114.277599,53.779324],[114.326101,53.790107],[114.345714,53.798163],[114.35963,53.811957],[114.364757,53.835639],[114.377533,53.843777],[114.406505,53.844102],[114.454031,53.839057],[114.480968,53.840196],[114.500662,53.844997],[114.516775,53.854438],[114.566987,53.89704],[114.588308,53.926622],[114.597341,53.934638],[114.605968,53.939154],[114.613292,53.940863],[114.619558,53.93948],[114.624766,53.934638],[114.647472,53.94477],[114.671886,53.951036],[114.724294,53.955105],[114.733409,53.957099],[114.745942,53.961859],[114.757091,53.967475],[114.761974,53.97248],[114.767345,53.981513],[114.780528,53.981879],[114.809825,53.975531],[114.8331,53.976142],[114.860037,53.980577],[114.885183,53.988593],[114.902436,53.999823],[114.944021,54.017768],[114.95753,54.019314],[114.966401,54.023464],[114.981619,54.036973],[114.983816,54.04031],[114.985444,54.047675],[114.988455,54.051296],[114.993663,54.0539],[115.004812,54.056749],[115.026947,54.067939],[115.032644,54.07628],[115.025971,54.088813],[115.023204,54.098456],[115.031261,54.106228],[115.043549,54.111436],[115.069428,54.115546],[115.080089,54.120795],[115.098399,54.133246],[115.144054,54.148383],[115.16448,54.161729],[115.172862,54.18476],[115.17921,54.210639],[115.195323,54.219672],[115.217459,54.222357],[115.24171,54.228827],[115.249115,54.234565],[115.261241,54.250108],[115.269054,54.2567],[115.281342,54.260281],[115.310557,54.262315],[115.320811,54.267279],[115.343191,54.284532],[115.49114,54.328721],[115.502452,54.335557],[115.506114,54.345079],[115.513438,54.354926],[115.51767,54.365424],[115.507742,54.388373],[115.514252,54.397284],[115.526134,54.403632],[115.53655,54.407579],[115.54835,54.410183],[115.572683,54.411566],[115.584239,54.414374],[115.618175,54.438747],[115.629405,54.442328],[115.796641,54.472357],[115.823334,54.481391],[115.860037,54.486192],[115.90919,54.499823],[115.933849,54.50377]],[[116.486827,54.500067],[116.492198,54.496934],[116.50823,54.497626],[116.516612,54.500434]]]}},{"type":"Feature","properties":{"name":"Hudi","nameZh":"Hudi","scalerank":7,"featurecla":"Lake Centerline"},"geometry":{"type":"MultiLineString","coordinates":[[[118.741791,33.094835],[118.730235,33.09573],[118.721283,33.114569],[118.719656,33.163031],[118.711518,33.201972],[118.687022,33.222927],[118.650971,33.23432],[118.590343,33.242784],[118.559255,33.225165],[118.536794,33.199083],[118.523448,33.168158],[118.507498,33.09752],[118.49879,33.073757],[118.467784,33.023017],[118.452403,33.006456],[118.428396,32.992011],[118.388601,32.976386],[118.351003,32.968085],[118.314138,32.970974],[118.289073,32.978339],[118.259695,32.998847],[118.253429,33.004828],[118.248139,33.013292],[118.223888,33.077826],[118.217052,33.105048],[118.216238,33.117051],[118.217784,33.142849],[118.220225,33.160346],[118.22047,33.164252],[118.219005,33.174425],[118.217784,33.179796],[118.214447,33.186591],[118.208751,33.193915],[118.196544,33.204861],[118.185313,33.21015],[118.177338,33.21247],[118.169444,33.213162],[118.16627,33.212266],[118.163503,33.210557],[118.160167,33.207099],[118.156993,33.19656],[118.156505,33.188666],[118.156749,33.185126],[118.156179,33.18126],[118.154552,33.179023],[118.151134,33.177558],[118.126882,33.173407],[118.077647,33.166775],[118.061615,33.163398],[118.034109,33.161078],[118.003917,33.161973],[117.979015,33.168158],[117.947276,33.169013],[117.914236,33.162462],[117.898041,33.146593],[117.894542,33.120225],[117.897634,33.095079],[117.898855,33.075141],[117.896007,33.061957],[117.888927,33.049831],[117.869314,33.040839],[117.84669,33.037136],[117.825694,33.036078],[117.783946,33.054063],[117.763601,33.054063],[117.763113,33.053738],[117.762625,33.05329]],[[119.28419,32.718288],[119.279226,32.747016],[119.278901,32.757392],[119.277761,32.779364],[119.284597,32.801215],[119.307221,32.83572],[119.325694,32.870063],[119.327078,32.899115],[119.313487,32.939765],[119.290457,32.975165],[119.288829,32.993842],[119.311534,33.006171],[119.325613,33.018663],[119.33546,33.034288],[119.337494,33.051581],[119.327078,33.066718],[119.316824,33.091173],[119.308686,33.11876],[119.293793,33.136786],[119.269216,33.148383],[119.25587,33.161811],[119.250987,33.183661],[119.230724,33.189805],[119.185557,33.170722],[119.167898,33.162462],[119.155365,33.146796],[119.141124,33.075141],[119.13323,33.063259],[119.119884,33.055447],[119.100841,33.047471],[119.055186,33.038886],[119.038178,33.037136],[119.012787,33.044298],[118.974864,33.056912],[118.944916,33.06037],[118.917084,33.055447],[118.894786,33.06212],[118.877615,33.083604],[118.860281,33.094509],[118.845876,33.095038]]]}},{"type":"Feature","properties":{"name":"Hudi","nameZh":"Hudi","scalerank":7,"featurecla":"River"},"geometry":{"type":"MultiLineString","coordinates":[[[118.743663,33.095038],[118.845876,33.095038]],[[116.521414,32.501247],[116.526541,32.509955],[116.558116,32.533311],[116.634695,32.541815],[116.646983,32.54975],[116.655772,32.561876],[116.722748,32.605577],[116.730724,32.608995],[116.736095,32.615424],[116.736339,32.628241],[116.729991,32.638536],[116.698171,32.659288],[116.690684,32.669501],[116.691824,32.67711],[116.699636,32.681912],[116.726166,32.68537],[116.727306,32.690741],[116.723643,32.69953],[116.723399,32.711453],[116.72462,32.722724],[116.723643,32.730536],[116.725841,32.73546],[116.736339,32.738105],[116.748057,32.736111],[116.752533,32.728461],[116.755056,32.718085],[116.759858,32.707709],[116.807628,32.689765],[116.812022,32.687038],[116.854991,32.648708],[116.878917,32.635525],[116.882823,32.632676],[116.896495,32.645616],[116.918224,32.658026],[116.939952,32.661729],[116.989024,32.662421],[117.010753,32.668036],[117.050792,32.685858],[117.068126,32.689765],[117.078298,32.699083],[117.085867,32.766059],[117.096283,32.803494],[117.104421,32.822292],[117.116222,32.837755],[117.137787,32.847683],[117.156505,32.847032],[117.169688,32.851345],[117.174571,32.875922],[117.172862,32.885321],[117.16684,32.904975],[117.167735,32.916287],[117.173432,32.924669],[117.191335,32.936957],[117.195079,32.940497],[117.20753,32.943874],[117.310964,32.943549],[117.408295,32.963202],[117.508474,32.971625],[117.527192,32.971137],[117.542084,32.965399],[117.57724,32.932888],[117.597585,32.92182],[117.647472,32.903266],[117.660574,32.919867],[117.677257,32.967231],[117.688487,32.985175],[117.701427,32.994412],[117.726654,33.006212],[117.740001,33.015896],[117.746755,33.02619],[117.74879,33.035997],[117.752371,33.045274],[117.763601,33.054063]],[[119.616222,32.353949],[119.601654,32.358181],[119.591319,32.357978],[119.533783,32.347602],[119.525808,32.348212],[119.518891,32.350531],[119.514089,32.355048],[119.51116,32.361274],[119.509532,32.368109],[119.509044,32.374783],[119.512543,32.396593],[119.512218,32.403917],[119.510265,32.410956],[119.503347,32.424384],[119.47877,32.456895],[119.47047,32.475409],[119.467703,32.489081],[119.471446,32.517646],[119.47169,32.53205],[119.467052,32.545518],[119.44044,32.577338],[119.434174,32.58865],[119.429617,32.600694],[119.425792,32.62169],[119.423595,32.628363],[119.415457,32.638739],[119.402924,32.646918],[119.389171,32.652777],[119.376069,32.656277],[119.36671,32.656928],[119.339366,32.652533],[119.331065,32.652859],[119.32252,32.654649],[119.314138,32.65766],[119.306733,32.661566],[119.300955,32.667304],[119.28419,32.718288]]]}},{"type":"Feature","properties":{"name":"Sanggan","nameZh":"桑干河","scalerank":7,"featurecla":"Lake Centerline"},"geometry":{"type":"MultiLineString","coordinates":[[[115.574148,40.296698],[115.574148,40.296454],[115.574229,40.296251],[115.587901,40.276435],[115.584239,40.256537],[115.589122,40.240424]]]}},{"type":"Feature","properties":{"name":"Sanggan","nameZh":"桑干河","scalerank":7,"featurecla":"River"},"geometry":{"type":"MultiLineString","coordinates":[[[112.590017,39.343614],[112.639171,39.360867],[112.701915,39.373114],[112.713634,39.377143],[112.724294,39.389757],[112.733979,39.40587],[112.74464,39.419745],[112.758311,39.425564],[112.76946,39.431952],[112.796397,39.46015],[112.806407,39.466498],[112.821544,39.467637],[112.850841,39.475043],[112.864513,39.48017],[112.872488,39.485175],[112.875906,39.489814],[112.881277,39.493191],[112.905203,39.495307],[112.917247,39.498074],[112.927745,39.503119],[112.93214,39.510932],[112.950694,39.531806],[113.023448,39.557929],[113.027761,39.576361],[113.034597,39.580756],[113.049083,39.586534],[113.055675,39.590033],[113.074474,39.607286],[113.076182,39.60989],[113.093028,39.611518],[113.108409,39.610053],[113.121349,39.612006],[113.131358,39.623562],[113.128998,39.631049],[113.130382,39.653266],[113.129649,39.660671],[113.151378,39.671576],[113.161794,39.678778],[113.188406,39.703884],[113.195567,39.714301],[113.220714,39.763495],[113.232595,39.779608],[113.272065,39.803575],[113.397065,39.854682],[113.458914,39.8664],[113.476003,39.874335],[113.494233,39.886583],[113.554779,39.912177],[113.667572,39.97956],[113.712413,39.991889],[113.73821,39.992703],[113.811697,39.985053],[113.831065,39.985785],[113.930105,40.005439],[114.024913,40.000922],[114.061941,40.003241],[114.149913,40.032904],[114.384044,40.143256],[114.387543,40.143256],[114.398529,40.142117],[114.405203,40.143256],[114.423269,40.154608],[114.575125,40.21308],[114.637299,40.252509],[114.691824,40.278347],[114.722179,40.286566],[114.750499,40.286689],[114.781749,40.277615],[114.79713,40.27501],[114.814464,40.276923],[114.908132,40.316718],[114.91684,40.318305],[114.934825,40.319363],[114.94337,40.321357],[114.951915,40.325995],[114.971934,40.344753],[114.993663,40.354926],[115.013194,40.354112],[115.03297,40.349433],[115.055186,40.347724],[115.07545,40.351426],[115.115245,40.363593],[115.135509,40.367214],[115.434093,40.35102],[115.496755,40.360867],[115.516124,40.357245],[115.530284,40.346625],[115.563487,40.312567],[115.574229,40.296251]],[[112.336925,39.165961],[112.36085,39.243028],[112.380463,39.274929],[112.418224,39.296942],[112.438569,39.296942],[112.443858,39.299831],[112.447846,39.304267],[112.452403,39.310614],[112.462576,39.313747],[112.521658,39.318142],[112.568777,39.330024],[112.590017,39.337917]]]}},{"type":"Feature","properties":{"name":"Wujia","nameZh":"Wujia","scalerank":7,"featurecla":"Lake Centerline"},"geometry":{"type":"MultiLineString","coordinates":[[[108.863292,40.914008],[108.868093,40.917019],[108.872325,40.933946],[108.861501,40.948676]],[[108.845144,40.902533],[108.740652,40.838406],[108.721446,40.819281],[108.710948,40.803778]]]}},{"type":"Feature","properties":{"name":"Wujia","nameZh":"Wujia","scalerank":7,"featurecla":"River"},"geometry":{"type":"MultiLineString","coordinates":[[[108.191742,41.203721],[108.214366,41.200059],[108.23642,41.192003],[108.354503,41.174506],[108.432384,41.184882],[108.471202,41.185126],[108.501557,41.170844],[108.515229,41.166531],[108.534923,41.165839],[108.552338,41.162299],[108.560069,41.149685],[108.565929,41.135769],[108.580333,41.13463],[108.598399,41.13878],[108.615245,41.140408],[108.615245,41.132921],[108.597097,41.124091],[108.604015,41.115058],[108.620046,41.105577],[108.637136,41.084784],[108.655854,41.078925],[108.676768,41.075141],[108.690929,41.070868],[108.683523,41.064643],[108.693777,41.058376],[108.699311,41.059394],[108.704031,41.063056],[108.711436,41.064643],[108.727468,41.063585],[108.734955,41.061835],[108.745616,41.057237],[108.762218,41.045274],[108.784272,41.000312]],[[107.95281,41.171983],[108.005056,41.187567],[108.014659,41.19241],[108.024099,41.201972],[108.032319,41.208075],[108.054698,41.214301],[108.080333,41.217841],[108.097585,41.225165],[108.094493,41.242784],[108.11907,41.241278],[108.144216,41.232001],[108.191742,41.203721]],[[107.95281,41.171983],[107.953298,41.171454]],[[108.784272,41.000312],[108.795014,40.982693],[108.80364,40.971869],[108.815359,40.965928],[108.844819,40.960883],[108.861501,40.948676]],[[108.863292,40.914008],[108.845144,40.902533]],[[107.841238,40.899604],[107.878835,40.916449],[108.026134,40.920681],[108.052257,40.925116],[108.070811,40.933783],[108.138601,41.00141],[108.154307,41.023057],[108.16269,41.042914],[108.160818,41.059638],[108.145925,41.103095],[108.142182,41.122667],[108.170095,41.195014],[108.191742,41.203721]],[[107.841238,40.899604],[107.926524,40.87995],[107.971934,40.87519],[108.103038,40.89997],[108.128673,40.910102],[108.159679,40.916815],[108.235037,40.917996],[108.262299,40.930609],[108.338145,40.999213],[108.366791,41.043891],[108.384044,41.063056],[108.410167,41.070868],[108.52589,41.070868],[108.747,41.021308],[108.77296,41.009467],[108.784272,41.000312]],[[107.682872,40.858588],[107.690684,40.907986],[107.74464,40.970771],[107.7588,41.009467],[107.745128,41.088568],[107.750499,41.118191],[107.786632,41.140408],[107.902761,41.15705],[107.95281,41.171983]],[[108.710948,40.803778],[108.67628,40.768012],[108.663666,40.748074],[108.650401,40.698757],[108.651296,40.688788],[108.671479,40.6612],[108.675548,40.65119],[108.677257,40.639472]],[[107.301687,40.681789],[107.331472,40.706732],[107.402436,40.817003],[107.432384,40.846462],[107.440522,40.863308],[107.44337,40.889675],[107.448416,40.910712],[107.474132,40.948798],[107.484386,40.968451],[107.511729,41.090644],[107.525401,41.126085],[107.548106,41.159125],[107.555919,41.179958],[107.550222,41.198106],[107.546886,41.216742],[107.573171,41.225369],[107.628998,41.229193],[107.664643,41.242621],[107.682709,41.246649],[107.704112,41.242784],[107.769542,41.201239],[107.789806,41.195014],[107.807872,41.192816],[107.847748,41.182969],[107.872,41.180732],[107.896251,41.185085],[107.917491,41.191718],[107.935313,41.191352],[107.95281,41.171983]],[[107.301687,40.681789],[107.757823,40.892524],[107.798595,40.901313],[107.841238,40.899604]],[[107.300141,40.680487],[107.301687,40.681789]],[[107.118826,40.521959],[107.110932,40.533393],[107.104584,40.54796],[107.094005,40.605414],[107.075287,40.646511],[107.062266,40.665595],[107.049571,40.673651],[107.028819,40.682685],[107.015066,40.704047],[106.997813,40.748725],[106.961925,40.799628],[106.957449,40.820746],[106.957449,40.862006],[106.958425,40.870551],[106.962576,40.887885],[106.963634,40.899604],[106.958263,40.92475],[106.934825,40.963568],[106.929454,40.985867],[106.935802,41.000596],[106.951427,41.013454],[106.971609,41.023627],[106.991466,41.030544],[107.038178,41.040229],[107.058849,41.04739],[107.076915,41.060981],[107.087576,41.075954],[107.094737,41.082465],[107.104503,41.08515],[107.11435,41.11933],[107.134939,41.139431],[107.158702,41.14171],[107.183523,41.140489],[107.20753,41.149685],[107.208914,41.158637],[107.20517,41.171251],[107.204275,41.182685],[107.214366,41.187567],[107.223399,41.189276],[107.323985,41.219794],[107.373546,41.224392],[107.437266,41.24962],[107.458507,41.25495],[107.551524,41.257636],[107.614675,41.270128],[107.666433,41.270941],[107.711029,41.255968],[107.750499,41.23078],[107.795828,41.195014]],[[107.118826,40.521959],[107.126475,40.546698],[107.141694,40.57807],[107.16448,40.601996],[107.229584,40.648505],[107.301687,40.681789]],[[107.141694,40.453925],[107.122325,40.516872],[107.118826,40.521959]],[[107.03183,40.310492],[107.035167,40.344265],[107.046316,40.381537],[107.06308,40.416815],[107.10434,40.475165],[107.118826,40.521959]]]}},{"type":"Feature","properties":{"name":"Huai","nameZh":"淮河","scalerank":7,"featurecla":"River"},"geometry":{"type":"MultiLineString","coordinates":[[[113.72047,32.416042],[113.727306,32.423448],[113.738048,32.416612],[113.746674,32.417344],[113.754893,32.421169],[113.765147,32.423448],[113.772472,32.422065],[113.796153,32.409776],[113.798432,32.422146],[113.804617,32.425727],[113.823416,32.423448],[113.825776,32.421454],[113.850678,32.409776],[113.856293,32.40294],[113.876882,32.343044],[113.878673,32.330634],[113.883067,32.318874],[113.892345,32.314561],[113.901785,32.311469],[113.905935,32.303331],[113.899099,32.285956],[113.899343,32.276679],[113.930186,32.264716],[113.943126,32.249945],[113.953624,32.241319],[113.968028,32.252143],[113.98406,32.242784],[114.003998,32.241645],[114.021007,32.249945],[114.033621,32.280829],[114.057058,32.301866],[114.062429,32.310167],[114.071788,32.36579],[114.084565,32.39704],[114.104015,32.409776],[114.102957,32.426378],[114.113373,32.44245],[114.130382,32.449815],[114.148692,32.440212],[114.158783,32.426581],[114.163259,32.422146],[114.172293,32.416042],[114.182058,32.410753],[114.193614,32.406928],[114.204682,32.406033],[114.213878,32.409776],[114.237722,32.389472],[114.310069,32.360785],[114.325694,32.348415],[114.341319,32.329901],[114.354991,32.308214],[114.364757,32.286241],[114.382335,32.292426],[114.400483,32.287706],[114.419526,32.280544],[114.44044,32.278835],[114.471283,32.294216],[114.490245,32.300482],[114.5053,32.296495],[114.521902,32.287706],[114.53655,32.292426],[114.552745,32.301703],[114.573741,32.306749],[114.585704,32.30504],[114.595225,32.302558],[114.604096,32.303046],[114.614513,32.310167],[114.622651,32.312567],[114.646902,32.309678],[114.658946,32.313585],[114.659679,32.287421],[114.678233,32.292589],[114.717296,32.31977],[114.737804,32.314236],[114.762787,32.303534],[114.787608,32.29682],[114.806651,32.303331],[114.823253,32.305854],[114.880382,32.292751],[114.899018,32.286241],[114.919688,32.274115],[114.930756,32.270819],[114.94752,32.27265],[114.958018,32.277615],[114.971772,32.292589],[114.981619,32.299913],[115.004649,32.292751],[115.033376,32.29324],[115.060557,32.298774],[115.07724,32.306749],[115.096202,32.352403],[115.108897,32.368598],[115.12558,32.35456],[115.145437,32.359402],[115.165457,32.356472],[115.182628,32.34748],[115.193858,32.334052],[115.199474,32.338446],[115.205333,32.34162],[115.211436,32.341986],[115.217459,32.337755],[115.224864,32.333808],[115.231375,32.337592],[115.237804,32.343817],[115.245128,32.347113],[115.274425,32.348212],[115.288503,32.351345],[115.348643,32.3817],[115.367198,32.397569],[115.351003,32.409776],[115.351003,32.416042],[115.361095,32.421698],[115.371349,32.423285],[115.379893,32.419623],[115.385753,32.409776],[115.392589,32.409776],[115.42628,32.434394],[115.530203,32.401068],[115.564464,32.409776]],[[115.564464,32.402371],[115.585378,32.412299],[115.60906,32.416287],[115.630951,32.413275],[115.646414,32.402371],[115.687104,32.46662],[115.693614,32.491767],[115.726085,32.481147],[115.741628,32.479112],[115.754487,32.498155],[115.768484,32.490994],[115.789806,32.470649],[115.808116,32.503282],[115.843191,32.542426],[115.884288,32.571601],[115.920014,32.574286],[115.961192,32.598944],[115.989268,32.610622],[116.002045,32.604682],[116.009695,32.590928],[116.026866,32.574734],[116.057384,32.553168],[116.076427,32.543728],[116.096121,32.530382],[116.101573,32.527859],[116.107188,32.524441],[116.111908,32.51907],[116.113292,32.512966],[116.112397,32.506619],[116.112071,32.500434],[116.12672,32.478827],[116.136974,32.457587],[116.150971,32.438666],[116.174083,32.429633],[116.242931,32.46072],[116.246674,32.477729],[116.257091,32.496405],[116.271658,32.511786],[116.28948,32.51907],[116.313731,32.512763],[116.346446,32.478583],[116.362315,32.470649],[116.377615,32.465766],[116.421316,32.443142],[116.440929,32.436469],[116.481293,32.445095],[116.505382,32.475043],[116.521414,32.501247]]]}},{"type":"Feature","properties":{"name":"Ingoda","nameZh":"Ingoda","scalerank":7,"featurecla":"River"},"geometry":{"type":"MultiLineString","coordinates":[[[111.027843,49.795844],[111.030854,49.82099],[111.039236,49.837755],[111.052257,49.849799],[111.068858,49.860663],[111.127452,49.914862],[111.169932,49.930691],[111.181407,49.94949],[111.185151,49.972032],[111.184825,49.991034],[111.181651,50.010281],[111.16155,50.065985],[111.145518,50.11286],[111.144216,50.134792],[111.150808,50.155544],[111.170095,50.190375],[111.176362,50.209174],[111.180431,50.253119],[111.186046,50.271308],[111.196707,50.287177],[111.212901,50.298896],[111.235037,50.303819],[111.292735,50.309272],[111.311534,50.31684],[111.369884,50.37519],[111.391124,50.388861],[111.397227,50.395087],[111.401947,50.406317],[111.404796,50.417833],[111.409923,50.426866],[111.438243,50.437079],[111.455089,50.452704],[111.479747,50.485053],[111.488048,50.503201],[111.489757,50.520087],[111.487234,50.556464],[111.479503,50.575548],[111.460541,50.583197],[111.437918,50.586859],[111.417572,50.594306],[111.411388,50.600775],[111.402599,50.615994],[111.397227,50.621649],[111.386648,50.626288],[111.362071,50.633124],[111.333751,50.64997],[111.282481,50.66474],[111.259939,50.676296],[111.246755,50.690619],[111.231944,50.713935],[111.226736,50.735622],[111.243256,50.745185],[111.26295,50.753241],[111.279796,50.772488],[111.301524,50.813422],[111.303315,50.823676],[111.303233,50.845893],[111.307709,50.855048],[111.317393,50.858751],[111.333914,50.861436],[111.349294,50.86168],[111.356293,50.8581],[111.368663,50.833523],[111.397227,50.835028],[111.445567,50.855048],[111.453543,50.853095],[111.475841,50.843329],[111.487234,50.840766],[111.502208,50.841376],[111.527843,50.846381],[111.554454,50.848212],[111.562999,50.851182],[111.567556,50.858344],[111.569021,50.871446],[111.574229,50.879503],[111.585948,50.884141],[111.610037,50.888536],[111.675955,50.918769],[111.695811,50.923285],[111.742198,50.9206],[111.758474,50.927924],[111.775076,50.950629],[111.785737,50.969021],[111.799083,50.986884],[111.816417,51.000434],[111.839122,51.005886],[111.895274,51.009467],[111.919444,51.015652],[111.994395,51.048936],[112.020437,51.05683],[112.073009,51.061713],[112.099132,51.067003],[112.124034,51.075792],[112.144542,51.087755],[112.145518,51.091742],[112.143565,51.104193],[112.144542,51.108262],[112.149913,51.111599],[112.160655,51.113227],[112.164968,51.115098],[112.173595,51.122016],[112.183849,51.128485],[112.194021,51.133124],[112.225597,51.138861],[112.246349,51.148749],[112.32252,51.210639],[112.357921,51.222846],[112.38616,51.240424],[112.404389,51.244981],[112.420095,51.252387],[112.431895,51.272773],[112.433686,51.283962],[112.434255,51.303494],[112.438569,51.313747],[112.445974,51.32099],[112.465912,51.330268],[112.476573,51.337592],[112.518972,51.384589],[112.534923,51.395616],[112.768972,51.471625],[112.785492,51.48196],[112.826182,51.532009],[112.844005,51.546454],[112.907644,51.576483],[112.94044,51.587714],[113.006928,51.648383],[113.04184,51.688056],[113.048839,51.700751],[113.052338,51.710964],[113.060964,51.719916],[113.0796,51.73489],[113.087169,51.746527],[113.087494,51.757188],[113.083018,51.779853],[113.081554,51.798367],[113.083263,51.803575],[113.089773,51.814032],[113.095876,51.82156],[113.120942,51.844672],[113.137625,51.878526],[113.142589,51.883165],[113.172374,51.895941],[113.18808,51.91059],[113.20224,51.928575],[113.217703,51.944037],[113.252452,51.954698],[113.359874,52.00495],[113.38087,52.011013],[113.40919,52.013251],[113.420421,52.010565],[113.433035,52.005927],[113.44573,52.003974],[113.466726,52.015245],[113.480886,52.018581],[113.495697,52.019843],[113.508067,52.019477],[113.533132,52.011054],[113.568858,51.984198],[113.593435,51.978461],[113.596202,51.974433],[113.630626,51.935655],[113.63323,51.924831],[113.634207,51.914171],[113.638438,51.903347],[113.657725,51.88703],[113.703868,51.871853],[113.723888,51.85871],[113.739268,51.84455],[113.745697,51.835883],[113.74822,51.82453],[113.745616,51.811876],[113.740489,51.803534],[113.737315,51.796251],[113.740815,51.786689],[113.759939,51.775255],[113.819428,51.76435],[113.859467,51.747423],[113.902599,51.754584],[113.926524,51.75255],[113.945242,51.742987],[113.96046,51.728298],[113.97047,51.709255],[113.974213,51.686794],[113.983165,51.671983],[114.003673,51.658637],[114.042003,51.642686],[114.056733,51.640245],[114.089854,51.638617],[114.104015,51.635281],[114.108897,51.62934],[114.112071,51.620144],[114.117279,51.61164],[114.128184,51.607937],[114.326671,51.604193],[114.347585,51.61164],[114.367931,51.623887],[114.393891,51.627875],[114.447276,51.628445],[114.484955,51.64057],[114.495616,51.642686],[114.511241,51.641628],[114.538097,51.63642],[114.553315,51.635281],[114.57545,51.639106],[114.592865,51.648505],[114.624766,51.6706],[114.636648,51.675849],[114.659679,51.681708],[114.673106,51.683661],[114.693858,51.682929],[114.70045,51.683661],[114.706554,51.686632],[114.718679,51.695502],[114.746511,51.704413],[114.763927,51.720893],[114.779877,51.739366],[114.796641,51.75255],[114.821381,51.759548],[114.896007,51.758734],[114.909434,51.756659],[114.927419,51.74726],[114.937022,51.745144],[115.046153,51.746039],[115.375092,51.792182],[115.400645,51.786689],[115.441824,51.768134],[115.464366,51.76378],[115.513764,51.775458],[115.676768,51.759467],[115.709076,51.744086],[115.759044,51.745144],[115.771658,51.743679],[115.828624,51.722439]]]}},{"type":"Feature","properties":{"name":"Olëkma","nameZh":"Olëkma","scalerank":7,"featurecla":"River"},"geometry":{"type":"MultiLineString","coordinates":[[[117.389903,53.885606],[117.537608,53.906114],[117.619884,53.906114],[117.725841,53.926296],[117.758474,53.94123],[117.786388,53.961127],[117.79835,53.981798],[117.791515,53.981798],[117.805593,53.997585],[117.84962,54.018826],[117.870372,54.033311],[117.882823,54.050727],[117.902843,54.088568],[117.920502,54.104682],[117.989268,54.13581],[118.006847,54.139472],[118.013194,54.144843],[118.021007,54.156562],[118.023529,54.16828],[118.013682,54.173651],[118.014252,54.178575],[118.026296,54.201239],[118.041921,54.222846],[118.049083,54.226101],[118.065359,54.228217],[118.090831,54.222357],[118.101654,54.224311],[118.113373,54.255927],[118.131358,54.265082],[118.153575,54.268663],[118.229747,54.270779],[118.330333,54.284735],[118.506928,54.33043],[118.563894,54.337348],[118.630382,54.358344],[118.667979,54.358588],[118.705089,54.354682],[118.721121,54.355496],[118.736257,54.358588],[118.745372,54.362494],[118.752371,54.367011],[118.759939,54.370673],[118.771007,54.37226],[118.780691,54.370144],[118.798432,54.360704],[118.808849,54.358588],[118.82545,54.361762],[118.858165,54.375841],[118.870616,54.379096],[118.888601,54.386339],[118.908214,54.4112],[118.921804,54.406358],[118.933197,54.416815],[118.935313,54.430772],[118.935639,54.446234],[118.942312,54.461005],[118.953543,54.464301],[118.966807,54.458035],[118.982432,54.454169],[119.000987,54.464708],[119.007498,54.471462],[119.024832,54.482123],[119.031505,54.483913],[119.040294,54.484809],[119.048106,54.486843],[119.051524,54.492011],[119.050792,54.510199]]]}},{"type":"Feature","properties":{"name":"Jialing","nameZh":"Jialing","scalerank":7,"featurecla":"River"},"geometry":{"type":"MultiLineString","coordinates":[[[106.881602,34.207953],[106.874766,34.197455],[106.858653,34.196234],[106.826427,34.20421],[106.779714,34.163357],[106.769054,34.15705],[106.757904,34.146999],[106.724132,34.081326],[106.698253,34.061876],[106.687511,34.049099],[106.681733,34.025458],[106.667735,34.000352],[106.6421,33.965196],[106.601492,33.946234],[106.510916,33.924669],[106.47698,33.902533],[106.435557,33.856391],[106.424083,33.834906],[106.411713,33.830024],[106.384858,33.82807],[106.376964,33.824571],[106.362071,33.807318],[106.354015,33.800727],[106.312592,33.795844],[106.306244,33.789903],[106.302989,33.778998],[106.288503,33.755805],[106.285167,33.748969],[106.276296,33.735297],[106.256114,33.739691],[106.223725,33.759141],[106.21046,33.739325],[106.209483,33.7237],[106.213878,33.707953],[106.216889,33.687812],[106.218761,33.682074],[106.22226,33.677314],[106.223888,33.672553],[106.220307,33.666693],[106.205333,33.655626],[106.203217,33.653347],[106.199311,33.651923],[106.175955,33.628852],[106.070079,33.573432],[106.045502,33.546902],[106.022227,33.51496],[106.019786,33.503119],[106.038585,33.474189],[106.044444,33.45893],[106.052419,33.423407],[106.0678,33.378974],[106.081065,33.357856],[106.097179,33.348904],[106.121755,33.345282],[106.136322,33.335761],[106.142345,33.322292],[106.141694,33.306708],[106.136241,33.288764],[106.128184,33.27497],[106.082286,33.22366],[106.068858,33.212104],[106.052419,33.204901],[106.058442,33.186103],[106.060557,33.16295],[106.056895,33.141872],[106.045502,33.129177],[106.085704,33.09101],[106.100841,33.080756],[106.072276,33.00373],[106.059255,32.985175],[105.971609,32.943793],[105.956716,32.933376],[105.953543,32.916205],[105.945079,32.909206],[105.934093,32.904853],[105.922537,32.895819],[105.914561,32.880968],[105.915538,32.870714],[105.919932,32.860216],[105.922537,32.844591],[105.924734,32.840888],[105.933686,32.830634],[105.935802,32.824083],[105.934825,32.816718],[105.930593,32.807725],[105.927175,32.782416],[105.92685,32.771064],[105.929454,32.760321],[105.935802,32.744981],[105.9192,32.746934],[105.910167,32.744452],[105.905365,32.737087],[105.901541,32.724473],[105.901541,32.686632],[105.900483,32.683783],[105.898204,32.679389],[105.895925,32.673448],[105.893077,32.656073],[105.889089,32.651801],[105.884532,32.64879],[105.881114,32.642524],[105.867442,32.591376],[105.865245,32.576483],[105.855479,32.560004],[105.853282,32.54975],[105.861339,32.507676],[105.860606,32.491767],[105.85255,32.470404],[105.836518,32.445828],[105.81544,32.427069],[105.79184,32.423448],[105.795095,32.417426],[105.802013,32.401638],[105.805431,32.395535],[105.76767,32.393093],[105.750662,32.38703],[105.737071,32.375027],[105.709076,32.31977],[105.713634,32.316759],[105.730968,32.308458],[105.737804,32.303778],[105.731375,32.297065],[105.716726,32.286241],[105.715424,32.272732],[105.717784,32.258246],[105.722667,32.245673],[105.729747,32.23786],[105.723888,32.229315],[105.723643,32.223741],[105.727143,32.219184],[105.733409,32.213975],[105.737722,32.205105],[105.731619,32.19892],[105.722585,32.194444],[105.716726,32.190701],[105.688731,32.149115],[105.711681,32.142849],[105.715424,32.12877],[105.712901,32.111029],[105.716726,32.093858],[105.707937,32.092149],[105.7046,32.089871],[105.702078,32.08629],[105.695567,32.080837],[105.70574,32.075019],[105.709239,32.06684],[105.70574,32.058661],[105.695567,32.052924],[105.701915,32.045518],[105.717052,32.037665],[105.723562,32.032416],[105.727143,32.024034],[105.72755,32.010606],[105.733409,32.002021],[105.741222,31.996853],[105.746593,31.995673],[105.749766,31.992377],[105.750662,31.980902],[105.749604,31.971381],[105.744395,31.953721],[105.743337,31.943061],[105.757742,31.950141],[105.768321,31.948432],[105.776785,31.944037],[105.784923,31.943061],[105.794037,31.947292],[105.803966,31.957628],[105.812755,31.964179],[105.820567,31.951687],[105.822846,31.940863],[105.81837,31.931342],[105.805431,31.922553],[105.839692,31.910427],[105.853282,31.908881],[105.845876,31.884711],[105.838878,31.876288],[105.825857,31.874132],[105.825857,31.867947],[105.831716,31.863715],[105.835053,31.860297],[105.835704,31.855577],[105.833425,31.84748],[105.848074,31.850287],[105.85906,31.855292],[105.869151,31.858344],[105.881114,31.854926],[105.873139,31.82335],[105.8921,31.799384],[105.921153,31.789374],[105.943289,31.799628],[105.943858,31.780463],[105.935069,31.763495],[105.933849,31.749091],[105.956716,31.737616],[105.940115,31.723578],[105.938731,31.708564],[105.948171,31.6942],[105.963145,31.6824],[105.956391,31.682929],[105.935802,31.6824],[105.94044,31.67296],[105.943289,31.669298],[105.936941,31.663886],[105.931651,31.657253],[105.928396,31.649604],[105.928803,31.641384],[105.934255,31.635443],[105.942556,31.635932],[105.951264,31.637641],[105.956716,31.635199],[105.961436,31.618516],[105.963145,31.586778],[105.97047,31.573106],[105.982595,31.582465],[105.997976,31.609158],[106.008067,31.614691],[106.052419,31.579901],[106.059255,31.568671],[106.064138,31.552354],[106.060802,31.537787],[106.042084,31.531521],[106.030691,31.525214],[106.021007,31.511339],[106.020112,31.497423],[106.035248,31.491156],[106.038097,31.483751],[106.039806,31.448513],[106.038666,31.436591],[106.024669,31.412624],[106.0206,31.400255],[106.028412,31.394965],[106.034679,31.393866],[106.048106,31.389228],[106.055919,31.388129],[106.065115,31.385199],[106.069265,31.378526],[106.070811,31.371609],[106.073009,31.367703],[106.08839,31.363471],[106.119884,31.358669],[106.134939,31.354031],[106.134939,31.347195],[106.117279,31.337917],[106.114757,31.321723],[106.12322,31.310655],[106.138276,31.316759],[106.151459,31.329454],[106.197032,31.361436],[106.208995,31.336778],[106.210704,31.330105],[106.213878,31.32628],[106.22169,31.326483],[106.230398,31.327582],[106.236827,31.326687],[106.247325,31.318712],[106.258556,31.308173],[106.267345,31.2956],[106.270925,31.281684],[106.267833,31.26789],[106.259939,31.252265],[106.250011,31.23782],[106.240489,31.227118],[106.228038,31.221137],[106.214366,31.216579],[106.211436,31.211249],[106.230479,31.203192],[106.243337,31.207139],[106.249522,31.197292],[106.253673,31.181016],[106.261241,31.165961],[106.287852,31.146552],[106.292003,31.144843],[106.296641,31.131863],[106.307546,31.130194],[106.326182,31.134874],[106.346202,31.120307],[106.346772,31.107042],[106.341319,31.094753],[106.343435,31.083075],[106.351329,31.079942],[106.361746,31.079617],[106.370697,31.077663],[106.374522,31.069688],[106.39503,31.045518],[106.378184,31.033515],[106.355968,31.030219],[106.332937,31.029486],[106.312511,31.02501],[106.325043,31.013617],[106.344656,30.998969]],[[106.33253,30.980007],[106.297537,31.003201],[106.279063,31.01142],[106.256114,31.016669],[106.255951,31.013495],[106.257823,31.004584],[106.261729,30.996161]]]}},{"type":"Feature","properties":{"name":"Yalong","nameZh":"Yalong","scalerank":7,"featurecla":"River"},"geometry":{"type":"MultiLineString","coordinates":[[[99.970225,31.628852],[100.017833,31.616034],[100.060557,31.595567],[100.090017,31.56627],[100.096934,31.545193],[100.102306,31.500596],[100.114024,31.480984],[100.140554,31.460273],[100.155528,31.453681],[100.15919,31.445868],[100.161632,31.436632],[100.165131,31.429145],[100.183116,31.416612],[100.206147,31.405707],[100.226166,31.392117],[100.234793,31.371405],[100.239268,31.349677],[100.268891,31.298774],[100.282319,31.25727],[100.291515,31.191921],[100.305186,31.150458],[100.309825,31.128038],[100.309825,31.064521],[100.306407,31.052314],[100.308604,31.040839],[100.308849,30.959255]]]}},{"type":"Feature","properties":{"name":"Shilka","nameZh":"Shilka","scalerank":7,"featurecla":"River"},"geometry":{"type":"MultiLineString","coordinates":[[[115.828624,51.722439],[115.850841,51.718207],[115.870942,51.721503],[115.889089,51.73489],[115.890636,51.741482],[115.892182,51.776435],[115.897472,51.7862],[115.909679,51.794989],[115.977794,51.825629],[116.224701,51.879584],[116.274343,51.883897],[116.375011,51.864122],[116.425304,51.862331],[116.473399,51.870551],[116.558116,51.905341],[116.701589,51.93004],[116.826752,51.981228],[116.872325,51.991523],[116.913992,51.990424],[116.927419,51.991523],[116.938243,51.995958],[116.961436,52.010199],[116.986827,52.018866],[117.0442,52.054226],[117.085134,52.072048],[117.107026,52.078437],[117.216075,52.083075],[117.242768,52.088324],[117.420909,52.156602],[117.432384,52.159247],[117.456716,52.160915],[117.468761,52.163398],[117.480072,52.169867],[117.501557,52.187201],[117.510346,52.190741],[117.535248,52.193183],[117.653819,52.219428],[117.673839,52.227566],[117.71575,52.258002],[117.738292,52.256619],[117.784109,52.238552],[117.8296,52.240749],[117.917247,52.280707],[117.962169,52.293158],[118.0171,52.296332],[118.045909,52.30329],[118.058442,52.317979],[118.072276,52.324408],[118.160737,52.327948],[118.211681,52.338568],[118.322276,52.348415],[118.334565,52.351874],[118.355398,52.369167],[118.366791,52.375759],[118.424897,52.383002],[118.481944,52.378933],[118.536062,52.381903],[118.585948,52.410468],[118.611095,52.442003],[118.62672,52.453681],[118.676199,52.465033],[118.676768,52.481391],[118.654307,52.51911],[118.650401,52.538845],[118.65797,52.550076],[118.692149,52.571234],[118.707042,52.589179],[118.736257,52.650702],[118.761811,52.684923],[118.779552,52.69892],[118.822765,52.708441],[118.844493,52.717475],[118.91684,52.76435],[118.930186,52.781562],[118.935476,52.804023],[118.939708,52.814724],[118.959076,52.828315],[118.96339,52.838446],[118.970225,52.883409],[118.975515,52.888983],[119.004405,52.910712],[119.013438,52.921169],[119.017996,52.924384],[119.02532,52.925727],[119.040945,52.924343],[119.056733,52.931708],[119.069347,52.935899],[119.080658,52.941107],[119.085704,52.94831],[119.088471,52.959418],[119.095632,52.968614],[119.141775,53.013251],[119.155528,53.031033],[119.168224,53.069119],[119.185069,53.082221],[119.223399,53.102566],[119.232921,53.11164],[119.246755,53.129584],[119.257498,53.136664],[119.269623,53.139716],[119.315929,53.1435],[119.339692,53.149604],[119.357921,53.163601],[119.373139,53.179633],[119.38795,53.191352],[119.404307,53.196153],[119.418875,53.195339],[119.433197,53.19245],[119.471121,53.19005],[119.477306,53.191352],[119.479584,53.195339],[119.483328,53.209337],[119.489838,53.214911],[119.521414,53.229112],[119.581716,53.266913],[119.630626,53.297431],[119.650076,53.313788],[119.65797,53.322781],[119.661062,53.331855],[119.663178,53.344428],[119.669037,53.351386],[119.750662,53.395046],[119.767833,53.407294],[119.789073,53.419135],[119.814382,53.421332],[119.963796,53.417182],[120.00823,53.427924],[120.045828,53.458808],[120.05128,53.46894],[120.052989,53.475531],[120.056082,53.480577],[120.066335,53.486151],[120.078298,53.489325],[120.124604,53.492987],[120.153819,53.488593],[120.203543,53.467149],[120.230235,53.458808],[120.34905,53.442247],[120.409679,53.44184],[120.463634,53.451361],[120.556651,53.485134],[120.606293,53.493232],[120.711681,53.479275],[120.758311,53.484158],[120.888194,53.513292],[120.902354,53.513454],[120.947358,53.501736],[120.96046,53.499783],[121.042898,53.51081],[121.066905,53.506619],[121.082042,53.492214],[121.085378,53.473822],[121.086192,53.455186],[121.094249,53.439968],[121.115326,53.428656],[121.137543,53.426337],[121.158702,53.430935],[121.176768,53.439968],[121.19394,53.452216],[121.200694,53.460639],[121.203298,53.4713],[121.200613,53.482733],[121.195079,53.490668],[121.192393,53.498358],[121.197195,53.508857],[121.215587,53.51557],[121.241303,53.509833],[121.285818,53.488349],[121.377371,53.416124],[121.384288,53.39997],[121.381602,53.378485],[121.376964,53.372992],[121.370128,53.368923],[121.36378,53.363796],[121.361095,53.354926],[121.366954,53.3463],[121.379893,53.346218],[121.401947,53.351833],[121.424083,53.350043],[121.44337,53.345974],[121.460867,53.337917],[121.477794,53.32392]]]}},{"type":"Feature","properties":{"name":"","nameZh":"","scalerank":7,"featurecla":"River"},"geometry":{"type":"MultiLineString","coordinates":[[[120.587006,31.128038],[120.594737,31.140815],[120.608653,31.170722],[120.621186,31.183295],[120.635834,31.19005],[120.677419,31.20128],[120.693614,31.203192],[120.725352,31.212022],[120.749115,31.232449],[120.769786,31.255235],[120.792491,31.27143],[120.777924,31.277411],[120.771495,31.278266],[120.782319,31.288926],[120.800792,31.291612],[120.840343,31.292548],[120.869314,31.308946],[120.874522,31.309638],[120.878673,31.31741],[120.88795,31.317694],[120.902354,31.313056],[120.9345,31.326036],[120.948985,31.327704],[121.00587,31.304551],[121.019786,31.305203],[121.038992,31.313056],[121.038829,31.294623],[121.036794,31.286444],[121.032725,31.278266],[121.054861,31.27497],[121.152273,31.278266],[121.164561,31.275458],[121.172293,31.268988],[121.177664,31.262071],[121.182872,31.257839],[121.205089,31.256537],[121.224864,31.261746],[121.243337,31.264187],[121.261729,31.254706],[121.282156,31.24018],[121.302745,31.233832],[121.340587,31.230496],[121.384532,31.218777],[121.406749,31.219062],[121.424571,31.246039],[121.444591,31.247667],[121.492117,31.244167],[121.507823,31.246894],[121.530772,31.25373],[121.551362,31.265163],[121.560313,31.281684],[121.555675,31.308539],[121.544037,31.325385],[121.511811,31.354031],[121.504893,31.362128],[121.500499,31.369818],[121.501882,31.378119],[121.511811,31.388129]]]}},{"type":"Feature","properties":{"name":"Yongding","nameZh":"永定河","scalerank":7,"featurecla":"River"},"geometry":{"type":"MultiLineString","coordinates":[[[115.589122,40.240424],[115.597992,40.221869],[115.605479,40.192654],[115.612315,40.180203],[115.621349,40.174628],[115.653819,40.162136],[115.663503,40.159735],[115.666596,40.156806],[115.667491,40.14997],[115.666921,40.13581],[115.669932,40.133612],[115.685069,40.126899],[115.690684,40.122423],[115.696869,40.106391],[115.693614,40.07807],[115.700857,40.063503],[115.720307,40.074001],[115.733653,40.075507],[115.76588,40.070909],[115.776378,40.063422],[115.781668,40.04739],[115.79005,40.032742],[115.810151,40.029364],[115.808116,40.025824],[115.803396,40.016303],[115.812918,40.019843],[115.819835,40.021104],[115.82545,40.019965],[115.831472,40.016303],[115.840017,40.016913],[115.861501,40.02143],[115.872325,40.022528],[115.883311,40.019477],[115.90504,40.005805],[115.916596,40.002712],[115.930431,39.996853],[115.972667,39.973334],[115.981537,39.9713],[115.985037,39.975043],[116.005789,40.002712],[116.016531,39.998358],[116.024506,39.979112],[116.033295,39.974718],[116.04184,39.977891],[116.047862,39.992051],[116.053966,39.995225],[116.06544,39.990912],[116.070242,39.981553],[116.072032,39.972195],[116.111908,39.90644],[116.124929,39.893866],[116.19044,39.854193],[116.205984,39.839708],[116.219249,39.822618],[116.22934,39.803412],[116.230724,39.78795],[116.229747,39.748358],[116.236095,39.735175],[116.215831,39.700303],[116.204845,39.659491],[116.202566,39.617011],[116.2081,39.57685],[116.224701,39.53559],[116.249522,39.505683],[116.317393,39.460801],[116.335541,39.453192],[116.386241,39.442003],[116.410167,39.440294],[116.433442,39.442247],[116.447032,39.447292],[116.458751,39.453884],[116.475597,39.460801],[116.502045,39.464545],[116.598155,39.448106],[116.611501,39.434394],[116.62322,39.418524],[116.640717,39.406195],[116.648448,39.404975],[116.666026,39.406521],[116.674327,39.406195],[116.681814,39.403591],[116.694753,39.395616],[116.701589,39.392524],[116.749034,39.380316],[116.763682,39.378852],[116.879649,39.385077],[116.895437,39.383409],[116.934255,39.371446],[116.948985,39.359971],[116.954845,39.357123],[116.984386,39.35753],[116.992442,39.354071],[117.033621,39.33043]]]}},{"type":"Feature","properties":{"name":"Hai","nameZh":"海河","scalerank":7,"featurecla":"River"},"geometry":{"type":"MultiLineString","coordinates":[[[117.033621,39.33043],[117.045828,39.326687],[117.063487,39.308661],[117.078298,39.303168],[117.078298,39.296942],[117.07252,39.29088],[117.072358,39.283962],[117.077078,39.276638],[117.085867,39.268988],[117.07252,39.254828],[117.078054,39.241767],[117.105724,39.221259],[117.121104,39.205593],[117.160167,39.152371],[117.215587,39.10456],[117.232188,39.093207],[117.290619,39.077216],[117.307872,39.069892],[117.31544,39.064887],[117.323253,39.051866],[117.333995,39.05211],[117.345632,39.055487],[117.352631,39.056708],[117.360281,39.049994],[117.371023,39.032823],[117.376231,39.029486],[117.388601,39.02851],[117.420909,39.021999],[117.43214,39.023383],[117.439545,39.026882],[117.447032,39.027045],[117.467377,39.012966],[117.50351,39.001532],[117.513764,39.004096],[117.523448,39.003607],[117.533946,38.998358],[117.54184,38.996405],[117.55364,38.996365],[117.566742,38.994696],[117.578624,38.98786],[117.598399,39.014024],[117.624034,39.007676],[117.651296,38.993272],[117.674815,38.995307],[117.679698,38.99018],[117.688975,38.988796],[117.708995,38.981024]]]}},{"type":"Feature","properties":{"name":"Di’er Songhua","nameZh":"Di’er Songhua","scalerank":8,"featurecla":"River"},"geometry":{"type":"MultiLineString","coordinates":[[[126.500987,43.915554],[126.494884,43.916042],[126.477631,43.91413],[126.473074,43.915554],[126.47226,43.921332],[126.474864,43.926296],[126.478038,43.929307],[126.47991,43.929145],[126.482921,43.934882],[126.488048,43.949001],[126.490001,43.963487],[126.483653,43.97016],[126.475352,43.980902],[126.459402,44.045233],[126.453543,44.051378],[126.43214,44.06627],[126.408214,44.09988],[126.394216,44.109442],[126.401785,44.13113],[126.418468,44.154364],[126.43214,44.168728],[126.467703,44.197577],[126.481863,44.212714],[126.493663,44.23078],[126.469493,44.242458],[126.455577,44.262274],[126.457286,44.283474],[126.47991,44.29914],[126.467296,44.314521],[126.458425,44.332099],[126.455984,44.349392],[126.46282,44.363959],[126.469819,44.37519],[126.472667,44.387315],[126.47405,44.398139],[126.476492,44.405219],[126.478038,44.414252],[126.468354,44.4206],[126.445811,44.428778],[126.442475,44.429023],[126.437511,44.428575],[126.43157,44.429958],[126.425304,44.435614],[126.427419,44.436957],[126.429779,44.443386],[126.431651,44.451117],[126.43214,44.456122],[126.430186,44.461249],[126.427419,44.465399],[126.425548,44.469997],[126.425304,44.47663],[126.43214,44.493964],[126.432384,44.508083],[126.431163,44.51203],[126.42628,44.513943],[126.41505,44.521918],[126.408946,44.530544],[126.403738,44.549872],[126.39796,44.55976],[126.38323,44.568956],[126.365164,44.575222],[126.349864,44.584784],[126.337332,44.618516],[126.288829,44.668402],[126.268321,44.696357],[126.22755,44.704535],[126.22047,44.706855],[126.214773,44.713446],[126.201427,44.716376],[126.175548,44.716824],[126.161143,44.720811],[126.160655,44.730414],[126.16505,44.741889],[126.165945,44.751573],[126.135753,44.773057],[126.084239,44.785183],[126.028738,44.788845],[125.98642,44.785102],[125.940684,44.773464],[125.920421,44.778388],[125.911794,44.802436],[125.901947,44.817491],[125.878673,44.831732],[125.851085,44.842475],[125.828868,44.847195],[125.813569,44.845038],[125.805593,44.846706],[125.794688,44.8546],[125.786225,44.864447],[125.772472,44.88703],[125.741628,44.92418],[125.728445,44.934597],[125.706554,44.943386],[125.682872,44.949286],[125.670339,44.950629],[125.658132,44.94953],[125.648936,44.943956],[125.634288,44.926093],[125.616791,44.917996],[125.59669,44.899237],[125.586192,44.894965],[125.534597,44.888129],[125.493663,44.888129],[125.480561,44.890163],[125.452078,44.899115],[125.438731,44.90115],[125.429454,44.899848],[125.419363,44.896308],[125.409679,44.891181],[125.401134,44.884711],[125.393077,44.882758],[125.368175,44.887478],[125.356456,44.888129],[125.345225,44.884792],[125.33782,44.879462],[125.330984,44.873236],[125.321707,44.867621],[125.310151,44.864529],[125.2671,44.86876],[125.247976,44.873887],[125.236339,44.875067],[125.224539,44.872748],[125.212006,44.868109],[125.198822,44.86518],[125.185151,44.867621],[125.149018,44.930487],[125.14088,44.939968],[125.099701,44.943386],[125.09433,44.948676],[125.075857,44.98371],[125.046153,45.017849],[125.009939,45.043647],[124.931814,45.087348],[124.917084,45.098741],[124.87322,45.145372],[124.863699,45.152655],[124.85377,45.156277],[124.828217,45.161811],[124.816824,45.166368],[124.787852,45.182318],[124.741303,45.201687],[124.729747,45.217637],[124.725841,45.247748],[124.727143,45.252143],[124.730154,45.25788],[124.733653,45.262763],[124.736095,45.264919],[124.740815,45.267849],[124.739024,45.274482],[124.732595,45.285346],[124.726329,45.308214],[124.725841,45.318061],[124.732595,45.326361],[124.722179,45.339464],[124.687999,45.371039],[124.678315,45.386257],[124.668956,45.419989],[124.651296,45.447943]]]}},{"type":"Feature","properties":{"name":"Huang","nameZh":"黄河","scalerank":3,"featurecla":"River"},"geometry":{"type":"MultiLineString","coordinates":[[[99.999115,33.675645],[100.015636,33.663601],[100.013764,33.663845],[100.015636,33.657335],[100.019135,33.648953],[100.022472,33.643134],[100.048269,33.618354],[100.053152,33.61518],[100.064138,33.610907],[100.070567,33.601508],[100.074962,33.592108],[100.080089,33.587917],[100.124929,33.581651],[100.148692,33.573594],[100.158946,33.574246],[100.16684,33.578681],[100.171397,33.585557],[100.174083,33.591905],[100.175955,33.594672],[100.187266,33.599473],[100.226166,33.623358],[100.237804,33.632514],[100.280691,33.677314],[100.288666,33.691514],[100.286143,33.706488],[100.27589,33.719835],[100.263438,33.732611],[100.254649,33.746161],[100.240896,33.738715],[100.245616,33.760321],[100.267182,33.761908],[100.316742,33.746161],[100.323334,33.757595],[100.357839,33.756415],[100.375011,33.762559],[100.404796,33.786933],[100.421641,33.796739],[100.436697,33.800727],[100.449148,33.806098],[100.479991,33.829535],[100.498546,33.834906],[100.516775,33.837714],[100.564952,33.854804],[100.58074,33.865302],[100.604503,33.889187],[100.632091,33.910468],[100.663992,33.925564],[100.700206,33.930487],[100.766043,33.928168],[100.782237,33.924262],[100.791026,33.912706],[100.801524,33.893826],[100.814545,33.879828],[100.830577,33.883328],[100.836518,33.861518],[100.850352,33.833564],[100.869884,33.807969],[100.8921,33.79328],[100.896983,33.799831],[100.898204,33.802802],[100.899506,33.806952],[100.903901,33.789618],[100.912039,33.78559],[100.920421,33.787136],[100.926199,33.786444],[100.930186,33.77794],[100.928722,33.770941],[100.922374,33.764919],[100.912527,33.759141],[100.958995,33.738064],[100.97991,33.737494],[100.995697,33.751736],[100.99464,33.742743],[100.996104,33.733466],[101.000662,33.726589],[101.009369,33.725043],[101.016531,33.7296],[101.019542,33.73782],[101.021495,33.74726],[101.034434,33.771755],[101.034434,33.791083],[101.028331,33.809841],[101.019054,33.824327],[101.015636,33.831366],[101.01474,33.84044],[101.015636,33.858507],[101.018321,33.871934],[101.025483,33.876899],[101.034597,33.87698],[101.043468,33.875841],[101.063975,33.863796],[101.074229,33.861599],[101.10255,33.862576],[101.111827,33.861599],[101.139089,33.844428],[101.182872,33.786078],[101.236257,33.75963],[101.260753,33.732123],[101.288178,33.711371],[101.323334,33.718207],[101.335541,33.708197],[101.356619,33.703721],[101.376557,33.69713],[101.385509,33.680691],[101.389659,33.676622],[101.399099,33.677843],[101.408376,33.682196],[101.417735,33.694525],[101.42921,33.692165],[101.442963,33.686632],[101.454275,33.684109],[101.46282,33.687323],[101.483897,33.700385],[101.495372,33.704535],[101.508718,33.704779],[101.54005,33.697781],[101.545502,33.694525],[101.563406,33.680447],[101.574229,33.677273],[101.586029,33.675808],[101.606619,33.670193],[101.618907,33.669786],[101.687022,33.682318],[101.737315,33.683458],[101.753673,33.680243],[101.766775,33.672065],[101.820323,33.625067],[101.837576,33.605984],[101.844737,33.584784],[101.851736,33.572943],[101.8838,33.54621],[101.892589,33.526435],[101.891124,33.517524],[101.887625,33.507514],[101.885753,33.497423],[101.889171,33.488552],[101.974539,33.40351],[102.009288,33.376288],[102.052257,33.354356],[102.09669,33.339911],[102.165538,33.333197],[102.174327,33.334581],[102.183197,33.340522],[102.202078,33.358222],[102.211518,33.361925],[102.221121,33.369737],[102.256358,33.413153],[102.266531,33.419013],[102.288992,33.416083],[102.321381,33.406602],[102.333507,33.41352],[102.343191,33.411648],[102.349294,33.40644],[102.35198,33.40351],[102.361257,33.404324],[102.375499,33.408271],[102.385916,33.409735],[102.439382,33.448513],[102.461843,33.457546],[102.458995,33.461493],[102.454194,33.471788],[102.467296,33.469916],[102.471202,33.468695],[102.476085,33.464952],[102.481619,33.464952],[102.465343,33.486274],[102.458507,33.498725],[102.454194,33.512763],[102.452729,33.523261],[102.453298,33.535509],[102.45989,33.541571],[102.476085,33.533271],[102.481619,33.540066],[102.423432,33.576239],[102.413259,33.577948],[102.402599,33.594021],[102.355724,33.60932],[102.345144,33.625759],[102.341889,33.632025],[102.327729,33.646104],[102.324474,33.653347],[102.326427,33.676134],[102.331391,33.697781],[102.336518,33.709174],[102.341889,33.717312],[102.342865,33.725124],[102.334727,33.735622],[102.327403,33.734483],[102.317393,33.726386],[102.304861,33.720242],[102.290457,33.725043],[102.298106,33.734402],[102.305919,33.739936],[102.314545,33.744656],[102.324474,33.751736],[102.314138,33.767442],[102.299327,33.780707],[102.280772,33.789903],[102.259776,33.79328],[102.247081,33.797553],[102.243744,33.806952],[102.248464,33.816352],[102.259776,33.820624],[102.263927,33.826036],[102.257253,33.837999],[102.194347,33.919257],[102.166515,33.945828],[102.132823,33.965196],[102.109955,33.953721],[102.069591,33.968451],[102.050304,33.957831],[102.027192,33.979071],[101.98642,34.000271],[101.943451,34.010565],[101.913097,33.999376],[101.858409,34.03974],[101.829845,34.052069],[101.816417,34.060167],[101.803233,34.075059],[101.785085,34.066189],[101.759532,34.072699],[101.737315,34.088813],[101.72877,34.108588],[101.718435,34.103298],[101.714773,34.10578],[101.712576,34.111518],[101.707612,34.116034],[101.680919,34.12226],[101.646983,34.135932],[101.635753,34.145209],[101.639252,34.15705],[101.630789,34.166042],[101.621755,34.171454],[101.614757,34.178249],[101.611339,34.191189],[101.569591,34.208075],[101.529389,34.218451],[101.517019,34.219306],[101.496104,34.218044],[101.488455,34.218451],[101.480479,34.221625],[101.472748,34.226264],[101.46339,34.230333],[101.425385,34.234239],[101.365001,34.252631],[101.334239,34.256537],[101.323334,34.259467],[101.314952,34.26496],[101.307872,34.27204],[101.299246,34.27794],[101.286143,34.280544],[101.279714,34.283637],[101.265717,34.297309],[101.255789,34.300401],[101.242686,34.299994],[101.233979,34.300727],[101.22934,34.305609],[101.226573,34.327826],[101.222341,34.335273],[101.215017,34.339789],[101.204194,34.341376],[101.197276,34.34516],[101.195567,34.354438],[101.195811,34.36579],[101.194265,34.376166],[101.196056,34.383816],[101.196381,34.38996],[101.194265,34.396023],[101.19044,34.396918],[101.177745,34.395087],[101.173839,34.396023],[101.165701,34.406358],[101.164073,34.410956],[101.165294,34.415839],[101.166433,34.427354],[101.163992,34.443223],[101.149018,34.481635],[101.139659,34.49962],[101.060557,34.505886],[101.052175,34.509304],[101.042491,34.524197],[101.03297,34.527615],[101.020518,34.530097],[101.014089,34.535915],[101.009044,34.542304],[101.001964,34.54682],[100.950694,34.546942],[100.928966,34.551825],[100.919932,34.571641],[100.91684,34.595771],[100.908702,34.613878],[100.885834,34.649848],[100.870616,34.708808],[100.861339,34.718126],[100.835867,34.714911],[100.817556,34.706651],[100.782237,34.684597],[100.763438,34.677843],[100.742931,34.673692],[100.696788,34.670966],[100.674815,34.675727],[100.635671,34.692898],[100.618256,34.691474],[100.573985,34.739814],[100.559093,34.745307],[100.539561,34.758083],[100.522553,34.772773],[100.515229,34.783962],[100.49464,34.805487],[100.447195,34.818956],[100.354503,34.827989],[100.336355,34.833848],[100.327729,34.848253],[100.316742,34.883246],[100.309255,34.892157],[100.2942,34.906928],[100.288666,34.917344],[100.285818,34.929389],[100.288666,34.958319],[100.285818,34.984565],[100.278331,34.999376],[100.254649,35.027208],[100.249034,35.04621],[100.249034,35.089219],[100.240896,35.109198],[100.247651,35.13288],[100.247162,35.173611],[100.238455,35.214911],[100.22047,35.240668],[100.230235,35.253852],[100.241954,35.26203],[100.253347,35.26793],[100.261974,35.274766],[100.272227,35.289496],[100.271251,35.295437],[100.248464,35.302069],[100.2199,35.316433],[100.205333,35.330634],[100.203705,35.349799],[100.214285,35.378445],[100.193126,35.370958],[100.191173,35.402289],[100.168386,35.428656],[100.142345,35.450222],[100.131114,35.466579],[100.135916,35.472113],[100.154796,35.479438],[100.158946,35.483954],[100.15797,35.507839],[100.158946,35.51496],[100.166433,35.532782],[100.174815,35.542344],[100.199962,35.562812],[100.207612,35.574042],[100.240652,35.661689],[100.282481,35.723944],[100.295828,35.751288],[100.296153,35.771674],[100.337169,35.771674],[100.348399,35.774766],[100.360444,35.790961],[100.371186,35.798407],[100.390554,35.800564],[100.411225,35.795722],[100.447032,35.77912],[100.442556,35.800849],[100.444347,35.818183],[100.455089,35.829657],[100.477794,35.833767],[100.497081,35.841579],[100.529226,35.877875],[100.543061,35.888983],[100.554698,35.890448],[100.579275,35.888007],[100.590912,35.888983],[100.601085,35.893866],[100.617931,35.906358],[100.628835,35.908881],[100.637787,35.913113],[100.638927,35.922471],[100.638276,35.931912],[100.6421,35.936143],[100.704112,35.975898],[100.72047,35.989081],[100.72755,36.001288],[100.727631,36.03144],[100.730886,36.052802],[100.74171,36.070868],[100.815929,36.13227],[100.842377,36.140082],[100.900971,36.132758],[100.938406,36.139757],[100.9581,36.140245],[100.992686,36.132636],[101.004893,36.132432],[101.012706,36.134589],[101.029796,36.142279],[101.038015,36.144843],[101.064138,36.14643],[101.0796,36.139675],[101.087576,36.124538],[101.091807,36.100898],[101.105479,36.100938],[101.135183,36.115587],[101.150645,36.119574],[101.16627,36.118476],[101.179861,36.113593],[101.189057,36.103787],[101.191173,36.087592],[101.205496,36.086127],[101.234386,36.092475],[101.249604,36.093207],[101.262136,36.091173],[101.273692,36.087958],[101.327078,36.061591],[101.358816,36.053494],[101.392019,36.051093],[101.427257,36.052924],[101.456472,36.057725],[101.478526,36.065945],[101.631277,36.153998],[101.653819,36.173774],[101.666433,36.181586],[101.681082,36.185655],[101.697195,36.184353],[101.782725,36.146064],[101.789236,36.144965],[101.811941,36.146348],[101.826589,36.144395],[101.839936,36.140652],[101.852306,36.134345],[101.905772,36.088406],[101.913097,36.086982],[101.912852,36.068427],[101.958425,36.053249],[101.947765,36.038601],[101.985606,36.020819],[102.016124,35.991563],[102.036632,35.956122],[102.044037,35.919379],[102.048106,35.912299],[102.066498,35.894721],[102.07073,35.885281],[102.071788,35.864122],[102.073985,35.855251],[102.078136,35.847439],[102.098888,35.830146],[102.121511,35.827094],[102.163585,35.833767],[102.182384,35.840155],[102.225597,35.868272],[102.246104,35.874701],[102.345144,35.874701],[102.41741,35.887722],[102.441498,35.887763],[102.458425,35.882921],[102.489187,35.866889],[102.506277,35.86168],[102.554861,35.857042],[102.604584,35.842108],[102.636485,35.83865],[102.704845,35.839464],[102.716807,35.837348],[102.725597,35.833197],[102.735037,35.830349],[102.749766,35.831977],[102.759532,35.83751],[102.787201,35.859931],[102.837332,35.860663],[102.858897,35.85696],[102.872569,35.846259],[102.899506,35.84988],[103.009207,35.825792],[103.116466,35.778184],[103.133311,35.781114],[103.138194,35.791612],[103.149832,35.798041],[103.164236,35.803656],[103.18629,35.817084],[103.196788,35.820339],[103.219005,35.822333],[103.22934,35.825507],[103.244558,35.839667],[103.253184,35.842841],[103.26767,35.845974],[103.28712,35.853827],[103.30421,35.863878],[103.311453,35.873847],[103.317312,35.885199],[103.359304,35.911689],[103.270518,35.938422],[103.263682,35.941718],[103.250255,35.952012],[103.242931,35.955675],[103.235932,35.956855],[103.221934,35.95661],[103.215261,35.957465],[103.203624,35.961453],[103.194021,35.967393],[103.188731,35.976508],[103.189138,35.989773],[103.194021,35.999335],[103.202403,36.007107],[103.220714,36.020575],[103.250418,36.055487],[103.261322,36.065619],[103.392345,36.131049],[103.422944,36.156073],[103.424734,36.161566],[103.430675,36.165839],[103.446788,36.184638],[103.454845,36.18891],[103.492768,36.184923],[103.502615,36.182074],[103.515147,36.169786],[103.541026,36.134223],[103.554454,36.126817],[103.574636,36.130316],[103.610444,36.145209],[103.634288,36.147895],[103.646251,36.146511],[103.654552,36.143337],[103.667735,36.133653],[103.695567,36.103868],[103.698416,36.098904],[103.748953,36.094672],[103.876475,36.064643],[103.921804,36.060981],[104.012787,36.071967],[104.034679,36.078477],[104.043956,36.088935],[104.045421,36.110053],[104.044688,36.121934],[104.040701,36.123725],[104.047944,36.136501],[104.041433,36.14289],[104.023367,36.147895],[104.018647,36.182237],[104.047944,36.205024],[104.090912,36.22309],[104.126964,36.243516],[104.132335,36.251044],[104.140147,36.277045],[104.157237,36.299994],[104.191498,36.335273],[104.232595,36.368354],[104.259532,36.378689],[104.317312,36.382595],[104.345144,36.390326],[104.364268,36.404364],[104.399018,36.439399],[104.420014,36.450507],[104.445323,36.454128],[104.469819,36.455024],[104.493907,36.459662],[104.517589,36.474677],[104.546153,36.503445],[104.559093,36.51081],[104.592784,36.52143],[104.607921,36.528998],[104.620046,36.542548],[104.631358,36.564154],[104.638927,36.571641],[104.652761,36.579169],[104.684825,36.58865],[104.694916,36.592963],[104.710378,36.606024],[104.713796,36.620795],[104.709239,36.664618],[104.711436,36.669745],[104.716075,36.674831],[104.720714,36.681708],[104.722992,36.692247],[104.719168,36.697333],[104.691905,36.718451],[104.684093,36.721625],[104.681244,36.723334],[104.677175,36.728461],[104.672537,36.73904],[104.668224,36.74376],[104.612804,36.772569],[104.604747,36.792182],[104.600027,36.81505],[104.592459,36.833116],[104.579112,36.839179],[104.560802,36.841579],[104.544363,36.847235],[104.537364,36.863308],[104.527843,36.871934],[104.482026,36.884304],[104.466238,36.890896],[104.44752,36.894884],[104.408702,36.882025],[104.401378,36.890896],[104.393077,36.905829],[104.373953,36.907742],[104.335948,36.900824],[104.330007,36.909857],[104.328705,36.930528],[104.337494,37.006781],[104.332123,37.019843],[104.305186,37.055935],[104.298432,37.067247],[104.298595,37.079657],[104.305186,37.100043],[104.317149,37.122626],[104.328298,37.127794],[104.341726,37.127794],[104.359793,37.134833],[104.351329,37.141425],[104.338796,37.147895],[104.325613,37.152696],[104.305919,37.157009],[104.306163,37.162299],[104.311046,37.16824],[104.31544,37.17239],[104.323985,37.17654],[104.332286,37.174425],[104.339773,37.170478],[104.346121,37.168972],[104.406749,37.194688],[104.438975,37.203437],[104.469656,37.195665],[104.492686,37.208564],[104.578217,37.324083],[104.603119,37.339667],[104.627208,37.343695],[104.678966,37.344102],[104.696218,37.349433],[104.728282,37.366034],[104.745616,37.371121],[104.800955,37.37169],[104.819021,37.377875],[104.83253,37.38821],[104.843435,37.399115],[104.856944,37.407823],[104.877452,37.411404],[104.919363,37.407823],[104.938731,37.408515],[104.95696,37.415391],[104.992605,37.44245],[104.997162,37.452663],[104.995535,37.463324],[104.993663,37.469509],[104.997325,37.473253],[105.011485,37.476833],[105.020112,37.473741],[105.041515,37.456855],[105.052419,37.453559],[105.063243,37.457099],[105.08546,37.469997],[105.096202,37.472724],[105.102061,37.474962],[105.111095,37.484809],[105.11671,37.487006],[105.122976,37.485907],[105.132253,37.481269],[105.137218,37.48017],[105.150971,37.481269],[105.174897,37.485907],[105.188487,37.487006],[105.198171,37.485867],[105.218354,37.48078],[105.229991,37.48017],[105.243256,37.4831],[105.261811,37.492458],[105.274669,37.494452],[105.547862,37.497626],[105.573253,37.500678],[105.62794,37.524522],[105.69394,37.53559],[105.78419,37.568874],[105.857921,37.578721],[105.876069,37.586046],[105.889089,37.598822],[105.917979,37.642279],[105.94044,37.688015],[105.943289,37.695868],[105.946056,37.712429],[105.958995,37.753038],[105.963145,37.774441],[105.961843,37.805976],[105.963145,37.815985],[105.975597,37.842475],[105.977306,37.854193],[105.992686,37.885037],[106.029063,37.922227],[106.071056,37.95364],[106.104015,37.966864],[106.121511,37.971462],[106.139578,37.98253],[106.1692,38.007758],[106.18214,38.022773],[106.202729,38.058295],[106.220632,38.082302],[106.223562,38.091824],[106.223725,38.113959],[106.226329,38.127468],[106.232351,38.136908],[106.239187,38.144395],[106.244151,38.151801],[106.247,38.16059],[106.248464,38.175971],[106.250418,38.185899],[106.270925,38.223822],[106.278087,38.233262],[106.40797,38.36225],[106.49879,38.411729],[106.517019,38.426866],[106.539236,38.474636],[106.564708,38.50434],[106.572765,38.526557],[106.535655,38.535346],[106.521007,38.564399],[106.518565,38.573269],[106.520763,38.584418],[106.540457,38.621446],[106.594249,38.666327],[106.582042,38.680935],[106.575694,38.690253],[106.573416,38.698676],[106.573171,38.710395],[106.577159,38.712958],[106.596934,38.719591],[106.604096,38.720974],[106.607514,38.724799],[106.60849,38.733751],[106.607921,38.751654],[106.648936,38.803534],[106.665538,38.820258],[106.717784,38.858181],[106.840343,38.987616],[106.859386,39.013617],[106.866222,39.043158],[106.85377,39.077216],[106.881602,39.10456],[106.848155,39.163886],[106.836681,39.172797],[106.819591,39.180487],[106.808035,39.19892],[106.80128,39.221625],[106.799083,39.241726],[106.809093,39.309272],[106.802419,39.327094],[106.797781,39.334906],[106.793468,39.352891],[106.788829,39.360907],[106.780365,39.368354],[106.765147,39.378363],[106.7588,39.385077],[106.749929,39.418809],[106.752452,39.465522],[106.77532,39.559272],[106.778575,39.584337],[106.778331,39.595486],[106.773529,39.616563],[106.772472,39.62873],[106.776541,39.652452],[106.783621,39.664333],[106.785085,39.674628],[106.772472,39.693549],[106.767345,39.69599],[106.760509,39.696885],[106.754487,39.698798],[106.751964,39.704169],[106.75294,39.713731],[106.757498,39.729682],[106.7588,39.738593],[106.759939,39.742133],[106.762706,39.747178],[106.765147,39.753933],[106.765636,39.762519],[106.763194,39.772325],[106.754893,39.788357],[106.751964,39.796658],[106.744558,39.854926],[106.739757,39.862738],[106.717377,39.886176],[106.710378,39.898993],[106.738292,39.919501],[106.738455,39.929755],[106.733653,39.93891],[106.730235,39.947781],[106.73463,39.957343],[106.738048,39.971503],[106.733002,39.990302],[106.724539,40.007392],[106.717784,40.016303],[106.709076,40.038113],[106.727143,40.062608],[106.858653,40.179755],[106.870128,40.183621],[106.874278,40.166571],[106.977306,40.241645],[106.999034,40.251085],[107.007091,40.257148],[107.01474,40.269314],[107.02589,40.30268],[107.03183,40.310492],[107.057872,40.33279],[107.06601,40.337836],[107.080984,40.341742],[107.113862,40.345567],[107.128022,40.351508],[107.151541,40.376044],[107.158702,40.402045],[107.154063,40.428331],[107.141694,40.453925],[107.147227,40.462226],[107.163259,40.47724],[107.169688,40.481879],[107.179861,40.486396],[107.20574,40.494412],[107.214366,40.499213],[107.220225,40.512397],[107.20517,40.540229],[107.203868,40.563788],[107.211843,40.582709],[107.224864,40.59516],[107.2553,40.615587],[107.26295,40.625434],[107.266124,40.632921],[107.270763,40.637803],[107.282644,40.639472],[107.309825,40.640082],[107.322195,40.642279],[107.348562,40.652452],[107.380056,40.656684],[107.39503,40.66059],[107.440359,40.701606],[107.466563,40.709906],[107.490245,40.72663],[107.513927,40.739203],[107.539073,40.735053],[107.561453,40.73725],[107.573985,40.746853],[107.583507,40.757432],[107.643972,40.774766],[107.663097,40.776068],[107.694591,40.768866],[107.706635,40.77143],[107.711436,40.786933],[107.706716,40.801581],[107.699636,40.816596],[107.699799,40.829779],[107.717703,40.838731],[107.732432,40.851264],[107.758393,40.859483],[107.862071,40.8699],[107.885183,40.867499],[107.905528,40.85517],[107.91627,40.850165],[107.928315,40.851752],[107.95045,40.858588],[108.011974,40.858588],[108.086681,40.847724],[108.115001,40.851752],[108.1421,40.870551],[108.156749,40.877143],[108.173269,40.879706],[108.178803,40.874579],[108.19752,40.838731],[108.208751,40.827908],[108.224213,40.817939],[108.240815,40.81391],[108.268891,40.826687],[108.283702,40.822943],[108.306733,40.810818],[108.33782,40.810167],[108.404796,40.820583],[108.437755,40.817003],[108.451752,40.808539],[108.467296,40.793321],[108.479747,40.775458],[108.484874,40.758979],[108.492605,40.752509],[108.52825,40.739773],[108.550873,40.717963],[108.576264,40.682725],[108.581065,40.670233],[108.590831,40.661566],[108.612885,40.65412],[108.670421,40.642646],[108.680268,40.632636],[108.687592,40.621039],[108.697195,40.612169],[108.713959,40.609931],[108.748057,40.617987],[108.766124,40.612169],[108.757091,40.58808],[108.763601,40.573188],[108.779796,40.564032],[108.81129,40.551866],[108.820323,40.546739],[108.830007,40.54328],[108.842377,40.54328],[108.848399,40.546942],[108.856456,40.5539],[108.86671,40.560736],[108.879405,40.563788],[108.88323,40.558417],[108.886648,40.546698],[108.891612,40.53498],[108.900401,40.529608],[108.913097,40.531684],[108.921397,40.534695],[108.929454,40.534369],[108.94101,40.526231],[108.950694,40.522162],[108.963796,40.521348],[108.989268,40.522773],[109.000255,40.526313],[109.004405,40.53498],[109.005626,40.556952],[109.015391,40.547431],[109.02589,40.545193],[109.03655,40.548855],[109.046641,40.556952],[109.046397,40.540635],[109.049897,40.528673],[109.057872,40.52501],[109.087332,40.546658],[109.098155,40.547227],[109.122325,40.529608],[109.150076,40.523708],[109.185069,40.520697],[109.207286,40.511908],[109.19752,40.488715],[109.222341,40.492051],[109.286713,40.522773],[109.279552,40.490424],[109.28712,40.488227],[109.335134,40.487331],[109.355479,40.483425],[109.396576,40.468207],[109.413097,40.477362],[109.459483,40.489814],[109.472341,40.502305],[109.460704,40.502305],[109.450043,40.504503],[109.439952,40.508857],[109.430919,40.515326],[109.447032,40.520819],[109.482514,40.524604],[109.499034,40.529608],[109.50587,40.51671],[109.519216,40.52265],[109.53655,40.535509],[109.554454,40.54328],[109.572846,40.542263],[109.582042,40.53913],[109.590831,40.539984],[109.608328,40.550727],[109.665131,40.496772],[109.69044,40.484687],[109.700857,40.477607],[109.71339,40.475287],[109.737641,40.492458],[109.749034,40.497829],[109.762299,40.501166],[109.789561,40.504014],[109.828054,40.515326],[109.883311,40.515326],[109.892507,40.519965],[109.901378,40.52265],[109.910655,40.522773],[109.916026,40.52029],[109.924246,40.512397],[109.931163,40.509141],[109.941498,40.505886],[109.952891,40.503974],[109.963634,40.508124],[109.972097,40.522773],[109.988292,40.511583],[109.999604,40.512803],[110.010183,40.51907],[110.023936,40.522773],[110.039643,40.520575],[110.054779,40.51671],[110.069021,40.515977],[110.08253,40.522773],[110.095225,40.510688],[110.102306,40.505398],[110.109874,40.502305],[110.122813,40.502875],[110.142589,40.512885],[110.153331,40.515326],[110.154307,40.518907],[110.167572,40.540229],[110.175141,40.541571],[110.202566,40.539618],[110.211681,40.537055],[110.223155,40.522773],[110.237804,40.482733],[110.246104,40.474433],[110.286388,40.483913],[110.30364,40.481391],[110.293549,40.461371],[110.306651,40.453192],[110.347097,40.453152],[110.355724,40.450792],[110.362071,40.4442],[110.403412,40.420437],[110.4192,40.398383],[110.430268,40.388495],[110.441417,40.38935],[110.456391,40.397081],[110.467377,40.394599],[110.475027,40.385077],[110.479096,40.372016],[110.486501,40.372016],[110.506847,40.381374],[110.542979,40.360541],[110.58074,40.331855],[110.606049,40.31741],[110.638194,40.32213],[110.658132,40.321804],[110.688487,40.305732],[110.727306,40.296739],[110.746104,40.290066],[110.76588,40.280341],[110.779796,40.276068],[110.814952,40.276435],[110.834402,40.273708],[110.864838,40.258816],[110.879893,40.255316],[110.941335,40.253282],[110.964854,40.262641],[110.987397,40.261664],[110.996593,40.265896],[111.014903,40.283393],[111.034679,40.296902],[111.061046,40.267198],[111.184825,40.208116],[111.209565,40.180447],[111.219737,40.172716],[111.231293,40.168972],[111.254975,40.166775],[111.277192,40.160753],[111.290701,40.159044],[111.302745,40.156073],[111.328298,40.11872],[111.33839,40.110663],[111.361339,40.097968],[111.369884,40.090847],[111.379893,40.062445],[111.380789,40.057318],[111.39739,40.047919],[111.405365,40.025824],[111.411388,39.981553],[111.436534,39.917304],[111.435313,39.90644],[111.423432,39.895941],[111.397227,39.830756],[111.365245,39.777533],[111.359467,39.750434],[111.369884,39.721503],[111.417572,39.683661],[111.420095,39.672431],[111.426768,39.658881],[111.435639,39.646593],[111.445567,39.638983],[111.463145,39.620185],[111.453624,39.617255],[111.425141,39.625312],[111.424246,39.617214],[111.425141,39.535956],[111.420909,39.52204],[111.372488,39.489081],[111.342377,39.444363],[111.316987,39.429389],[111.284109,39.424872],[111.199148,39.427069],[111.163992,39.423163],[111.134288,39.410509],[111.109874,39.385077],[111.118175,39.376044],[111.141205,39.367255],[111.150808,39.357123],[111.16684,39.364691],[111.174571,39.356757],[111.17921,39.342353],[111.184825,39.33043],[111.200206,39.320909],[111.214773,39.316352],[111.22462,39.310492],[111.226573,39.296942],[111.221609,39.283393],[111.158214,39.172797],[111.134207,39.099433],[111.117686,39.067328],[111.088634,39.042507],[111.021902,39.018581],[110.99464,39.00377],[110.972585,38.974189],[110.994151,38.937201],[111.00351,38.916083],[111.003429,38.902533],[110.994151,38.885281],[110.979991,38.816514],[110.969005,38.798855],[110.95753,38.785264],[110.948334,38.771104],[110.9428,38.739366],[110.937511,38.731553],[110.921397,38.717231],[110.91505,38.708441],[110.904307,38.679389],[110.871511,38.621283],[110.87322,38.61168],[110.875255,38.607489],[110.900645,38.58039],[110.901296,38.573676],[110.899018,38.545356],[110.896983,38.535346],[110.890717,38.525092],[110.876475,38.509955],[110.870128,38.501817],[110.865326,38.490302],[110.859467,38.467963],[110.85255,38.457099],[110.833751,38.445828],[110.792084,38.439561],[110.774018,38.426093],[110.755626,38.390408],[110.746104,38.377712],[110.711192,38.356798],[110.705089,38.354438],[110.700694,38.346747],[110.67099,38.316921],[110.659679,38.310004],[110.647472,38.305609],[110.634288,38.30329],[110.60434,38.301378],[110.589854,38.296698],[110.579275,38.287218],[110.568614,38.232204],[110.568614,38.226874],[110.559255,38.216905],[110.54713,38.210883],[110.532807,38.207872],[110.517019,38.207058],[110.510916,38.202094],[110.499604,38.166042],[110.509288,38.144965],[110.509044,38.128038],[110.499604,38.090359],[110.507091,38.011542],[110.507823,38.008653],[110.511648,38.005072],[110.513276,38.001003],[110.513601,37.98253],[110.513276,37.980496],[110.514171,37.97016],[110.51295,37.961249],[110.514903,37.954901],[110.524099,37.952501],[110.545095,37.949652],[110.562511,37.942003],[110.576915,37.93126],[110.588959,37.919013],[110.653087,37.813096],[110.674408,37.796169],[110.728933,37.773546],[110.742686,37.764757],[110.752859,37.745673],[110.743744,37.732449],[110.705089,37.713568],[110.727061,37.700263],[110.778901,37.67829],[110.794444,37.658311],[110.78769,37.652411],[110.770437,37.641181],[110.766612,37.637885],[110.766043,37.623969],[110.771007,37.613349],[110.777192,37.603868],[110.786713,37.573513],[110.788585,37.561347],[110.783702,37.555935],[110.775808,37.551866],[110.76946,37.542344],[110.746104,37.48017],[110.738455,37.469428],[110.715343,37.449774],[110.696218,37.439399],[110.653331,37.433905],[110.636729,37.418158],[110.630056,37.396552],[110.633311,37.379218],[110.646251,37.367703],[110.667898,37.363552],[110.687104,37.357123],[110.687511,37.342108],[110.67099,37.309516],[110.669363,37.301093],[110.670014,37.295722],[110.669688,37.290391],[110.664806,37.282172],[110.660818,37.2803],[110.647634,37.276638],[110.643565,37.274726],[110.64088,37.269639],[110.636729,37.256374],[110.633718,37.250841],[110.568614,37.178534],[110.536794,37.155382],[110.527599,37.144395],[110.516368,37.115017],[110.508718,37.101589],[110.496186,37.095974],[110.489268,37.091824],[110.478933,37.081651],[110.469493,37.069403],[110.465587,37.058783],[110.45989,37.051134],[110.446381,37.044257],[110.417735,37.035183],[110.417735,37.027696],[110.425385,37.027045],[110.445079,37.021511],[110.427257,37.010199],[110.40797,37.014757],[110.389171,37.021837],[110.373057,37.017768],[110.372813,37.00727],[110.3838,36.994981],[110.397878,36.984809],[110.407156,36.980536],[110.417979,36.967231],[110.412527,36.937527],[110.394786,36.906928],[110.369233,36.891181],[110.37672,36.878485],[110.400808,36.861111],[110.410818,36.849555],[110.403819,36.837266],[110.407237,36.829942],[110.414236,36.824001],[110.417735,36.816026],[110.414968,36.805121],[110.409109,36.795762],[110.397227,36.781317],[110.393077,36.780707],[110.385753,36.781033],[110.378998,36.779893],[110.37672,36.775092],[110.379893,36.769965],[110.3921,36.765001],[110.397227,36.76081],[110.399913,36.760525],[110.417735,36.753974],[110.412201,36.753689],[110.413097,36.745307],[110.416108,36.736151],[110.417735,36.733507],[110.439057,36.742255],[110.44101,36.726426],[110.432058,36.703966],[110.421153,36.692572],[110.410574,36.695014],[110.400483,36.698839],[110.392833,36.698554],[110.38974,36.688788],[110.393565,36.682318],[110.482921,36.592882],[110.489757,36.577338],[110.498546,36.524482],[110.499604,36.507595],[110.495942,36.483995],[110.482188,36.448554],[110.476329,36.404853],[110.458751,36.349311],[110.459076,36.327094],[110.470144,36.28616],[110.472992,36.263699],[110.469005,36.243232],[110.450613,36.206855],[110.445079,36.185411],[110.446869,36.141791],[110.497488,35.9796],[110.500662,35.933132],[110.505951,35.911973],[110.507091,35.900824],[110.510753,35.886786],[110.519542,35.885077],[110.530691,35.88703],[110.54127,35.883816],[110.560151,35.849148],[110.57545,35.71247],[110.611339,35.637722],[110.61964,35.597195],[110.602631,35.554226],[110.572765,35.52794],[110.555919,35.50849],[110.558442,35.499579],[110.562755,35.490749],[110.559255,35.470811],[110.552745,35.449897],[110.547455,35.438178],[110.537527,35.427761],[110.523448,35.416571],[110.5088,35.40766],[110.496186,35.403998],[110.468272,35.356024],[110.458751,35.343126],[110.444835,35.335028],[110.437104,35.322333],[110.431651,35.307807],[110.424571,35.294135],[110.417247,35.286404],[110.372569,35.255316],[110.357595,35.238227],[110.335134,35.197943],[110.326182,35.149197],[110.316905,35.125678],[110.310476,35.090888],[110.29184,35.05036],[110.284597,35.00963],[110.268647,34.959418],[110.259369,34.944688],[110.271007,34.913438],[110.272227,34.881456],[110.262706,34.851182],[110.242442,34.824897],[110.237234,34.801337],[110.241628,34.71894],[110.251964,34.663153],[110.269949,34.637274]]]}},{"type":"Feature","properties":{"name":"Yalu","nameZh":"鸭绿江","scalerank":8,"featurecla":"Lake Centerline"},"geometry":{"type":"MultiLineString","coordinates":[[[124.959239,40.453925],[124.971609,40.453925],[124.988699,40.458075],[125.013682,40.457628],[125.03476,40.462104],[125.041026,40.474962],[125.028819,40.491034],[125.009939,40.509792],[125.014415,40.52558],[125.03476,40.539618],[125.053315,40.547675],[125.0796,40.552029],[125.101573,40.558783],[125.119151,40.565619],[125.137218,40.576972],[125.155203,40.589219],[125.187104,40.5987],[125.217296,40.605414],[125.240489,40.613471],[125.25823,40.621527],[125.266775,40.631903],[125.275645,40.645087],[125.293224,40.650824],[125.314057,40.65001],[125.326589,40.642646],[125.336436,40.641384]]]}},{"type":"Feature","properties":{"name":"Yalu","nameZh":"鸭绿江","scalerank":8,"featurecla":"River"},"geometry":{"type":"MultiLineString","coordinates":[[[126.521983,41.35224],[126.487397,41.344591],[126.487397,41.352078],[126.493582,41.355048],[126.496186,41.358262],[126.497976,41.362006],[126.500987,41.366278],[126.472179,41.366726],[126.440684,41.34866],[126.391124,41.303656],[126.380382,41.291083],[126.356944,41.24962],[126.345795,41.23786],[126.320811,41.219102],[126.309174,41.208075],[126.284109,41.164374],[126.274425,41.152777],[126.260509,41.143378],[126.147065,41.092475],[126.123546,41.075751],[126.137787,41.057237],[126.126069,41.043402],[126.111095,41.032742],[126.101003,41.022284],[126.10377,41.009467],[126.093191,41.006456],[126.083507,41.002753],[126.07545,40.997341],[126.069021,40.989569],[126.071544,40.980821],[126.065684,40.968858],[126.045095,40.944892],[126.02825,40.935492],[126.009044,40.932929],[125.991791,40.928575],[125.980154,40.913845],[125.996186,40.915147],[126.009532,40.91413],[126.014903,40.909369],[126.007498,40.899604],[125.994721,40.894355],[125.963878,40.891547],[125.949229,40.882839],[125.935964,40.877631],[125.923595,40.884304],[125.912039,40.894355],[125.901134,40.899604],[125.884858,40.897732],[125.872488,40.89293],[125.831391,40.871039],[125.821707,40.86994],[125.778819,40.884833],[125.770518,40.88642],[125.760509,40.885932],[125.754487,40.881903],[125.750499,40.874945],[125.745372,40.868354],[125.736501,40.865424],[125.706065,40.860663],[125.682872,40.848212],[125.64446,40.810818],[125.672944,40.784369],[125.682384,40.76911],[125.668386,40.762397],[125.609793,40.761501],[125.607921,40.76435],[125.600108,40.772976],[125.586192,40.782091],[125.571544,40.785102],[125.559825,40.778632],[125.555105,40.758979],[125.553152,40.737372],[125.546316,40.726142],[125.532725,40.722032],[125.491466,40.721218],[125.478526,40.719021],[125.468761,40.713162],[125.459483,40.701606],[125.456554,40.693915],[125.456065,40.679958],[125.452647,40.673651],[125.44337,40.669013],[125.425955,40.671454],[125.418468,40.666815],[125.414643,40.652167],[125.416921,40.639512],[125.413015,40.632025],[125.390636,40.632636],[125.384288,40.635321],[125.372162,40.644151],[125.363292,40.646918],[125.355724,40.646308],[125.336436,40.641384]],[[124.959239,40.453925],[124.935069,40.455837],[124.92571,40.458116],[124.917654,40.461371],[124.914968,40.466132],[124.905284,40.476752],[124.895112,40.483913],[124.890229,40.478095],[124.883474,40.465766],[124.849539,40.43183],[124.800548,40.394314],[124.779552,40.383734],[124.756602,40.379462],[124.740815,40.370551],[124.730968,40.349962],[124.722992,40.326972],[124.712169,40.310492],[124.692556,40.303046],[124.642182,40.294501],[124.626882,40.286322],[124.61085,40.272406],[124.570567,40.252631],[124.554454,40.241645],[124.551524,40.236396],[124.549897,40.224962],[124.54835,40.221137],[124.542898,40.217841],[124.531993,40.216254],[124.527843,40.214382],[124.385265,40.110663],[124.370209,40.098253]]]}},{"type":"Feature","properties":{"name":"Tao’er","nameZh":"洮儿河","scalerank":8,"featurecla":"Lake Centerline"},"geometry":{"type":"MultiLineString","coordinates":[[[123.835134,45.724189],[123.845632,45.718573],[123.860444,45.708686],[123.882335,45.706977],[123.903819,45.716132],[123.937918,45.724066],[123.967296,45.727322],[123.992117,45.721869],[124.014415,45.71365],[124.038015,45.709906]]]}},{"type":"Feature","properties":{"name":"Tao’er","nameZh":"洮儿河","scalerank":8,"featurecla":"River"},"geometry":{"type":"MultiLineString","coordinates":[[[120.165294,46.995673],[120.181814,46.982937],[120.217459,46.962185],[120.232432,46.947537],[120.244884,46.923611],[120.250499,46.898057],[120.250011,46.845242],[120.263438,46.797878],[120.30421,46.781684],[120.406993,46.784857],[120.428152,46.78144],[120.441498,46.773383],[120.467459,46.750067],[120.514903,46.732856],[120.561615,46.736884],[120.608653,46.749091],[120.655935,46.75613],[120.679861,46.74962],[120.724701,46.721015],[120.747813,46.714545],[120.847179,46.700873],[120.95045,46.698513],[120.998546,46.690375],[121.076427,46.661404],[121.105479,46.655219],[121.199799,46.651679],[121.231456,46.646267],[121.258311,46.634141],[121.271983,46.631944],[121.285818,46.63878]],[[121.285818,46.631944],[121.299571,46.616156],[121.314708,46.612413],[121.330984,46.61164],[121.347341,46.604682],[121.355072,46.592393],[121.358897,46.574571],[121.358653,46.55622],[121.35434,46.542548],[121.370535,46.530097],[121.384288,46.514472],[121.399425,46.501085],[121.419444,46.495429],[121.424734,46.492133],[121.441417,46.477607],[121.447032,46.474311],[121.457042,46.472683],[121.565929,46.433661],[121.591075,46.429877],[121.615733,46.433173],[121.626964,46.432563],[121.679861,46.409735],[121.690033,46.402615],[121.695404,46.395372],[121.71046,46.368476],[121.758474,46.332221],[121.779877,46.324083],[121.803396,46.320095],[121.873953,46.320136],[121.92099,46.313178],[121.963959,46.299384],[121.997976,46.27912],[122.031261,46.248358],[122.046641,46.228095],[122.058442,46.184516],[122.0713,46.16828],[122.087332,46.153754],[122.101573,46.135688],[122.100841,46.124864],[122.101573,46.121405],[122.107839,46.107774],[122.121511,46.091335],[122.12672,46.082628],[122.132091,46.044949],[122.141694,46.030707],[122.211029,45.989366],[122.237071,45.964708],[122.293549,45.883246],[122.310802,45.868109],[122.332123,45.8581],[122.35849,45.854519],[122.377452,45.847724],[122.384532,45.831122],[122.38795,45.810818],[122.395112,45.792426],[122.423106,45.765163],[122.425304,45.758002],[122.429454,45.736599],[122.433604,45.727891],[122.445242,45.710232],[122.470876,45.6553],[122.529796,45.551459],[122.560313,45.52558],[122.600352,45.504218],[122.620535,45.489447],[122.629242,45.474066],[122.635265,45.47016],[122.663992,45.464138],[122.673595,45.460395],[122.679698,45.452663],[122.685802,45.437079],[122.690684,45.429999],[122.724701,45.408881],[122.752615,45.398993],[122.78476,45.377305],[122.805919,45.370917],[122.828543,45.370714],[122.882742,45.376288],[122.919688,45.364447],[122.94752,45.361111],[122.970714,45.362901],[123.058116,45.38935],[123.068777,45.393988],[123.111339,45.419745],[123.145844,45.448188],[123.149913,45.453884],[123.148448,45.486884],[123.149913,45.498236],[123.160574,45.519639],[123.214773,45.562812],[123.226492,45.578315],[123.233165,45.58454],[123.242442,45.586982],[123.245128,45.589057],[123.248464,45.59394],[123.251069,45.599677],[123.252371,45.604438],[123.254893,45.608669],[123.260916,45.608344],[123.267996,45.607001],[123.273448,45.6081],[123.320567,45.66002],[123.328054,45.672675],[123.337901,45.681464],[123.403819,45.696845],[123.474864,45.728542],[123.511729,45.736884],[123.651785,45.72309],[123.683686,45.724189],[123.727143,45.731147],[123.748627,45.731635],[123.766775,45.724189],[123.783214,45.731147],[123.799897,45.730577],[123.835134,45.724189]],[[124.038015,45.709906],[124.087901,45.717841]]]}},{"type":"Feature","properties":{"name":"Oka","nameZh":"Oka","scalerank":8,"featurecla":"River"},"geometry":{"type":"MultiLineString","coordinates":[[[100.522716,51.973904],[100.50823,51.981065],[100.467459,52.008083],[100.390229,52.042833],[100.367931,52.059597],[100.362315,52.077094],[100.363455,52.130072],[100.350841,52.152045],[100.351166,52.161404],[100.347341,52.167182],[100.343028,52.179145],[100.339936,52.192003],[100.333751,52.203233],[100.326427,52.207953],[100.309662,52.214179],[100.302989,52.220323],[100.300304,52.228583],[100.300873,52.246405],[100.299571,52.251654],[100.260509,52.277615],[100.254649,52.285468],[100.250255,52.29682],[100.240001,52.309027],[100.22755,52.318712],[100.217377,52.322699],[100.20989,52.32392],[100.192393,52.328966],[100.182872,52.330186],[100.174246,52.328192],[100.154796,52.3192],[100.144786,52.316474],[100.070242,52.316474],[100.061534,52.319159],[100.044363,52.328192],[100.032319,52.330186],[99.998057,52.328803]],[[99.805268,52.7838],[100.021495,52.818305],[100.057628,52.836493],[100.104991,52.844102],[100.124929,52.850898],[100.140717,52.865343],[100.141368,52.878119],[100.135183,52.891913],[100.131114,52.909247],[100.136729,52.926785],[100.150645,52.941352],[100.168549,52.952663],[100.18629,52.96015],[100.184581,52.986396],[100.204682,53.012641],[100.23463,53.035183],[100.268077,53.053738],[100.273448,53.05744],[100.279552,53.060981],[100.288666,53.063829],[100.299815,53.064805],[100.32073,53.0633],[100.330333,53.063829],[100.34547,53.071601],[100.35963,53.084784],[100.362315,53.095974],[100.344005,53.097357],[100.344005,53.104804],[100.362315,53.112494],[100.364268,53.123399],[100.362722,53.136786],[100.371186,53.151923],[100.364268,53.152655],[100.359793,53.154853],[100.355886,53.157416],[100.350841,53.159451],[100.364268,53.172553],[100.399343,53.187812],[100.412852,53.200995],[100.398529,53.200995],[100.398529,53.207221],[100.408783,53.216905],[100.423432,53.248806],[100.436697,53.255642],[100.522716,53.255642],[100.53476,53.249335],[100.539806,53.248155],[100.546967,53.250352],[100.547455,53.255194],[100.544932,53.259955],[100.543061,53.261786],[100.542979,53.268134],[100.538666,53.27501],[100.539073,53.280626],[100.553396,53.282986],[100.573009,53.279975],[100.616954,53.265977],[100.638682,53.261786],[100.624034,53.28616],[100.640066,53.288398],[100.689952,53.275458],[100.699148,53.278428],[100.723155,53.293402],[100.730968,53.299669],[100.743744,53.304633],[100.75294,53.298163],[100.761648,53.282986],[100.850027,53.293158],[100.871674,53.282986],[100.90504,53.282294],[100.91627,53.279161],[100.930675,53.269232],[100.938894,53.272813],[100.954112,53.296576],[100.960216,53.301459],[100.98821,53.317084],[101.005626,53.322455],[101.018077,53.321967],[101.028331,53.31623],[101.039806,53.30622],[101.050548,53.301134],[101.058116,53.305976],[101.062592,53.316107],[101.063975,53.326972],[101.069347,53.335883],[101.082123,53.336371],[101.152436,53.319607],[101.176524,53.320868],[101.197683,53.333808],[101.226736,53.3664],[101.241791,53.379503],[101.262625,53.392768],[101.293468,53.40644],[101.303396,53.412665],[101.312999,53.421942],[101.334239,53.450507],[101.355724,53.465277],[101.380951,53.475938],[101.433197,53.488349],[101.587576,53.493109],[101.632416,53.508857],[101.724294,53.56745],[101.73821,53.57038],[101.769216,53.570339],[101.781179,53.572333],[101.790945,53.577501],[101.810639,53.590766],[101.968272,53.666531],[101.987722,53.681912],[102.004242,53.699897],[102.075206,53.810248],[102.074474,53.827582],[102.064057,53.851996],[102.073822,53.876899],[102.090017,53.899359],[102.106049,53.93476],[102.123546,53.962999],[102.143891,53.989529],[102.160167,54.002305],[102.146658,54.026068],[102.137299,54.03852],[102.129405,54.043891],[102.115896,54.045356],[102.104747,54.050116],[102.099864,54.058621],[102.104747,54.071234],[102.091726,54.080024],[102.073253,54.096137],[102.064545,54.111436],[102.081391,54.118354],[102.092377,54.1199],[102.108165,54.123847],[102.121104,54.129584],[102.122569,54.136054],[102.112641,54.142849],[102.089366,54.151801],[102.078136,54.159288],[102.091238,54.166449],[102.117768,54.177314],[102.125987,54.187323],[102.107432,54.197211],[102.100597,54.216091],[102.096934,54.23432],[102.087983,54.242499],[102.072195,54.249864],[102.067149,54.267157],[102.070323,54.287543],[102.078136,54.303982],[102.05714,54.311225],[102.038585,54.325222],[102.03004,54.338813],[102.040294,54.344916],[102.052257,54.346015],[102.069347,54.350653],[102.097992,54.353542],[102.100597,54.358222],[102.091807,54.37226],[102.076671,54.44123],[102.067556,54.457831],[102.009288,54.516221]]]}},{"type":"Feature","properties":{"name":"Shandian","nameZh":"闪电河","scalerank":8,"featurecla":"River"},"geometry":{"type":"MultiLineString","coordinates":[[[115.995942,41.509711],[115.987315,41.523627],[115.983979,41.531928],[115.981537,41.543809],[115.982351,41.579657],[115.978526,41.588487],[115.947683,41.614936],[115.928315,41.6258],[115.906505,41.632636],[115.812755,41.649685],[115.779796,41.669542],[115.755626,41.70893],[115.751475,41.728827],[115.752371,41.75373],[115.760753,41.77501],[115.779552,41.784044],[115.785248,41.784695],[115.790619,41.786648],[115.795665,41.789659],[115.800222,41.793647],[115.809011,41.805732],[115.815847,41.819892],[115.823985,41.845526],[115.831472,41.928046],[115.837983,41.94892],[115.854747,41.983588],[115.867198,42.044989],[115.884044,42.086127],[115.891124,42.127712],[115.872325,42.16706],[115.945811,42.251044],[115.981537,42.270616],[116.049327,42.289984],[116.07724,42.306993],[116.098643,42.314276],[116.115815,42.328315],[116.135753,42.341254],[116.146007,42.346381],[116.1928,42.359442],[116.22047,42.361884],[116.259288,42.351264],[116.319591,42.359809],[116.344737,42.359442],[116.425222,42.336208],[116.430919,42.335883],[116.447765,42.326036],[116.486908,42.310574],[116.503673,42.29796],[116.530854,42.263861],[116.559988,42.240302],[116.5678,42.235907],[116.616222,42.235907],[116.640717,42.201728],[116.65325,42.16706],[116.663097,42.146511],[116.66627,42.136298],[116.668549,42.117133],[116.673269,42.098253],[116.674327,42.088813],[116.679698,42.083116],[116.706391,42.073554],[116.715343,42.065253],[116.714692,42.043402],[116.700613,42.021186],[116.664073,41.985785],[116.651947,41.969346],[116.6421,41.935248],[116.633311,41.92121],[116.61435,41.907904]]]}},{"type":"Feature","properties":{"name":"Onon","nameZh":"Onon","scalerank":8,"featurecla":"River"},"geometry":{"type":"MultiLineString","coordinates":[[[108.906668,48.877509],[108.914561,48.882839],[108.932384,48.886664],[108.94101,48.891181],[108.949718,48.89997],[108.971609,48.929023],[108.999522,48.954657],[109.036794,48.978217],[109.079194,48.995917],[109.122325,49.004177],[109.169932,48.997382],[109.194021,48.997138],[109.214854,49.00788],[109.233979,49.021348],[109.300385,49.045111],[109.331391,49.067084],[109.342052,49.073025],[109.382904,49.079128],[109.393321,49.083279],[109.402843,49.08869],[109.424327,49.096218],[109.434581,49.103461],[109.443451,49.113471],[109.479096,49.180121],[109.494395,49.200629],[109.509695,49.209581],[109.587576,49.22309],[109.615733,49.223904],[109.651947,49.217231],[109.663585,49.217068],[109.676362,49.219916],[109.700125,49.228827],[109.715017,49.230658],[109.744395,49.227403],[109.768077,49.218573],[109.814464,49.189724],[109.820404,49.18769],[109.836192,49.18476],[109.841726,49.182237],[109.844737,49.178778],[109.846121,49.172797],[109.875906,49.130723],[109.8803,49.120714],[109.899425,49.102078],[109.903819,49.096625],[109.906342,49.095242],[109.916515,49.064887],[109.917491,49.058783],[109.989187,49.017768],[110.047781,48.963162],[110.071544,48.928249],[110.08546,48.913845],[110.106293,48.907904],[110.123627,48.90058],[110.137218,48.883246],[110.192963,48.781073],[110.208263,48.771348],[110.218272,48.768175],[110.232514,48.754096],[110.242442,48.750922],[110.253673,48.749579],[110.277354,48.741889],[110.287364,48.73725],[110.3213,48.712266],[110.342052,48.702216],[110.359386,48.706163],[110.451915,48.681952],[110.55128,48.675808],[110.573253,48.670274],[110.630626,48.627387],[110.672537,48.607042],[110.692882,48.601874],[110.715343,48.600124],[110.882091,48.606309],[110.911794,48.60163],[110.924815,48.589789],[110.933116,48.573065],[110.953136,48.565945],[110.977794,48.566352],[111.000011,48.572089],[111.018321,48.585639],[111.051768,48.620307],[111.072276,48.627387],[111.094493,48.631903],[111.114675,48.643012],[111.150808,48.668972],[111.193858,48.685981],[111.342459,48.70246],[111.36321,48.709784],[111.408946,48.732449],[111.428722,48.73725],[111.440929,48.738389],[111.469493,48.744696],[111.472667,48.74669],[111.474701,48.751166],[111.477631,48.755683],[111.483409,48.757758],[111.491222,48.756171],[111.505951,48.750556],[111.514415,48.750922],[111.52589,48.756049],[111.533295,48.762966],[111.539643,48.770819],[111.547944,48.778835],[111.577403,48.800971],[111.582123,48.808905],[111.587169,48.815212],[111.611339,48.819159],[111.620372,48.822577],[111.625987,48.825751],[111.633067,48.826606],[111.64796,48.825995],[111.651866,48.828721],[111.654063,48.835069],[111.655528,48.842231],[111.657807,48.847113],[111.66684,48.857489],[111.685802,48.888048],[111.695079,48.894314],[111.719493,48.904608],[111.72991,48.911648],[111.775076,48.957628],[111.788178,48.976833],[111.805105,49.010565],[111.81894,49.025743],[111.849294,49.035224],[111.853119,49.042914],[111.854991,49.052843],[111.859874,49.062527],[111.864513,49.07453],[111.857921,49.083075],[111.847992,49.089057],[111.842784,49.093533],[111.852061,49.119452],[111.876475,49.11994],[111.905365,49.113105],[111.928233,49.117458],[111.97462,49.155382],[112.033946,49.222235],[112.041515,49.233751],[112.029389,49.260606],[112.031261,49.264838],[112.041515,49.267401],[112.11964,49.307156],[112.233328,49.387763],[112.288585,49.412543],[112.341319,49.453192],[112.376557,49.470282],[112.423595,49.486518],[112.504324,49.495388],[112.522227,49.505439],[112.555919,49.532294],[112.575857,49.539374],[112.58489,49.544013],[112.590017,49.552191],[112.589366,49.564765],[112.582042,49.572211],[112.57366,49.579169],[112.569753,49.590033],[112.573741,49.610297],[112.583751,49.630072],[112.597097,49.64765],[112.610606,49.661444],[112.646251,49.685411],[112.670095,49.697699],[112.689138,49.70307],[112.702891,49.710476],[112.753184,49.777859],[112.764171,49.798163],[112.771576,49.820014],[112.774425,49.84394],[112.780772,49.868232],[112.796804,49.887885],[112.837169,49.922716],[112.850108,49.939887],[112.869395,49.977607],[112.881277,49.994452],[112.898529,50.009711],[112.997325,50.067165],[113.014415,50.081081],[113.021495,50.09748],[113.025483,50.120185],[113.036062,50.14293],[113.05128,50.162624],[113.069347,50.175971],[113.134207,50.199286],[113.25644,50.28852],[113.274018,50.304633],[113.281668,50.323676],[113.28712,50.34455],[113.287039,50.356391],[113.278412,50.361599],[113.277599,50.366238],[113.302745,50.395087],[113.306895,50.404853],[113.307221,50.411444],[113.308849,50.416815],[113.316905,50.423041],[113.331147,50.428005],[113.343191,50.427436],[113.355724,50.424669],[113.371349,50.423041],[113.812999,50.436632],[113.837901,50.441962],[113.853119,50.454698],[113.866628,50.470526],[113.885509,50.485053],[113.909679,50.4914],[114.422944,50.498114],[114.500987,50.489569],[114.529796,50.490668],[114.603933,50.506659],[114.621349,50.515489],[114.640066,50.529731],[114.662039,50.540473],[114.686615,50.546413],[114.713471,50.545966],[114.725515,50.543036],[114.742768,50.535183],[114.755056,50.531602],[114.813487,50.525458],[114.865001,50.525662],[114.955007,50.539089],[114.967377,50.539089],[115.004893,50.532538],[115.019135,50.531602],[115.042979,50.536078],[115.075857,50.557929],[115.098399,50.566433],[115.452403,50.609971],[115.502452,50.600531],[115.54599,50.581122],[115.572032,50.578396],[115.595225,50.590644],[115.613373,50.604071],[115.658214,50.629665],[115.673757,50.648953],[115.675792,50.655382],[115.678396,50.669704],[115.680593,50.676296],[115.674246,50.688056],[115.677338,50.704169],[115.684093,50.721788],[115.687999,50.738349],[115.684825,50.755316],[115.67921,50.773301],[115.677989,50.789252],[115.687999,50.799831],[115.665538,50.83515],[115.601736,50.974433],[115.59962,50.99376],[115.606456,51.011339],[115.654552,51.059272],[115.671153,51.070583],[115.693614,51.080349],[115.725678,51.088935],[115.735037,51.094021],[115.756928,51.118109],[115.76588,51.121365],[115.804698,51.128363],[115.813975,51.131903],[115.821544,51.140448],[115.837576,51.169745],[115.847992,51.17829],[115.869314,51.185329],[115.879242,51.190212],[115.886241,51.19835],[115.89739,51.220079],[115.903087,51.228339],[115.927989,51.255723],[115.938731,51.270779],[115.94752,51.286404],[115.95753,51.313096],[115.961681,51.320502],[115.969819,51.328437],[115.991466,51.344997],[115.995942,51.351264],[116.006847,51.350043],[116.031668,51.361274],[116.057384,51.376899],[116.071544,51.388861],[116.083751,51.422716],[116.085134,51.430365],[116.0796,51.440294],[116.06129,51.45246],[116.045502,51.485297],[116.019216,51.492621],[115.991466,51.495185],[115.975352,51.505479],[116.000987,51.532335],[116.005626,51.547309],[115.978526,51.5539],[115.966563,51.551703],[115.943777,51.541938],[115.930675,51.539618],[115.91741,51.541571],[115.891775,51.550808],[115.879242,51.5539],[115.850678,51.553738],[115.839447,51.556667],[115.831472,51.566962],[115.833751,51.574652],[115.841401,51.583441],[115.846446,51.59337],[115.841075,51.604804],[115.824229,51.614854],[115.805919,51.623318],[115.792491,51.635281],[115.789806,51.656317],[115.792003,51.657742],[115.802826,51.668077],[115.810476,51.672878],[115.810557,51.678249],[115.809581,51.684597],[115.810151,51.689887],[115.819347,51.709255],[115.82366,51.716498],[115.831472,51.725206]]]}},{"type":"Feature","properties":{"name":"Hailar","nameZh":"海拉尔河","scalerank":3,"featurecla":"River"},"geometry":{"type":"MultiLineString","coordinates":[[[117.873464,49.513495],[117.867931,49.488796],[117.873953,49.468044],[117.901378,49.430935],[117.905772,49.428656],[117.91212,49.42711],[117.917979,49.425076],[117.920502,49.421007],[117.920421,49.409939],[117.921479,49.404975],[117.924571,49.400499],[117.955496,49.380072],[117.964122,49.363471],[118.060476,49.307481],[118.100597,49.292426],[118.143647,49.290473],[118.188731,49.308051],[118.195974,49.316352],[118.199799,49.325263],[118.205658,49.332465],[118.219493,49.335313],[118.222341,49.338568],[118.227631,49.345567],[118.235606,49.352647],[118.246755,49.355821],[118.253184,49.360663],[118.264415,49.38996],[118.27296,49.396267],[118.372325,49.447699],[118.397634,49.452012],[118.419688,49.445014],[118.445242,49.431179],[118.470144,49.420925],[118.490326,49.42475],[118.504893,49.413764],[118.545909,49.399726],[118.56544,49.38996],[118.564382,49.376003],[118.597585,49.347602],[118.606456,49.332221],[118.60434,49.32331],[118.594493,49.313747],[118.592214,49.304958],[118.596202,49.29682],[118.603608,49.291815],[118.607188,49.287218],[118.59962,49.280097],[118.624278,49.274604],[118.634207,49.270087],[118.640636,49.260281],[118.6338,49.260688],[118.620046,49.259711],[118.613292,49.260281],[118.621593,49.249864],[118.631114,49.241319],[118.636974,49.232001],[118.6338,49.219306],[118.815684,49.219306],[118.820567,49.222357],[118.823741,49.229193],[118.828054,49.236029],[118.836029,49.239122],[118.84547,49.23546],[118.853526,49.228624],[118.861339,49.224473],[118.870616,49.229193],[118.879649,49.235541],[118.888927,49.236762],[118.908132,49.232937],[118.943451,49.220282],[118.949718,49.215888],[118.951264,49.203315],[118.956554,49.196072],[118.965831,49.192735],[119.058442,49.189236],[119.085704,49.191962],[119.155365,49.200466],[119.180593,49.210232],[119.192393,49.21247],[119.203705,49.210517],[119.229747,49.201239],[119.243256,49.198188],[119.255951,49.197821],[119.268647,49.199042],[119.280854,49.201687],[119.291596,49.205634],[119.351573,49.245632],[119.360606,49.256863],[119.368093,49.260077],[119.415294,49.260281],[119.427745,49.265326],[119.456716,49.287543],[119.506114,49.299262],[119.557872,49.29918],[119.754242,49.273871],[119.778819,49.275987],[119.823416,49.285427],[119.846609,49.287543],[119.896902,49.284003],[120.116466,49.235175],[120.145518,49.232937],[120.158376,49.228135],[120.164236,49.217353],[120.168386,49.205634],[120.175548,49.198188],[120.187755,49.197292],[120.195079,49.202338],[120.201101,49.208848],[120.209727,49.21247],[120.22462,49.212022],[120.232839,49.208808],[120.247813,49.195095],[120.259695,49.190619],[120.271983,49.192206],[120.284109,49.196072],[120.321788,49.200629],[120.344493,49.207587],[120.426199,49.251776],[120.559825,49.280097],[120.623139,49.307318],[120.638601,49.31863],[120.65919,49.329047],[120.685964,49.327908],[120.713634,49.323065],[120.737315,49.322333],[120.775076,49.345893],[120.783214,49.349636],[120.795421,49.35281],[120.866222,49.358466],[120.888764,49.364569],[120.943289,49.397773],[120.98406,49.414374],[121.028331,49.425645],[121.073009,49.430935],[121.083018,49.429023],[121.094819,49.425116],[121.107026,49.423367],[121.118175,49.427802],[121.143891,49.448798],[121.152273,49.452012],[121.17571,49.455105],[121.312918,49.503974],[121.337169,49.506659],[121.357351,49.512519],[121.375255,49.526313],[121.392182,49.542344],[121.408783,49.55504],[121.476573,49.585232],[121.495128,49.589219],[121.506114,49.592882],[121.532319,49.616523],[121.542247,49.621039],[121.624441,49.642157],[121.811534,49.644965],[121.824636,49.64997],[121.845307,49.666327],[121.868907,49.676215],[121.878429,49.678005],[121.978038,49.691677],[121.997976,49.699897],[122.032725,49.726833],[122.059011,49.735419],[122.094737,49.75373],[122.174734,49.784206],[122.28712,49.849311]]]}},{"type":"Feature","properties":{"name":"Daling","nameZh":"大凌河","scalerank":8,"featurecla":"River"},"geometry":{"type":"MultiLineString","coordinates":[[[118.978933,41.134101],[119.033214,41.149604],[119.166026,41.157538],[119.177175,41.155137],[119.188894,41.150946],[119.20045,41.149197],[119.211029,41.153754],[119.218761,41.163682],[119.227306,41.183295],[119.234874,41.191677],[119.240326,41.193712],[119.255463,41.195624],[119.262218,41.197821],[119.266043,41.200954],[119.274669,41.210313],[119.27589,41.212104],[119.317556,41.217231],[119.344249,41.230658],[119.369151,41.234158],[119.39446,41.232245],[119.413097,41.225165],[119.417898,41.217963],[119.422944,41.19831],[119.426768,41.191677],[119.435069,41.186876],[119.445079,41.18476],[119.482921,41.183051],[119.49407,41.180487],[119.504405,41.178331],[119.515717,41.177354],[119.529552,41.174262],[119.538992,41.166693],[119.54713,41.15766],[119.55714,41.15001],[119.590424,41.141059],[119.610037,41.138373],[119.621186,41.139838],[119.63087,41.146023],[119.66269,41.160956],[119.672455,41.163682],[119.684988,41.157782],[119.703705,41.134711],[119.717784,41.129584],[119.732432,41.127387],[119.762787,41.117499],[119.779307,41.115302],[119.791515,41.121405],[119.823985,41.157538],[119.850515,41.173448],[119.861257,41.182685],[119.865652,41.19477],[119.871104,41.204657],[119.884532,41.211778],[119.900401,41.218044],[119.913259,41.225165],[119.914806,41.231472],[119.912608,41.249335],[119.91684,41.253119],[119.924897,41.254462],[119.933197,41.258002],[119.947358,41.26671],[119.939952,41.281317],[119.9428,41.293891],[119.951427,41.304958],[119.994314,41.342882],[119.999034,41.34809],[120.077729,41.394843],[120.091563,41.40705],[120.107921,41.412543],[120.20753,41.430609],[120.269216,41.426947],[120.29892,41.431749],[120.296886,41.451728],[120.337169,41.468573],[120.376964,41.492296],[120.41269,41.519232],[120.440929,41.545681],[120.444916,41.547431],[120.456065,41.548285],[120.461436,41.551866],[120.462413,41.556179],[120.460704,41.567735],[120.461436,41.572333],[120.469005,41.593858],[120.47462,41.602851],[120.485362,41.606513],[120.505056,41.609809],[120.54835,41.624294],[120.5713,41.62755],[120.646414,41.606553],[120.664073,41.610216],[120.670339,41.615912],[120.69101,41.630683],[120.715017,41.654975],[120.722667,41.66116],[120.854503,41.736274],[120.878429,41.745673],[120.898936,41.749579],[120.946788,41.749864],[120.975597,41.744086],[120.985037,41.728583],[120.988455,41.70657],[120.998627,41.681016],[121.014171,41.661322],[121.056244,41.622992],[121.062266,41.613227],[121.064708,41.60574],[121.069916,41.600857],[121.083914,41.599066],[121.098725,41.595323],[121.099539,41.586208],[121.095144,41.574774],[121.094249,41.564317],[121.110037,41.544013],[121.125418,41.548651],[121.1421,41.560329],[121.162527,41.561225],[121.175222,41.558946],[121.204031,41.559149],[121.214366,41.554389],[121.223155,41.548163],[121.247651,41.540107],[121.283295,41.533515],[121.35434,41.530829],[121.366222,41.528673],[121.385753,41.519314],[121.3921,41.517157],[121.39503,41.512274],[121.418224,41.491889],[121.422455,41.489203],[121.431407,41.467963],[121.432546,41.446601],[121.42628,41.426825],[121.412608,41.410427],[121.403087,41.393093],[121.396658,41.344672],[121.388438,41.324774],[121.372569,41.312852],[121.354747,41.303778],[121.339854,41.290635],[121.333751,41.266425],[121.335948,41.240587],[121.342703,41.223171],[121.353526,41.20954],[121.367931,41.195014],[121.402599,41.135362],[121.445242,41.114569],[121.482514,41.1081],[121.495209,41.103542],[121.505056,41.098212],[121.600597,41.010281],[121.606049,41.001736],[121.611501,40.979031],[121.619721,40.97309],[121.629242,40.969265],[121.635916,40.961615],[121.634939,40.932563],[121.616303,40.900255],[121.588634,40.869574],[121.565033,40.8487]]]}},{"type":"Feature","properties":{"name":"Nanweng","nameZh":"Nanweng","scalerank":8,"featurecla":"River"},"geometry":{"type":"MultiLineString","coordinates":[[[124.639903,51.310614],[124.651296,51.306179],[124.862641,51.309272],[124.917654,51.300727],[124.99464,51.275987],[125.0206,51.272773],[125.046316,51.275702],[125.109955,51.300727],[125.136485,51.305121],[125.215831,51.300727],[125.241466,51.294989],[125.252615,51.280829],[125.259939,51.262641],[125.273936,51.244818],[125.293224,51.241889],[125.323253,51.242865],[125.351085,51.240668],[125.363292,51.228339],[125.371755,51.213324],[125.391775,51.202094],[125.43214,51.190212],[125.483816,51.187038],[125.505382,51.179633],[125.517589,51.149034],[125.52589,51.145575],[125.536143,51.143826],[125.545421,51.138699],[125.557384,51.133857],[125.563975,51.145046],[125.569347,51.169745],[125.58839,51.178087],[125.611095,51.179389],[125.651296,51.175889],[125.661794,51.178168],[125.677013,51.187934],[125.689057,51.190212],[125.727631,51.185329],[125.740001,51.186225],[125.799327,51.209906],[125.818858,51.213568],[125.843272,51.206122],[125.851085,51.188056],[125.855724,51.165473],[125.870372,51.144639],[125.888194,51.138983],[125.911632,51.134589],[125.928233,51.126492],[125.925141,51.109931],[125.956554,51.111436],[125.965912,51.109931],[125.980561,51.10574],[125.98406,51.104112],[125.982026,51.099555],[125.980154,51.08629],[125.98878,51.070258],[126.026378,51.051052],[126.034923,51.03852],[126.035818,51.029161],[126.040538,51.018744]]]}},{"type":"Feature","properties":{"name":"Chaor","nameZh":"Chaor","scalerank":8,"featurecla":"River"},"geometry":{"type":"MultiLineString","coordinates":[[[121.826752,48.784206],[121.877452,48.762478],[121.892507,48.750556],[121.920339,48.721747],[121.937266,48.707546],[121.95574,48.697821],[122.017507,48.684434],[122.037608,48.677069],[122.040457,48.663031],[122.069835,48.617214],[122.135753,48.526557],[122.143321,48.509345],[122.151134,48.47016],[122.159679,48.454901],[122.179779,48.440985],[122.187755,48.433132],[122.193614,48.411811],[122.199636,48.402655],[122.206472,48.395087],[122.211436,48.390692],[122.222992,48.385281],[122.248139,48.380805],[122.259288,48.37641],[122.265717,48.368964],[122.275483,48.34809],[122.29892,48.321234],[122.298106,48.308905],[122.288829,48.295111],[122.279714,48.273383],[122.278331,48.249701],[122.29005,48.21251],[122.293386,48.194525],[122.297374,48.181464],[122.307221,48.173407],[122.350515,48.15766],[122.362315,48.15058],[122.371755,48.140977],[122.383311,48.126573],[122.420909,48.101874],[122.467784,48.100694],[122.559093,48.122382],[122.603526,48.118598],[122.650076,48.096462],[122.69101,48.0633],[122.718435,48.026231],[122.72047,48.001776],[122.718028,47.969997],[122.723399,47.94245],[122.775645,47.918891],[122.778819,47.890896],[122.766205,47.831407],[122.773041,47.776475],[122.793793,47.724677],[122.832612,47.684394],[122.845795,47.660671],[122.834565,47.636542],[122.843028,47.618109],[122.847667,47.590399],[122.846609,47.565009],[122.83489,47.548774],[122.833914,47.536933],[122.835134,47.524197],[122.83839,47.51614],[122.876069,47.485704],[122.889252,47.469102],[122.906993,47.431016],[122.977957,47.355333],[123.050304,47.296698],[123.070811,47.265977],[123.077647,47.26203],[123.100352,47.241278],[123.108328,47.231879],[123.114024,47.213162],[123.115245,47.187812],[123.112234,47.165635],[123.105154,47.156114],[123.121104,47.149522],[123.163585,47.101508],[123.393077,46.973456],[123.42864,46.961371],[123.452403,46.957872],[123.491954,46.957384],[123.507335,46.955268],[123.519135,46.950019]]]}},{"type":"Feature","properties":{"name":"Argun’","nameZh":"Argun’","scalerank":3,"featurecla":"River"},"geometry":{"type":"MultiLineString","coordinates":[[[121.405365,53.317084],[121.357432,53.324327],[121.340587,53.32392],[121.328054,53.320258],[121.299571,53.302802],[121.253184,53.287177],[121.203136,53.276964],[121.151541,53.274726],[121.054698,53.290229],[120.873953,53.280463],[120.84547,53.273749],[120.825694,53.262152],[120.830089,53.245063],[120.82366,53.235541],[120.750906,53.207221],[120.713796,53.18537],[120.651785,53.123114],[120.61435,53.097357],[120.527436,53.056016],[120.450043,53.008612],[120.391612,52.957099],[120.361827,52.939643],[120.35377,52.933458],[120.346202,52.923774],[120.342214,52.915717],[120.337006,52.907904],[120.326427,52.899359],[120.302013,52.891466],[120.290294,52.885606],[120.285492,52.875108],[120.279877,52.866156],[120.267019,52.858425],[120.252045,52.852973],[120.21933,52.845242],[120.177013,52.818183],[120.155691,52.809353],[120.065684,52.783515],[120.032725,52.760932],[120.045828,52.734239],[120.043793,52.723741],[120.05128,52.704901],[120.052664,52.693305],[120.036388,52.668402],[120.032237,52.659125],[120.029877,52.639716],[120.033376,52.625596],[120.042247,52.613715],[120.056082,52.600775],[120.079112,52.590196],[120.112722,52.584784],[120.175548,52.584052],[120.197846,52.589423],[120.24171,52.607489],[120.260834,52.611396],[120.367279,52.61754],[120.389171,52.622504],[120.429617,52.636339],[120.453624,52.639268],[120.463634,52.636298],[120.491466,52.61754],[120.539236,52.603868],[120.608409,52.574286],[120.654226,52.567247],[120.707042,52.550605],[120.723643,52.542426],[120.707774,52.518419],[120.7046,52.509467],[120.703705,52.498114],[120.701671,52.488959],[120.692312,52.474921],[120.690115,52.470404],[120.690115,52.439399],[120.681244,52.423285],[120.660085,52.399034],[120.655935,52.381659],[120.651866,52.372748],[120.642833,52.366563],[120.633311,52.362087],[120.628022,52.3581],[120.625987,52.347113],[120.628917,52.341132],[120.633311,52.335761],[120.635509,52.326443],[120.654552,52.299384],[120.73878,52.256903],[120.757823,52.237657],[120.756765,52.228095],[120.752045,52.212022],[120.750906,52.203233],[120.753429,52.19477],[120.766368,52.179796],[120.771495,52.171942],[120.777192,52.165229],[120.78297,52.162218],[120.783946,52.158271],[120.775076,52.148627],[120.770925,52.141221],[120.770925,52.132758],[120.773936,52.124538],[120.778901,52.117947],[120.766368,52.10871],[120.752615,52.086615],[120.74464,52.076931],[120.731863,52.070502],[120.717784,52.06684],[120.705496,52.061347],[120.696869,52.049018],[120.695974,52.034735],[120.700857,52.023139],[120.707286,52.012722],[120.711192,52.001817],[120.710541,51.988593],[120.705577,51.980251],[120.683442,51.959581],[120.661713,51.92532],[120.64739,51.911322],[120.624604,51.905585],[120.578543,51.908026],[120.56601,51.905585],[120.555756,51.898627],[120.549083,51.890733],[120.540945,51.883328],[120.526296,51.877712],[120.511485,51.87641],[120.501882,51.877509],[120.492931,51.875922],[120.480561,51.867133],[120.475841,51.859402],[120.471202,51.849311],[120.464692,51.840522],[120.453624,51.836737],[120.427257,51.83393],[120.40797,51.826361],[120.374115,51.802558],[120.319021,51.776231],[120.181163,51.683214],[120.165294,51.668809],[120.153575,51.664252],[120.122,51.667426],[120.107921,51.665391],[120.10019,51.660224],[120.085541,51.644639],[120.064708,51.61518],[120.056407,51.596706],[120.053233,51.577257],[120.052664,51.552436],[120.041921,51.538764],[119.991954,51.503485],[119.977061,51.487331],[119.973888,51.464423],[119.980235,51.45307],[119.982432,51.44245],[119.966889,51.422146],[119.95989,51.412543],[119.956635,51.404853],[119.952647,51.397976],[119.9428,51.391059],[119.89503,51.384223],[119.899832,51.370469],[119.912364,51.349921],[119.915457,51.331],[119.891612,51.322821],[119.882904,51.318305],[119.860362,51.289252],[119.850352,51.284532],[119.828543,51.279975],[119.819347,51.27501],[119.815929,51.269314],[119.805675,51.244249],[119.809093,51.232937],[119.814464,51.223009],[119.814708,51.216132],[119.802257,51.213568],[119.771983,51.218777],[119.761974,51.215399],[119.757823,51.199286],[119.785167,51.171942],[119.772472,51.16295],[119.766775,51.15998],[119.757823,51.158311],[119.765066,51.142686],[119.761485,51.128485],[119.754405,51.114569],[119.750499,51.100287],[119.747976,51.083686],[119.740733,51.071845],[119.728119,51.064805],[119.709972,51.06269],[119.709972,51.038886],[119.682872,51.016303],[119.603933,50.978461],[119.593679,50.969794],[119.572846,50.946072],[119.517589,50.905056],[119.529796,50.887315],[119.527843,50.867011],[119.515554,50.848415],[119.497081,50.836208],[119.513764,50.813585],[119.514659,50.792263],[119.504487,50.7508],[119.496511,50.737331],[119.45696,50.69656],[119.442475,50.685329],[119.417572,50.676581],[119.403738,50.673529],[119.391368,50.672309],[119.382823,50.666856],[119.373546,50.643012],[119.364024,50.637519],[119.348643,50.634955],[119.340831,50.628363],[119.335053,50.619493],[119.325857,50.610216],[119.313569,50.604844],[119.302826,50.602973],[119.293224,50.599433],[119.28476,50.589179],[119.286225,50.577948],[119.264415,50.52029],[119.260265,50.514268],[119.253998,50.509833],[119.25058,50.504828],[119.254242,50.49726],[119.258881,50.493476],[119.262136,50.492214],[119.263927,50.489814],[119.264415,50.483018],[119.260916,50.479519],[119.243256,50.445746],[119.215831,50.425157],[119.206472,50.415351],[119.198253,50.413357],[119.167491,50.414374],[119.154552,50.411566],[119.146414,50.404486],[119.137218,50.392768],[119.13323,50.381781],[119.14088,50.376899],[119.171641,50.375922],[119.180186,50.370063],[119.174897,50.356391],[119.187755,50.355007],[119.21339,50.356798],[119.223399,50.356391],[119.232921,50.352973],[119.246104,50.344428],[119.250499,50.342719],[119.314057,50.351996],[119.333344,50.350165],[119.35255,50.345771],[119.356375,50.34101],[119.363455,50.31977],[119.365326,50.311103],[119.362071,50.304389],[119.350108,50.301785],[119.338308,50.294257],[119.333507,50.276435],[119.331391,50.217597],[119.333995,50.211371],[119.343272,50.20246],[119.346934,50.19538],[119.348074,50.184882],[119.343679,50.142686],[119.337494,50.124376],[119.328298,50.108222],[119.315929,50.092882],[119.300955,50.080024],[119.250662,50.048529],[119.222992,50.025214],[119.208344,50.015408],[119.189382,50.007514],[119.091319,49.986884],[118.990164,49.9796],[118.962332,49.982286],[118.94752,49.98546],[118.935476,49.989854],[118.923595,49.991889],[118.912608,49.987982],[118.902273,49.982449],[118.891124,49.9796],[118.791433,49.96662],[118.741222,49.953396],[118.712494,49.949734],[118.670339,49.962348],[118.644135,49.954861],[118.59962,49.93122],[118.570323,49.921007],[118.554291,49.91002],[118.520925,49.894232],[118.497651,49.877021],[118.490326,49.869737],[118.486095,49.860948],[118.480724,49.842719],[118.476654,49.836249],[118.455577,49.828925],[118.393565,49.820258],[118.380463,49.811713],[118.372651,49.786566],[118.353282,49.776719],[118.328543,49.773301],[118.304779,49.767361],[118.241466,49.729438],[118.229096,49.729438],[118.223074,49.712348],[118.207774,49.695665],[118.18808,49.681505],[118.168224,49.671739],[118.105968,49.652045],[118.088878,49.640448],[118.070893,49.625352],[118.054617,49.614325],[118.016775,49.596015],[117.930431,49.567654],[117.893565,49.546902],[117.873464,49.513495]]]}},{"type":"Feature","properties":{"name":"Wei","nameZh":"卫河","scalerank":8,"featurecla":"River"},"geometry":{"type":"MultiLineString","coordinates":[[[104.064952,34.986274],[104.067475,34.995714],[104.069021,35.018663],[104.071788,35.027208],[104.080984,35.033149],[104.094656,35.038398],[104.107351,35.045762],[104.115896,35.066921],[104.124278,35.074774],[104.134288,35.080349],[104.156505,35.086371],[104.166108,35.095567],[104.181651,35.115994],[104.197358,35.127956],[104.23406,35.139228],[104.271983,35.134101],[104.352957,35.109198],[104.373139,35.107001],[104.438569,35.109198],[104.456716,35.104112],[104.503835,35.068183],[104.592459,35.057969],[104.603526,35.048692],[104.668224,35.019802],[104.687999,34.998481],[104.694916,34.992499],[104.705089,34.987413],[104.713878,34.984198],[104.72047,34.979112],[104.725108,34.957628],[104.734386,34.938747],[104.736501,34.927924],[104.735037,34.915635],[104.729503,34.894355],[104.729096,34.883246],[104.750011,34.836941],[104.756358,34.828437],[104.774425,34.81155],[104.784434,34.807196],[104.794932,34.808905],[104.805675,34.812812],[104.815684,34.815009],[104.846446,34.780829],[104.886485,34.757921],[104.93629,34.749457],[104.987641,34.754747],[105.031342,34.773383],[105.041026,34.781928],[105.045339,34.788153],[105.051524,34.792304],[105.066824,34.79446],[105.166026,34.778754],[105.175222,34.773464],[105.183604,34.766628],[105.195811,34.759711],[105.239757,34.752224],[105.340017,34.758409],[105.387706,34.753485],[105.451427,34.734687],[105.473237,34.732449],[105.49114,34.725531],[105.499929,34.711249],[105.509939,34.699001],[105.531749,34.698269],[105.538259,34.702216],[105.547374,34.714464],[105.552175,34.718126],[105.563975,34.720079],[105.627533,34.714423],[105.647227,34.70543],[105.681895,34.684597],[105.723237,34.669013],[105.742686,34.656928],[105.750662,34.640204],[105.761485,34.626736],[105.786388,34.620958],[105.833425,34.615749],[105.85019,34.605292],[105.856619,34.594102],[105.86085,34.581081],[105.870616,34.564805],[105.884695,34.560085],[105.953136,34.554267],[105.976573,34.54796],[105.987315,34.54682],[105.995942,34.550238],[106.011241,34.565131],[106.021658,34.568549],[106.027843,34.560899],[106.048106,34.546088],[106.069591,34.536322],[106.079682,34.543728],[106.088878,34.556912],[106.10906,34.552191],[106.141694,34.5338],[106.161713,34.531562],[106.177257,34.536566],[106.192475,34.543484],[106.210704,34.54682],[106.225841,34.544501],[106.270925,34.527615],[106.307058,34.521674],[106.34669,34.520087],[106.450206,34.520087],[106.475678,34.524115],[106.486257,34.524034],[106.498057,34.520087],[106.510346,34.511094],[106.522065,34.499823],[106.534679,34.490098],[106.549327,34.486029],[106.572683,34.482489],[106.595876,34.472846],[106.613862,34.458604],[106.621023,34.44127],[106.626964,34.419501],[106.641612,34.405626],[106.65976,34.394884],[106.67628,34.382351],[106.764415,34.371365],[106.809093,34.373643],[106.85377,34.382351],[106.8838,34.393378],[106.895274,34.396023],[106.90797,34.396348],[106.926687,34.391181],[106.939708,34.389757],[106.949718,34.391913],[106.968842,34.401313],[106.980724,34.403428],[106.991954,34.401882],[107.03183,34.389757],[107.062266,34.372911],[107.073416,34.36933],[107.084727,34.370632],[107.096202,34.374945],[107.107432,34.377305],[107.137706,34.361396],[107.163585,34.356269],[107.296641,34.355048],[107.319591,34.351996],[107.358897,34.338446],[107.381277,34.33515],[107.429779,34.340766],[107.454845,34.340644],[107.474132,34.331732],[107.488292,34.322781],[107.533621,34.305447],[107.553233,34.300401],[107.604747,34.296658],[107.634369,34.298122],[107.671153,34.310126],[107.694753,34.304023],[107.738292,34.28738],[107.774913,34.284857],[107.786632,34.280544],[107.810964,34.25141],[107.816987,34.246405],[108.00172,34.232123],[108.087576,34.238959],[108.112234,34.232042],[108.135671,34.221869],[108.158946,34.216986],[108.183849,34.225898],[108.19573,34.219672],[108.206065,34.2213],[108.217377,34.225287],[108.231619,34.225898],[108.242686,34.221381],[108.263682,34.207221],[108.276378,34.20421],[108.368744,34.211697],[108.448416,34.208767],[108.467459,34.215115],[108.481944,34.226508],[108.497162,34.233913],[108.515554,34.23782],[108.587576,34.240587],[108.611827,34.245632],[108.622081,34.256049],[108.632823,34.260525],[108.690929,34.307888],[108.731944,34.320909],[108.760265,34.339179],[108.769542,34.341376],[108.782644,34.347032],[108.842377,34.382351],[108.903331,34.403428],[108.955984,34.414659],[108.995372,34.436306],[109.05421,34.45185],[109.074474,34.472357],[109.096446,34.47016],[109.129242,34.458686],[109.172862,34.431952],[109.179128,34.430121],[109.201182,34.430772],[109.211192,34.4324],[109.223074,34.436591],[109.23406,34.442206],[109.242198,34.448106],[109.250092,34.45893],[109.252533,34.467637],[109.253835,34.476142],[109.258881,34.486029],[109.263601,34.489203],[109.286713,34.49962],[109.286713,34.505886],[109.278738,34.509548],[109.273529,34.513861],[109.269949,34.519639],[109.266368,34.527615],[109.305675,34.543077],[109.328624,34.548041],[109.34547,34.543728],[109.361501,34.535712],[109.382335,34.532904],[109.399099,34.538113],[109.403412,34.554267],[109.416026,34.550238],[109.434255,34.548407],[109.450857,34.550401],[109.466075,34.565253],[109.483165,34.558295],[109.499034,34.546698],[109.502859,34.540635],[109.513927,34.538642],[109.553233,34.519843],[109.56837,34.514024],[109.583263,34.511664],[109.598074,34.51435],[109.612071,34.523871],[109.63144,34.549872],[109.643891,34.57099],[109.661713,34.582872],[109.697765,34.58161],[109.725597,34.575466],[109.735606,34.574774],[109.740896,34.578477],[109.742931,34.587104],[109.743907,34.596259],[109.746104,34.602078],[109.755626,34.614366],[109.761241,34.617051],[109.777436,34.608222],[109.784434,34.60989],[109.79005,34.615261],[109.793956,34.622504],[109.815684,34.60456],[109.848399,34.616319],[109.86964,34.602078],[109.878835,34.609158],[109.917491,34.622504],[109.921886,34.628241],[109.923106,34.635281],[109.925792,34.641181],[109.934581,34.643622],[109.95696,34.642849],[109.967459,34.645453],[109.972097,34.653266],[109.976329,34.67121],[109.986746,34.663886],[110.006277,34.636827],[110.021576,34.634955],[110.071707,34.643622],[110.083507,34.647895],[110.104991,34.666693],[110.112722,34.670966],[110.124522,34.66767],[110.15032,34.650824],[110.223888,34.620307],[110.257742,34.614366],[110.293468,34.623155]]]}},{"type":"Feature","properties":{"name":"Dali","nameZh":"Dali","scalerank":8,"featurecla":"River"},"geometry":{"type":"MultiLineString","coordinates":[[[108.115001,37.22016],[108.206391,37.318386],[108.224864,37.329372],[108.294688,37.341498],[108.306733,37.346747],[108.37558,37.405097],[108.391694,37.415635],[108.397634,37.421088],[108.403575,37.431749],[108.411062,37.467108],[108.413178,37.472724],[108.42571,37.480048],[108.436697,37.497423],[108.445323,37.518175],[108.450206,37.535468],[108.452403,37.554307],[108.450206,37.607449],[108.453298,37.617051],[108.468028,37.63227],[108.471202,37.641303],[108.472748,37.649359],[108.492198,37.693671],[108.496511,37.69892],[108.505382,37.706732],[108.51588,37.711697],[108.527192,37.714219],[108.535818,37.719021],[108.545095,37.749132],[108.558849,37.764675],[108.587901,37.788682],[108.647472,37.879747],[108.749522,37.960028],[108.788992,37.981024],[108.834972,37.987901],[108.927745,37.987901],[108.938487,37.992214],[108.951915,38.010932],[108.961518,38.015245],[108.97462,38.017117],[109.012543,38.028876],[109.053396,38.028876],[109.066987,38.031765],[109.088308,38.040635],[109.098155,38.042548],[109.162364,38.033881],[109.184255,38.035102],[109.224701,38.049384],[109.239268,38.052069],[109.276541,38.049384],[109.324718,38.05622],[109.337169,38.053046],[109.358409,38.038886],[109.368744,38.035102],[109.390229,38.039578],[109.427175,38.064073],[109.447276,38.071967],[109.455984,38.081366],[109.461518,38.083523],[109.466563,38.082343],[109.476085,38.077216],[109.491466,38.074571],[109.520112,38.062364],[109.612315,38.039903],[109.750255,38.029649],[109.784679,38.012803],[109.848562,37.966864],[109.893565,37.954169],[109.937266,37.955634]]]}},{"type":"Feature","properties":{"name":"Jing","nameZh":"Jing","scalerank":8,"featurecla":"River"},"geometry":{"type":"MultiLineString","coordinates":[[[106.418386,35.434841],[106.493663,35.513495],[106.518565,35.534369],[106.554698,35.552029],[106.597748,35.561632],[106.643972,35.562608],[106.689871,35.554226],[106.752533,35.528917],[106.769054,35.516954],[106.78712,35.508083],[106.861257,35.499579],[107.278575,35.360378],[107.323253,35.350775],[107.367686,35.349392],[107.435069,35.367051],[107.48585,35.372504],[107.553233,35.390326],[107.5831,35.389024],[107.6421,35.373643],[107.685313,35.368232],[107.717865,35.358588],[107.727957,35.35281],[107.736095,35.340155],[107.740489,35.327989],[107.747081,35.318874],[107.786143,35.310126],[107.861827,35.274278],[107.922455,35.266872],[107.937755,35.26142],[107.944835,35.255439],[107.95045,35.240749],[107.95224,35.237331],[107.955089,35.23371],[107.958995,35.229844],[107.964122,35.225857],[107.956065,35.22366],[107.936127,35.211615],[107.941905,35.178494],[107.936697,35.145453],[107.938406,35.116726],[107.964122,35.096137],[107.973725,35.090766],[107.988373,35.092231],[108.002533,35.095567],[108.018891,35.096137],[108.031261,35.090766],[108.066498,35.061347],[108.117931,35.030382],[108.149425,35.016547],[108.176362,35.013536],[108.166433,34.992133],[108.16269,34.986274],[108.175792,34.988064],[108.18214,34.985216],[108.195242,34.963446],[108.199718,34.94538],[108.20753,34.93476],[108.224864,34.921413],[108.264903,34.902533],[108.430268,34.800727],[108.431244,34.801825],[108.445567,34.801378],[108.450206,34.800727],[108.475108,34.788601],[108.482188,34.783637],[108.494721,34.769965],[108.500906,34.760443],[108.509939,34.737616],[108.515636,34.729031],[108.566173,34.686591],[108.604421,34.638007],[108.612804,34.619249],[108.618663,34.615749],[108.627371,34.613593],[108.793386,34.505886],[108.81308,34.500434],[108.861501,34.496649],[108.887706,34.485622],[108.898936,34.48489],[108.920665,34.486029],[108.926524,34.483832],[108.935476,34.474473],[108.94101,34.472357],[108.948009,34.478583],[108.951671,34.4831],[108.951671,34.486029],[108.960948,34.479682],[108.975352,34.464708],[108.98585,34.458686],[108.997325,34.45661],[109.036632,34.458686],[109.048106,34.460761],[109.070974,34.470038]]]}},{"type":"Feature","properties":{"name":"Qin","nameZh":"沁河","scalerank":8,"featurecla":"River"},"geometry":{"type":"MultiLineString","coordinates":[[[112.366954,36.575873],[112.358816,36.565863],[112.326264,36.435736],[112.319428,36.424994],[112.30071,36.41706],[112.29184,36.398017],[112.287852,36.351671],[112.282237,36.334418],[112.272553,36.31627],[112.268077,36.310492],[112.264659,36.308295],[112.272227,36.305203],[112.275401,36.298122],[112.273204,36.291042],[112.253917,36.283759],[112.256358,36.274726],[112.265391,36.265204],[112.274832,36.259955],[112.251475,36.251329],[112.25351,36.235907],[112.264415,36.21544],[112.268077,36.191677],[112.258718,36.171983],[112.232188,36.134223],[112.227061,36.109727],[112.250011,36.112494],[112.26588,36.096015],[112.288503,36.055121],[112.325857,36.024034],[112.329275,36.017686],[112.3296,36.002997],[112.3331,35.996772],[112.34075,35.987982],[112.338471,35.982978],[112.332774,35.978054],[112.329275,35.969428],[112.328543,35.958116],[112.32252,35.938422],[112.319428,35.893744],[112.323416,35.882432],[112.321788,35.869249],[112.318126,35.855577],[112.316417,35.842841],[112.317882,35.826606],[112.320893,35.814887],[112.326915,35.80504],[112.336925,35.794379],[112.329275,35.786933],[112.363455,35.777371],[112.366954,35.770372],[112.382498,35.75019],[112.387543,35.745958],[112.402599,35.740058],[112.414643,35.725938],[112.435151,35.69538],[112.452403,35.685329],[112.483816,35.686347],[112.500662,35.678331],[112.509939,35.664252],[112.524506,35.6199],[112.528087,35.602607],[112.528087,35.56505],[112.530284,35.555121],[112.53419,35.54446],[112.536062,35.5338],[112.531505,35.524115],[112.522227,35.516181],[112.519216,35.514675],[112.519949,35.512641],[112.5206,35.503282],[112.518972,35.493435],[112.516531,35.488308],[112.517019,35.48371],[112.53183,35.467312],[112.533295,35.462429],[112.53297,35.458116],[112.534923,35.451768],[112.555919,35.424506],[112.568289,35.384711],[112.579519,35.367743],[112.596283,35.3699],[112.600352,35.36046],[112.598643,35.355251],[112.595795,35.350653],[112.596283,35.343126],[112.608897,35.318712],[112.610606,35.31155],[112.613048,35.309353],[112.617442,35.30329],[112.619395,35.296983],[112.61435,35.294135],[112.605479,35.290839],[112.60377,35.28323],[112.606293,35.274197],[112.610606,35.266872],[112.618093,35.274278],[112.629487,35.263739],[112.639089,35.252265],[112.644786,35.237982],[112.645437,35.219062],[112.662039,35.224677],[112.660085,35.211737],[112.653087,35.193915],[112.65504,35.184882],[112.669363,35.180691],[112.679861,35.170193],[112.700694,35.143337],[112.708425,35.135443],[112.720225,35.125678],[112.735281,35.120469],[112.764659,35.132676],[112.78476,35.137397],[112.805186,35.138251],[112.819428,35.133083],[112.834402,35.125434],[112.891694,35.123399],[112.908946,35.11876],[112.940033,35.10517],[112.956391,35.102362],[112.98878,35.092841],[113.028819,35.05329],[113.06308,35.047716],[113.0796,35.052558],[113.155284,35.047716],[113.169526,35.048407],[113.18157,35.050971],[113.192393,35.056179],[113.203298,35.064765],[113.216319,35.071601],[113.22877,35.071112],[113.241628,35.068305],[113.254893,35.068183],[113.305186,35.08869],[113.334565,35.097032],[113.35434,35.092393],[113.364757,35.087104],[113.376964,35.086493],[113.387218,35.083564],[113.39503,35.063259],[113.401541,35.053656],[113.40504,35.043728],[113.398936,35.034044],[113.404552,35.02143],[113.424246,34.992214],[113.451589,34.967068]]]}},{"type":"Feature","properties":{"name":"Zhang","nameZh":"漳河","scalerank":8,"featurecla":"River"},"geometry":{"type":"MultiLineString","coordinates":[[[112.948416,37.069037],[112.937999,36.987413],[112.91505,36.908515],[112.89088,36.861762],[112.881358,36.834418],[112.88795,36.822292],[112.921153,36.823798],[112.936534,36.822781],[112.963634,36.814521],[112.972341,36.812934],[113.011485,36.811957],[113.023448,36.804958],[113.03004,36.791815],[113.034679,36.768988],[113.039561,36.758979],[113.04127,36.754706],[113.042003,36.750556],[113.045502,36.739285],[113.053396,36.731065],[113.069347,36.719835],[113.084483,36.694403],[113.090424,36.687079],[113.096934,36.682888],[113.103119,36.68122],[113.109793,36.680365],[113.116954,36.678249],[113.12851,36.669745],[113.137299,36.656684],[113.142996,36.64171],[113.14503,36.627387],[113.148936,36.621121],[113.17921,36.609971],[113.214447,36.582302],[113.233165,36.562283],[113.241222,36.544501],[113.247162,36.52379],[113.261485,36.509467],[113.295909,36.487128],[113.305105,36.477891],[113.315359,36.465196],[113.323171,36.459174],[113.356456,36.4442],[113.368175,36.435574],[113.379324,36.42182],[113.395437,36.389472],[113.405203,36.374457],[113.421804,36.363349],[113.443858,36.357856],[113.48878,36.355577],[113.507498,36.357937],[113.544932,36.36933],[113.564057,36.37226],[113.578217,36.37169],[113.584565,36.370307],[113.591075,36.367703],[113.596283,36.363471],[113.607514,36.352362],[113.61378,36.349392],[113.621023,36.349677],[113.634044,36.354193],[113.641775,36.353705],[113.648367,36.35045],[113.65919,36.342393],[113.66684,36.340847],[113.674083,36.342312],[113.679861,36.346015],[113.69101,36.35517],[113.697765,36.358913],[113.702729,36.360175],[113.78948,36.340359],[113.808035,36.339301],[113.825125,36.345038],[113.858653,36.362657],[113.867117,36.365261],[113.873057,36.364569],[113.878429,36.361396],[113.892019,36.350409],[113.899099,36.346137],[113.90683,36.344062],[113.915701,36.344997],[113.927989,36.348009],[113.933604,36.348456],[113.953868,36.346544],[113.959727,36.347683],[113.965831,36.350775],[113.975515,36.358262],[113.980886,36.35989],[113.989024,36.358913],[114.004242,36.353217],[114.016694,36.344672],[114.027436,36.333808],[114.037364,36.321479],[114.047781,36.311835],[114.059255,36.308661],[114.072032,36.310411],[114.085948,36.315456],[114.097667,36.32449],[114.108653,36.336127],[114.120535,36.344265],[114.135753,36.342475],[114.146576,36.331814],[114.156993,36.304796],[114.168793,36.296251],[114.200125,36.291083],[114.208914,36.285468],[114.214366,36.278428],[114.223888,36.26321],[114.229991,36.256781],[114.237397,36.253038],[114.261729,36.252021],[114.304291,36.240587],[114.313731,36.240587],[114.332449,36.244005],[114.350597,36.245063],[114.36321,36.251532],[114.371593,36.25434],[114.384369,36.255886],[114.442312,36.253689],[114.449474,36.250556],[114.468028,36.235378],[114.478282,36.233751],[114.489024,36.234402],[114.501882,36.232611],[114.524099,36.222764],[114.541515,36.211778],[114.559581,36.202826],[114.584076,36.199083],[114.596202,36.200141],[114.617442,36.204861],[114.628184,36.205919],[114.639171,36.203803],[114.661225,36.194119],[114.673106,36.191677],[114.693614,36.193305],[114.747162,36.206732],[114.785085,36.229519],[115.091726,36.292751],[115.111908,36.30154],[115.146251,36.328884],[115.180675,36.345974],[115.190115,36.353054],[115.200043,36.358588],[115.221609,36.36164],[115.231619,36.366645],[115.23878,36.373847],[115.245942,36.386746],[115.263276,36.411078],[115.2706,36.432725],[115.274506,36.45657],[115.27589,36.4796],[115.282725,36.487128],[115.288992,36.498806],[115.308849,36.517401],[115.317393,36.528022],[115.320242,36.536729],[115.322765,36.556342],[115.327403,36.565294],[115.343354,36.57453],[115.347748,36.58161],[115.341319,36.592882],[115.341401,36.599677],[115.348399,36.608588],[115.365245,36.624294],[115.399832,36.671576],[115.409679,36.6789],[115.423839,36.686306],[115.44337,36.703396],[115.460867,36.722846],[115.47755,36.753485],[115.499278,36.761583],[115.543956,36.767646],[115.626069,36.793524],[115.664073,36.815212],[115.680593,36.8428]]]}},{"type":"Feature","properties":{"name":"Orhon","nameZh":"Orhon","scalerank":8,"featurecla":"River"},"geometry":{"type":"MultiLineString","coordinates":[[[106.155365,50.253974],[106.190522,50.243598],[106.197032,50.240302],[106.195811,50.229844],[106.187511,50.221503],[106.181163,50.21308],[106.194428,50.185248],[106.184988,50.1706],[106.168468,50.157294],[106.155365,50.14411],[106.141694,50.109931],[106.143891,50.105333],[106.154063,50.102118],[106.155365,50.0963],[106.152436,50.090033],[106.143565,50.082058],[106.138601,50.072089],[106.123057,50.052558],[106.112071,50.043972],[106.116303,50.034003],[106.124034,50.024482],[106.127452,50.021186],[106.139578,49.990261],[106.141694,49.9796],[106.140717,49.976264],[106.13795,49.9713],[106.135346,49.965399],[106.134939,49.959093],[106.137787,49.953192],[106.142345,49.948188],[106.146658,49.944363],[106.148529,49.941759],[106.150808,49.930691],[106.160167,49.918484],[106.162364,49.907904],[106.158376,49.895697],[106.149099,49.88642],[106.127452,49.869737],[106.107351,49.847724],[106.100841,49.842393],[106.071544,49.830878],[106.066742,49.82571],[106.062429,49.813992],[106.052745,49.806342],[106.043061,49.80154],[106.038666,49.798041],[106.011485,49.759874],[105.989187,49.739854],[105.974213,49.730414],[105.959972,49.726386],[105.901541,49.698432],[105.893647,49.691026],[105.870616,49.660915],[105.858653,49.650906],[105.833018,49.635688],[105.744151,49.569688],[105.726573,49.561876],[105.691742,49.556993],[105.669526,49.543158],[105.661632,49.521593],[105.669444,49.493598],[105.660492,49.483669],[105.643484,49.468695],[105.634776,49.458848],[105.615733,49.429714],[105.61085,49.42475],[105.60434,49.421495],[105.596202,49.413642],[105.589285,49.403428],[105.586192,49.393378],[105.581391,49.387152],[105.552175,49.370144],[105.547781,49.36164],[105.538503,49.335313],[105.530284,49.319892],[105.526866,49.311103],[105.525401,49.298163],[105.516775,49.28795],[105.46339,49.239122],[105.460948,49.235419],[105.459076,49.229071],[105.455984,49.22545],[105.450287,49.222195],[105.445567,49.221259],[105.440929,49.220974],[105.41269,49.209581],[105.402436,49.203966],[105.391124,49.195095],[105.378673,49.179063],[105.358979,49.142646],[105.346121,49.12995],[105.321381,49.122016],[105.233165,49.123074],[105.216889,49.131212],[105.202159,49.147162],[105.183035,49.158026],[105.154307,49.150987],[105.146495,49.142686],[105.138682,49.130886],[105.127533,49.120185],[105.110281,49.115668],[105.100841,49.109687],[105.079275,49.080349],[105.073009,49.069037],[105.070567,49.058132],[105.071381,49.048774],[105.070567,49.039984],[105.035085,49.003282],[105.016531,48.988552],[104.999929,48.979031],[104.981456,48.973822],[104.95696,48.972235]],[[101.509044,47.021918],[101.550385,46.974962],[101.553966,46.96662],[101.5595,46.963446],[101.575776,46.949327],[101.581065,46.946153],[101.590912,46.944444],[101.666026,46.915595],[101.681163,46.901679],[101.691824,46.858669],[101.704112,46.839545],[101.72169,46.825059],[101.742279,46.816474],[101.763601,46.812038],[101.818126,46.807074],[102.042572,46.82099],[102.358165,46.915107],[102.401459,46.935614],[102.464854,46.947455],[102.485362,46.955105],[102.550792,46.990424],[102.574718,46.994574],[102.608897,47.0185],[102.617686,47.022976],[102.643158,47.025662],[102.653575,47.028103],[102.706472,47.074042],[102.715587,47.086453],[102.722179,47.102729],[102.737804,47.112901],[102.75587,47.121121],[102.770112,47.13113],[102.789561,47.165595],[102.800955,47.21015],[102.802257,47.256415],[102.790619,47.29621],[102.742279,47.360907],[102.723155,47.378485],[102.695242,47.432807],[102.688406,47.454657],[102.689138,47.469794],[102.692882,47.484402],[102.695242,47.504828],[102.690115,47.520535],[102.653575,47.569363],[102.627615,47.594591],[102.602631,47.614529],[102.586192,47.638739],[102.585948,47.677517],[102.595225,47.694525],[102.626394,47.728461],[102.635834,47.750067],[102.641694,47.754991],[102.646495,47.76142],[102.646007,47.773057],[102.640391,47.780463],[102.61964,47.792833],[102.611908,47.801052],[102.620372,47.837348],[102.611095,47.882514],[102.592052,47.924506],[102.571707,47.951239],[102.561534,47.956366],[102.552013,47.958441],[102.543468,47.962022],[102.536794,47.971706],[102.537608,47.978949],[102.544932,48.001166],[102.54713,48.005886],[102.567556,48.013373],[102.573416,48.031684],[102.571707,48.074774],[102.588878,48.13703],[102.592784,48.182807],[102.596934,48.201036],[102.622569,48.254421],[102.628917,48.27619],[102.632253,48.296739],[102.633067,48.315212],[102.629893,48.323798],[102.615164,48.333848],[102.611908,48.343085],[102.598155,48.430487],[102.598237,48.449246],[102.603608,48.466742],[102.621674,48.504259],[102.622813,48.514431],[102.615164,48.53144],[102.627208,48.53974],[102.644623,48.547309],[102.657644,48.570583],[102.667491,48.574897],[102.687755,48.579535],[102.689952,48.582139],[102.692312,48.586249],[102.695567,48.590399],[102.701427,48.593207],[102.708507,48.594184],[102.720876,48.593085],[102.72934,48.593207],[102.774913,48.600409],[102.814871,48.612006],[102.922944,48.658026],[102.972341,48.66828],[103.021576,48.669135],[103.057628,48.654731],[103.074799,48.654853],[103.095632,48.641913],[103.147472,48.594265],[103.167491,48.579535],[103.181895,48.574083],[103.228933,48.56448],[103.234386,48.564561],[103.247081,48.570014],[103.261974,48.57449],[103.273936,48.571601],[103.282237,48.560492],[103.286143,48.552761],[103.291515,48.548285],[103.304698,48.547065],[103.313731,48.550482],[103.335948,48.564887],[103.34905,48.568183],[103.371186,48.565782],[103.379893,48.56745],[103.393484,48.575019],[103.382416,48.586005],[103.398448,48.594346],[103.441173,48.601671],[103.506277,48.595404],[103.534272,48.596544],[103.53712,48.597602],[103.538259,48.602729],[103.5442,48.615912],[103.542491,48.623155],[103.542247,48.629747],[103.5442,48.636501],[103.548269,48.640896],[103.564708,48.650092],[103.592052,48.678046],[103.602957,48.680121],[103.612315,48.678819],[103.622,48.678819],[103.634288,48.684882],[103.626231,48.678046],[103.653901,48.666327],[103.692312,48.659451],[103.726736,48.661811],[103.743337,48.678046],[103.731863,48.682074],[103.72226,48.687283],[103.714692,48.694525],[103.708751,48.704698],[103.738455,48.699001],[103.751231,48.69949],[103.763601,48.721706],[103.779796,48.722195],[103.79713,48.715847],[103.808442,48.708441],[103.816498,48.698269],[103.822032,48.6883],[103.825125,48.678249],[103.826101,48.667507],[103.831391,48.663601],[103.842784,48.668769],[103.85434,48.680121],[103.859467,48.69477],[103.867442,48.720038],[103.886729,48.712755],[103.928396,48.678046],[103.936453,48.677843],[103.948985,48.684434],[103.95574,48.684882],[103.962983,48.681667],[103.976166,48.6706],[103.978526,48.667182],[103.980479,48.6612],[103.983653,48.654853],[103.989838,48.650092],[103.997,48.648708],[104.023367,48.650092],[104.015229,48.663601],[104.013764,48.67768],[104.019949,48.683946],[104.046397,48.666083],[104.062592,48.660915],[104.095714,48.657538],[104.153819,48.664374],[104.171967,48.663031],[104.189871,48.659247],[104.207042,48.658026],[104.222667,48.664374],[104.208588,48.675116],[104.213145,48.679511],[104.227468,48.679755],[104.282319,48.669867],[104.302257,48.671698],[104.318858,48.684882],[104.352061,48.664578],[104.376557,48.68126],[104.411388,48.736396],[104.425955,48.741075],[104.447032,48.740505],[104.467214,48.736151],[104.493663,48.723578],[104.50644,48.730536],[104.524913,48.753119],[104.517507,48.759955],[104.528412,48.770046],[104.53712,48.783718],[104.546967,48.795722],[104.561534,48.800971],[104.583018,48.800889],[104.591319,48.803046],[104.606293,48.828233],[104.626964,48.848171],[104.640636,48.8581],[104.65089,48.862372],[104.672862,48.863959],[104.686534,48.868964],[104.716075,48.890326],[104.760265,48.915595],[104.788178,48.939643],[104.801768,48.948065],[104.832774,48.959255],[104.867442,48.962958],[104.937429,48.961737],[104.963145,48.972235]]]}},{"type":"Feature","properties":{"name":"Luan","nameZh":"滦河","scalerank":8,"featurecla":"River"},"geometry":{"type":"MultiLineString","coordinates":[[[116.61435,41.907904],[116.573741,41.889472],[116.554454,41.876247],[116.541108,41.858669],[116.527436,41.821601],[116.516612,41.804511],[116.490001,41.785468],[116.47877,41.771674],[116.475597,41.749864],[116.482595,41.733466],[116.494233,41.718451],[116.50172,41.703681],[116.495616,41.687812],[116.520763,41.684841],[116.532725,41.667914],[116.542491,41.649034],[116.56129,41.640001],[116.572846,41.643988],[116.584483,41.651231],[116.596446,41.655463],[116.621186,41.644884],[116.632335,41.648627],[116.642833,41.655626],[116.65325,41.660509],[116.66505,41.661485],[116.701589,41.660509],[116.735769,41.672309],[116.746349,41.67418],[116.764415,41.671088],[116.888113,41.622423],[116.910167,41.619574],[116.920339,41.620673],[116.940033,41.625312],[116.951427,41.62641],[116.967459,41.625067],[116.976654,41.62169],[116.984386,41.617255],[117.064057,41.58865],[117.10434,41.582872],[117.154714,41.567572],[117.174571,41.558173],[117.191987,41.542996],[117.201915,41.537665],[117.211029,41.537624],[117.220225,41.53974],[117.227061,41.536485],[117.229747,41.52029],[117.231456,41.514106],[117.239757,41.497992],[117.242768,41.489203],[117.242442,41.476752],[117.239675,41.466376],[117.239187,41.456244],[117.246593,41.444525],[117.250499,41.436387],[117.251394,41.42532],[117.250255,41.403591],[117.255056,41.392157],[117.266694,41.381537],[117.290619,41.366278],[117.306733,41.352484],[117.316987,41.349311],[117.339692,41.359931],[117.351492,41.358832],[117.356293,41.35338],[117.345795,41.344591],[117.352468,41.340847],[117.355398,41.339626],[117.359467,41.338406],[117.359467,41.331],[117.318614,41.331],[117.326671,41.321234],[117.336436,41.316962],[117.34669,41.313788],[117.356049,41.307318],[117.351329,41.304796],[117.348074,41.291287],[117.344737,41.244818],[117.354096,41.228624],[117.393647,41.201239],[117.38616,41.195014],[117.393647,41.187567],[117.399425,41.190863],[117.407644,41.192572],[117.417491,41.192979],[117.428396,41.192206],[117.462494,41.184882],[117.475515,41.179633],[117.482432,41.174506],[117.489187,41.154364],[117.490489,41.127875],[117.487804,41.102403],[117.482432,41.08515],[117.506602,41.085028],[117.514659,41.072699],[117.510183,41.056016],[117.496023,41.042914],[117.5088,41.027045],[117.503917,41.012397],[117.495128,40.99787],[117.496023,40.982123],[117.528738,40.991278],[117.561453,40.978705],[117.592296,40.962714],[117.61964,40.961615],[117.629812,40.971503],[117.639252,40.985663],[117.65089,40.997992],[117.66741,41.002631],[117.679617,40.996161],[117.697846,40.96662],[117.708995,40.954779],[117.766124,40.943061],[117.777273,40.934353],[117.773367,40.924262],[117.763438,40.914822],[117.760671,40.904893],[117.777273,40.893378],[117.794526,40.891547],[117.811127,40.896837],[117.826182,40.903673],[117.839366,40.906358],[117.856619,40.900458],[117.864513,40.888861],[117.863048,40.874091],[117.853608,40.858588],[117.870046,40.859687],[117.888682,40.864854],[117.90683,40.87226],[117.920502,40.879706],[117.925955,40.887234],[117.924083,40.893581],[117.924897,40.897976],[117.937999,40.899604],[117.9463,40.895697],[117.964692,40.877712],[117.969005,40.87226],[117.971202,40.864366],[117.970876,40.855414],[117.97226,40.848009],[117.979015,40.844916],[117.990815,40.846218],[118.014578,40.851264],[118.024099,40.851752],[118.044932,40.844916],[118.052989,40.832384],[118.057709,40.81684],[118.068614,40.800849],[118.085053,40.791571],[118.106863,40.782986],[118.125499,40.772813],[118.133474,40.758979],[118.132335,40.749945],[118.12672,40.728868],[118.132904,40.718329],[118.15089,40.704128],[118.154552,40.697821],[118.160655,40.680935],[118.171886,40.671576],[118.178803,40.663398],[118.171316,40.65001],[118.140636,40.62226],[118.136241,40.610419],[118.160737,40.612169],[118.156261,40.605658],[118.151947,40.597764],[118.148855,40.588568],[118.147065,40.57807],[118.169932,40.587836],[118.181651,40.590644],[118.194916,40.591742],[118.19044,40.579779],[118.174571,40.550727],[118.186046,40.553046],[118.204031,40.565212],[118.216075,40.570624],[118.215017,40.558905],[118.218191,40.549994],[118.225108,40.544501],[118.236501,40.54328],[118.234467,40.538845],[118.231293,40.527289],[118.229096,40.522773],[118.265066,40.514919],[118.2706,40.512274],[118.266368,40.502753],[118.247569,40.501899],[118.243337,40.492377],[118.24879,40.487982],[118.275076,40.490098],[118.284272,40.488715],[118.29127,40.476833],[118.288503,40.465359],[118.277436,40.447699],[118.27532,40.43476],[118.277436,40.403022],[118.274425,40.390326],[118.260265,40.372748],[118.256928,40.362087],[118.260265,40.350165],[118.274425,40.327826],[118.277436,40.31741],[118.273692,40.308173],[118.250092,40.276435],[118.2588,40.274482],[118.284109,40.271593],[118.29127,40.269599],[118.295909,40.263617],[118.296886,40.258246],[118.296886,40.251573],[118.298595,40.241645],[118.29713,40.240302],[118.292247,40.229071],[118.29127,40.224555],[118.293224,40.21955],[118.302338,40.212348],[118.304779,40.208116],[118.307546,40.198554],[118.311046,40.191026],[118.311534,40.183132],[118.304779,40.172716],[118.317556,40.151923],[118.334239,40.147284],[118.377452,40.15351],[118.450776,40.145046],[118.523692,40.150499],[118.5678,40.14643],[118.600597,40.126776],[118.613292,40.084581],[118.611908,40.073554],[118.606456,40.053778],[118.606456,40.043647],[118.610037,40.037787],[118.623464,40.022081],[118.626394,40.012559],[118.630789,40.002753],[118.649913,39.988837],[118.659679,39.965033],[118.672455,39.957302],[118.688243,39.953925],[118.702078,39.95364],[118.733653,39.963935],[118.741222,39.957953],[118.743663,39.930365],[118.749034,39.92182],[118.772472,39.915635],[118.777843,39.909613],[118.778901,39.898505],[118.781993,39.891384],[118.802745,39.860053],[118.807384,39.848253],[118.804128,39.836249],[118.791433,39.817084],[118.799571,39.800808],[118.788666,39.787421],[118.772472,39.776068],[118.764171,39.765896],[118.762218,39.755723],[118.753022,39.73371],[118.750499,39.721503],[118.751069,39.710069],[118.757335,39.683661],[118.780284,39.649359],[118.826671,39.621934],[118.862315,39.593695],[118.853526,39.556993],[118.87794,39.546007],[118.910167,39.542304],[118.973399,39.543402],[118.97462,39.537136],[118.970225,39.501776],[118.980724,39.493964],[119.01946,39.472235],[119.031668,39.466986],[119.048106,39.467353],[119.08074,39.47838],[119.096609,39.481309],[119.114675,39.479071],[119.149425,39.469306],[119.16505,39.466986],[119.190522,39.457831],[119.244884,39.418972],[119.257498,39.412421]]]}},{"type":"Feature","properties":{"name":"Heilong Jiang","nameZh":"Heilong Jiang","scalerank":3,"featurecla":"River"},"geometry":{"type":"MultiLineString","coordinates":[[[126.647634,51.741523],[126.445811,51.982856],[126.438975,51.998114],[126.447032,52.01907],[126.466726,52.031928],[126.491303,52.039089],[126.514089,52.042792]],[[126.530854,52.15294],[126.493663,52.161485],[126.453054,52.16588],[126.350352,52.192003],[126.33253,52.19363],[126.316417,52.200019],[126.309093,52.214138],[126.311697,52.228217],[126.391775,52.264594],[126.438975,52.27558],[126.420665,52.287543],[126.344249,52.302924],[126.31544,52.316474],[126.344005,52.357856],[126.350515,52.377224],[126.343272,52.391669],[126.312429,52.41767],[126.295909,52.435492],[126.288829,52.450263],[126.275808,52.463568],[126.246593,52.466132],[126.216401,52.465033],[126.200043,52.467353],[126.20045,52.486762],[126.210053,52.511746],[126.211925,52.533271],[126.170095,52.547878],[126.082286,52.593614],[126.068451,52.595649],[126.062266,52.58747],[126.058849,52.575751],[126.050385,52.571479],[126.039236,52.569892],[126.027761,52.566677],[126.008881,52.568671],[125.990652,52.586737],[125.977061,52.611029],[125.972748,52.631863],[125.982514,52.653388],[126.002371,52.665717],[126.027273,52.671454],[126.052257,52.672797],[126.068451,52.680203],[126.061534,52.696967],[126.034923,52.727403],[126.048595,52.737372],[126.065684,52.744452],[126.10377,52.754706],[126.08782,52.775662],[126.066417,52.783474],[126.017507,52.78266],[126.007091,52.778876],[125.984955,52.764838],[125.976573,52.765245],[125.867198,52.849636],[125.860769,52.856309],[125.856619,52.864569],[125.857188,52.874701],[125.86142,52.881659],[125.863455,52.888861],[125.856619,52.899359],[125.837006,52.906928],[125.736257,52.896064],[125.691335,52.881537],[125.668386,52.878241],[125.646251,52.885118],[125.646902,52.90119],[125.660655,52.919623],[125.67864,52.933458],[125.688243,52.936713],[125.710704,52.941474],[125.719656,52.94656],[125.72405,52.95307],[125.733165,52.981879],[125.678233,53.005927],[125.649913,53.023627],[125.637706,53.046454],[125.621023,53.062364],[125.583751,53.05919],[125.521007,53.04267],[125.499278,53.050849],[125.476166,53.083767],[125.456065,53.091132],[125.427745,53.094997],[125.127045,53.206855],[125.073416,53.21251],[125.019054,53.211005],[124.918956,53.194159],[124.897472,53.185818],[124.879975,53.172797],[124.878835,53.15412],[124.891531,53.134467],[124.895925,53.117865],[124.869884,53.108222],[124.847748,53.113959],[124.821788,53.147528],[124.800955,53.155382],[124.747,53.147976],[124.719737,53.149115],[124.698009,53.162869],[124.695323,53.17003],[124.696544,53.176581],[124.695974,53.184027],[124.687999,53.193915],[124.678396,53.199571],[124.651378,53.209052],[124.639903,53.210639],[124.527843,53.210639],[124.500255,53.213935],[124.453624,53.228461],[124.40797,53.235948],[124.383393,53.246405],[124.35963,53.259711],[124.342214,53.272732],[124.32545,53.30622],[124.320974,53.310004],[124.304454,53.329291],[124.293224,53.351589],[124.275076,53.364936],[124.252615,53.3758],[124.232351,53.381944],[124.208507,53.382921],[124.182058,53.37877],[124.157481,53.370307],[124.139903,53.3581],[124.121593,53.352973],[124.100108,53.363593],[124.068451,53.389919],[124.055431,53.395209],[124.029714,53.400255],[124.0171,53.407294],[124.009776,53.414984],[123.98935,53.441718],[123.970307,53.45543],[123.876394,53.488959],[123.849864,53.495307],[123.731944,53.504014],[123.701427,53.510321],[123.677419,53.52029],[123.639171,53.551581],[123.614024,53.563666],[123.591563,53.558132],[123.560639,53.524482],[123.541596,53.51435],[123.519135,53.52029],[123.532319,53.532782],[123.539154,53.53738],[123.54713,53.540798],[123.535085,53.554958],[123.514171,53.56269],[123.494558,53.56037],[123.485769,53.544216],[123.485037,53.526313],[123.481293,53.518337],[123.471202,53.519232],[123.431407,53.536078],[123.419688,53.538764],[123.379893,53.543077],[123.367605,53.546088],[123.339854,53.561713],[123.309255,53.567735],[123.277192,53.56977],[123.252371,53.568061],[123.234386,53.560614],[123.203054,53.538601],[123.179698,53.530707],[123.163992,53.516628],[123.153331,53.513454],[123.002208,53.507636],[122.859304,53.474229],[122.470876,53.465033],[122.424897,53.452704],[122.401378,53.451239],[122.379405,53.461941],[122.357595,53.479804],[122.337413,53.491563],[122.316742,53.496283],[122.293386,53.492987],[122.225515,53.474189],[122.168468,53.469346],[122.147553,53.461371],[122.107839,53.438341],[122.081391,53.429755],[121.888682,53.430935],[121.640717,53.385199],[121.511811,53.330105],[121.458507,53.320746],[121.405365,53.317084]]]}},{"type":"Feature","properties":{"name":"Nen","nameZh":"嫩江","scalerank":8,"featurecla":"River"},"geometry":{"type":"MultiLineString","coordinates":[[[126.040538,51.018744],[126.043875,50.999864],[126.048595,50.992214],[126.053315,50.986355],[126.056082,50.98017],[126.053803,50.960557],[126.044932,50.943061],[126.031179,50.928534],[126.014415,50.918158],[126.020518,50.911322],[126.018158,50.90766],[126.000662,50.901679],[125.994558,50.89411],[125.992931,50.884223],[125.990001,50.875108],[125.980154,50.870307],[125.962983,50.885688],[125.951427,50.892524],[125.946218,50.887722],[125.944021,50.878119],[125.939057,50.869574],[125.932221,50.86225],[125.925141,50.856635],[125.917003,50.861151],[125.908376,50.862494],[125.899913,50.860867],[125.89088,50.856635],[125.898448,50.852322],[125.903575,50.847439],[125.911794,50.836208],[125.895844,50.82807],[125.846609,50.794542],[125.836355,50.784695],[125.823741,50.766669],[125.767833,50.767768],[125.753673,50.754218],[125.761811,50.743964],[125.799571,50.713406],[125.808442,50.695868],[125.802745,50.690619],[125.782481,50.675482],[125.784434,50.672309],[125.79005,50.666815],[125.802013,50.637519],[125.809581,50.596788],[125.809093,50.56212],[125.793061,50.534247],[125.753673,50.514024],[125.741222,50.511664],[125.72169,50.510443],[125.71282,50.507188],[125.705496,50.50019],[125.694021,50.482733],[125.689057,50.479315],[125.680186,50.477484],[125.667654,50.473212],[125.656749,50.467841],[125.651866,50.462836],[125.646495,50.452582],[125.633718,50.448065],[125.586436,50.440985],[125.574474,50.436225],[125.569347,50.428738],[125.572683,50.405341],[125.572032,50.393907],[125.565929,50.394232],[125.54184,50.406521],[125.530528,50.39293],[125.521007,50.342719],[125.513276,50.324897],[125.506114,50.314032],[125.497081,50.30919],[125.487315,50.306749],[125.474864,50.300482],[125.464122,50.292426],[125.459483,50.284369],[125.456716,50.272284],[125.45045,50.266628],[125.443614,50.262274],[125.438975,50.253974],[125.442882,50.246161],[125.451182,50.238715],[125.453298,50.231879],[125.438975,50.22602],[125.442556,50.211046],[125.434011,50.200629],[125.418061,50.194525],[125.384776,50.189805],[125.342784,50.164618],[125.359304,50.144477],[125.342377,50.128974],[125.31544,50.124457],[125.30128,50.137274],[125.288015,50.12934],[125.274425,50.117743],[125.264171,50.105658],[125.260265,50.0963],[125.263438,50.09516],[125.277924,50.074083],[125.280772,50.069037],[125.292654,50.06623],[125.316905,50.066352],[125.329112,50.062201],[125.311046,50.051134],[125.29184,50.049669],[125.250011,50.054755],[125.243337,50.050971],[125.251475,50.042914],[125.26295,50.035712],[125.2671,50.034247],[125.274832,50.029161],[125.281993,50.026231],[125.288666,50.022284],[125.295014,50.014431],[125.288259,50.004421],[125.280284,49.997911],[125.269786,49.99433],[125.256847,49.993272],[125.247813,49.988837],[125.232595,49.967231],[125.225515,49.959093],[125.199311,49.956366],[125.18629,49.951606],[125.188243,49.941759],[125.197846,49.934272],[125.217459,49.92414],[125.225515,49.918158],[125.223643,49.90058],[125.237071,49.888007],[125.24464,49.87698],[125.225515,49.863593],[125.234386,49.847927],[125.216319,49.840522],[125.190684,49.833564],[125.177745,49.818874],[125.182628,49.811103],[125.193858,49.806342],[125.206635,49.80268],[125.215831,49.798041],[125.222992,49.786892],[125.223562,49.776231],[125.219249,49.75373],[125.219249,49.668036],[125.215587,49.66116],[125.206716,49.653144],[125.196544,49.646552],[125.188243,49.643866],[125.178966,49.646837],[125.162039,49.660712],[125.150971,49.664333],[125.124929,49.656521],[125.130382,49.63642],[125.147634,49.61933],[125.163015,49.620551],[125.174734,49.614325],[125.195079,49.599799],[125.201264,49.591986],[125.206472,49.578315],[125.212413,49.568142],[125.220144,49.562323],[125.228282,49.559597],[125.235362,49.554267],[125.239757,49.540798],[125.233328,49.5421],[125.222992,49.532091],[125.218272,49.519599],[125.22934,49.513495],[125.230072,49.502143],[125.2671,49.438341],[125.263764,49.426866],[125.245535,49.400946],[125.239757,49.38996],[125.240489,49.378607],[125.251069,49.35456],[125.253429,49.3428],[125.244884,49.321072],[125.230398,49.30154],[125.222179,49.285427],[125.232921,49.273871],[125.227061,49.264187],[125.222097,49.258734],[125.219249,49.260281],[125.218435,49.258979],[125.218028,49.239814],[125.219249,49.239122],[125.219493,49.23432],[125.225352,49.231024],[125.225515,49.22545],[125.222667,49.219916],[125.214122,49.211615],[125.208995,49.203396],[125.200287,49.195136],[125.190033,49.187771],[125.181407,49.184516],[125.173432,49.180487],[125.164073,49.159695],[125.157807,49.150987],[125.135265,49.13878],[125.112641,49.135037],[125.062266,49.136746],[125.050385,49.140977],[125.041026,49.150417],[125.030935,49.164008],[124.954682,49.165554],[124.902354,49.177191],[124.87322,49.17829],[124.86378,49.17532],[124.856049,49.16767],[124.851085,49.157538],[124.849294,49.147284],[124.845714,49.136501],[124.837006,49.129584],[124.827891,49.123562],[124.822032,49.115668],[124.823009,49.081488],[124.8213,49.060818],[124.811534,49.044257],[124.797537,49.030544],[124.786143,49.014757],[124.698009,48.849392],[124.674897,48.83157],[124.669363,48.821845],[124.657481,48.794135],[124.632498,48.761908],[124.621593,48.741889],[124.624034,48.725857],[124.618256,48.714871],[124.615896,48.699164],[124.615896,48.667507],[124.613292,48.652371],[124.606863,48.638617],[124.589366,48.615912],[124.53769,48.571601],[124.531342,48.55919],[124.533376,48.547553],[124.54835,48.519802],[124.533295,48.501532],[124.53712,48.484198],[124.543875,48.466742],[124.53769,48.448065],[124.53004,48.431464],[124.526134,48.388536],[124.520437,48.368964],[124.54713,48.352159],[124.559093,48.314765],[124.561941,48.236151],[124.54835,48.205105],[124.543875,48.201239],[124.527843,48.190863],[124.526134,48.183905],[124.526541,48.178575],[124.527761,48.174506],[124.527843,48.170966],[124.524669,48.142646],[124.520274,48.128607],[124.510509,48.122504],[124.494151,48.119249],[124.482026,48.111518],[124.471283,48.102484],[124.458914,48.095242],[124.406668,48.083319],[124.381114,48.07156],[124.370209,48.050482],[124.365733,48.029242],[124.354991,48.01793],[124.341563,48.010077],[124.329112,47.998969],[124.325776,47.990261],[124.322358,47.969306],[124.31837,47.961493],[124.291515,47.941677],[124.283946,47.934434],[124.28183,47.920762],[124.288259,47.902777],[124.298839,47.88581],[124.308116,47.875515],[124.245535,47.804389],[124.230154,47.778144],[124.219249,47.765652],[124.246674,47.75255],[124.239187,47.736762],[124.230724,47.726589],[124.2199,47.719062],[124.205089,47.711005],[124.205333,47.708848],[124.204112,47.704169],[124.199229,47.69949],[124.159272,47.690009],[124.153575,47.687445],[124.106537,47.64289],[124.089692,47.615831],[124.095225,47.58808],[124.080577,47.579454],[124.04127,47.546495],[124.032644,47.543036],[124.013276,47.54031],[123.985932,47.526679],[123.94752,47.50141],[123.933686,47.488145],[123.931163,47.486396],[123.928396,47.483954],[123.924571,47.478217],[123.922862,47.470974],[123.924571,47.454698],[123.921153,47.447821],[123.893647,47.432196],[123.881602,47.422065],[123.87672,47.406277],[123.88087,47.397895],[123.899099,47.389716],[123.903412,47.379584],[123.901378,47.372504],[123.896495,47.366482],[123.891775,47.36168],[123.889659,47.358466],[123.891043,47.352484],[123.896007,47.339219],[123.897227,47.331488],[123.891043,47.320421],[123.878917,47.308621],[123.870942,47.296942],[123.87672,47.286444],[123.859874,47.253445],[123.848888,47.243232],[123.828298,47.231879],[123.82073,47.248725],[123.8095,47.250678],[123.763682,47.226101],[123.751231,47.221788],[123.690115,47.208848],[123.677419,47.204535],[123.644542,47.181586],[123.628998,47.176581],[123.608328,47.176459],[123.598237,47.178656],[123.595225,47.17475],[123.604991,47.04621],[123.597585,47.018134],[123.574474,47.026394],[123.51295,46.937038],[123.472992,46.85753],[123.465831,46.834581]]]}},{"type":"Feature","properties":{"name":"Wuding","nameZh":"无定河","scalerank":8,"featurecla":"River"},"geometry":{"type":"MultiLineString","coordinates":[[[109.937266,37.955634],[109.979503,37.952419],[110.020518,37.925238],[110.071707,37.861029],[110.126964,37.816433],[110.167735,37.766954],[110.179291,37.749294],[110.184255,37.730333],[110.206635,37.684434],[110.204275,37.672431],[110.199799,37.661078],[110.198009,37.651475],[110.199799,37.639675],[110.202403,37.63113],[110.208914,37.625922],[110.222179,37.624213],[110.230479,37.618476],[110.232921,37.605536],[110.232839,37.582587],[110.250499,37.548407],[110.255056,37.53266],[110.287608,37.469265],[110.299571,37.452948],[110.336843,37.43891],[110.34669,37.421332],[110.348155,37.398871],[110.342052,37.377143],[110.366628,37.366726],[110.379242,37.353787],[110.397227,37.309516],[110.403738,37.320828],[110.408621,37.322862],[110.413015,37.318305],[110.417735,37.309516],[110.41505,37.299628],[110.405528,37.290839],[110.402924,37.284613],[110.421153,37.282172],[110.432384,37.283149],[110.452078,37.287421],[110.462169,37.288398],[110.465343,37.282579],[110.45989,37.269477],[110.445079,37.247423],[110.435557,37.244696],[110.425955,37.246894],[110.4192,37.246039],[110.417735,37.233832],[110.422944,37.221462],[110.44101,37.20954],[110.445079,37.196234],[110.421397,37.167996],[110.416515,37.150214],[110.437592,37.137559],[110.417735,37.110297],[110.423595,37.100043],[110.418956,37.090847],[110.412852,37.081895],[110.414236,37.073065],[110.428803,37.059678],[110.433849,37.053005],[110.437592,37.042019]]]}},{"type":"Feature","properties":{"name":"","nameZh":"","scalerank":8,"featurecla":"River"},"geometry":{"type":"MultiLineString","coordinates":[[[117.955496,31.497992],[117.981456,31.452908],[118.030935,31.438544],[118.086436,31.432644],[118.147472,31.403998],[118.253184,31.393012],[118.269786,31.400214],[118.298595,31.429145]]]}},{"type":"Feature","properties":{"name":"Huang","nameZh":"黄河","scalerank":3,"featurecla":"River"},"geometry":{"type":"MultiLineString","coordinates":[[[114.837576,35.019802],[114.84726,35.03795],[114.846772,35.081488],[114.864757,35.120469],[114.859874,35.140448],[114.851573,35.159491],[114.851329,35.178046],[114.864024,35.188585],[114.913178,35.208075],[114.930186,35.211615],[114.941417,35.218777],[114.981619,35.266872],[115.002045,35.284735],[115.008881,35.294135],[115.021495,35.324774],[115.025971,35.332343],[115.053722,35.366767],[115.067963,35.379991],[115.091563,35.390326],[115.121755,35.393866],[115.131847,35.397773],[115.13974,35.404608],[115.14446,35.410997],[115.150483,35.415798],[115.162608,35.41767],[115.205577,35.414618],[115.226329,35.416124],[115.248546,35.424506],[115.266043,35.436143],[115.306814,35.475694],[115.316742,35.479356],[115.329194,35.480984],[115.340017,35.485053],[115.344737,35.496161],[115.342377,35.505479],[115.332286,35.523261],[115.330496,35.534369],[115.341319,35.555365],[115.383311,35.55744],[115.392589,35.572211],[115.392589,35.597032],[115.394786,35.615749],[115.402843,35.630479],[115.420421,35.643581],[115.467296,35.663438],[115.491791,35.678087],[115.502452,35.69538],[115.501964,35.716498],[115.503917,35.722724],[115.53655,35.719306],[115.576182,35.722235],[115.617686,35.731147],[115.654714,35.746283],[115.680593,35.767768],[115.729747,35.83043],[115.76116,35.849148],[115.850678,35.858954],[115.873546,35.865505],[115.885916,35.87755],[115.883718,35.887519],[115.874034,35.895046],[115.863373,35.900458],[115.858002,35.904242],[115.857921,35.916327],[115.86321,35.924913],[115.919932,35.967719],[115.943777,35.979682],[115.954275,35.976589],[115.965424,35.985785],[115.990733,35.980821],[116.033295,35.965684],[116.038992,35.976182],[116.064138,36.040839],[116.078298,36.051337],[116.086925,36.059149],[116.091401,36.068142],[116.089936,36.078477],[116.080333,36.098456],[116.077729,36.109727],[116.087494,36.11225],[116.110281,36.113715],[116.119314,36.116523],[116.12851,36.125027],[116.132823,36.134548],[116.135509,36.1435],[116.13974,36.150702],[116.198822,36.172553],[116.269623,36.240058],[116.311941,36.293321],[116.327891,36.30154],[116.347179,36.303656],[116.388113,36.313056],[116.410167,36.315212],[116.41684,36.318549],[116.454275,36.345526],[116.477061,36.355902],[116.530854,36.397732],[116.566417,36.410102],[116.575043,36.414822],[116.586029,36.427598],[116.597585,36.447577],[116.598643,36.467353],[116.578624,36.4796],[116.591319,36.48664],[116.601654,36.494981],[116.605561,36.504421],[116.598562,36.514431],[116.606375,36.524441],[116.633311,36.547919],[116.651134,36.577582],[116.65683,36.582709],[116.673106,36.58869],[116.736339,36.624294],[116.749522,36.643012],[116.768077,36.684882],[116.780772,36.702745],[116.79599,36.712714],[116.858653,36.740343],[116.881114,36.742743],[116.937755,36.733507],[116.943777,36.730496],[116.952647,36.724555],[116.962576,36.720526],[116.972179,36.723253],[116.976654,36.725938],[116.981619,36.726874],[116.992442,36.726671],[116.999604,36.729438],[117.003917,36.735785],[117.006928,36.742703],[117.009939,36.747138],[117.070323,36.783311],[117.088878,36.788764],[117.105724,36.796251],[117.116791,36.813747],[117.133474,36.849555],[117.163585,36.87995],[117.176199,36.898953],[117.181407,36.922187],[117.189464,36.93419],[117.226329,36.961046],[117.235932,36.980536],[117.234386,36.991767],[117.229747,37.000271],[117.226573,37.009141],[117.229747,37.021511],[117.237804,37.031033],[117.257091,37.038275],[117.284923,37.059394],[117.302257,37.062934],[117.345795,37.062527],[117.388113,37.073188],[117.552257,37.149237],[117.570811,37.16413],[117.578624,37.181952],[117.584239,37.200303],[117.597585,37.222357],[117.613373,37.242296],[117.627045,37.254259],[117.648204,37.260118],[117.668468,37.257025],[117.689138,37.2508],[117.712332,37.247423],[117.760509,37.247423],[117.771658,37.249864],[117.805186,37.26789],[117.827403,37.272081],[117.847097,37.269395],[117.867117,37.264431],[117.890554,37.261746],[117.908214,37.26789],[117.962169,37.309516],[117.983165,37.316759],[118.029796,37.327338],[118.06544,37.352078],[118.087006,37.356147],[118.133474,37.357286],[118.182221,37.366482],[118.207042,37.375271],[118.226003,37.387722],[118.229421,37.396308],[118.222992,37.428656],[118.225515,37.438788],[118.231537,37.450222],[118.243337,37.466579],[118.256602,37.478095],[118.281749,37.495144],[118.29127,37.508124],[118.295421,37.524359],[118.299327,37.560574],[118.304779,37.576443],[118.328868,37.596381],[118.365245,37.606879],[118.519135,37.615668],[118.55421,37.626492],[118.585948,37.644639],[118.672862,37.718695],[118.68157,37.733466],[118.710053,37.749823],[118.722585,37.754503],[118.758718,37.760281],[118.78655,37.774726],[118.860362,37.796169],[118.897065,37.824327],[118.917003,37.830634],[118.938894,37.819403],[118.9546,37.808783],[118.978038,37.79975],[119.003429,37.796251],[119.033214,37.802558]],[[110.269949,34.637274],[110.297862,34.621161],[110.335134,34.615749],[110.367686,34.617499],[110.37672,34.615749],[110.387218,34.608222],[110.393321,34.599677],[110.399669,34.592475],[110.410818,34.589057],[110.42213,34.590644],[110.426524,34.595893],[110.429861,34.602729],[110.437592,34.608913],[110.44866,34.61286],[110.459076,34.614854],[110.482921,34.615749],[110.491628,34.613145],[110.500662,34.607001],[110.517019,34.592475],[110.530284,34.583604],[110.539643,34.584296],[110.548839,34.589911],[110.561697,34.595893],[110.584483,34.600857],[110.64739,34.602078],[110.708425,34.620917],[110.718761,34.626288],[110.725841,34.642442],[110.743175,34.654242],[110.765636,34.661241],[110.883474,34.666042],[110.922862,34.685736],[110.910574,34.732449],[110.933116,34.735175],[110.973155,34.716824],[110.989757,34.721869],[111.007253,34.737494],[111.025483,34.747423],[111.109304,34.768622],[111.124278,34.778632],[111.138438,34.819159],[111.157644,34.82213],[111.198416,34.808132],[111.215261,34.800076],[111.222667,34.798529],[111.232595,34.800727],[111.237641,34.806464],[111.240652,34.815701],[111.245616,34.824246],[111.256602,34.827989],[111.268972,34.82449],[111.276541,34.818427],[111.284679,34.816352],[111.307384,34.83157],[111.318858,34.837104],[111.331065,34.840847],[111.342459,34.842312],[111.352794,34.839382],[111.373057,34.825751],[111.383474,34.821804],[111.393972,34.823188],[111.421397,34.835476],[111.444591,34.83747],[111.557384,34.863308],[111.569021,34.868964],[111.572276,34.87405],[111.578298,34.890326],[111.582123,34.896918],[111.586681,34.900458],[111.597179,34.904975],[111.603282,34.909939],[111.610606,34.92121],[111.622,34.94713],[111.630463,34.958319],[111.641368,34.964382],[111.667979,34.97248],[111.678315,34.978827],[111.670339,34.997382],[111.682709,35.007839],[111.704031,35.012519],[111.723074,35.013536],[111.740652,35.018907],[111.763276,35.042344],[111.778331,35.047716],[111.796153,35.051703],[111.807628,35.061306],[111.816905,35.072821],[111.829112,35.082465],[111.845795,35.086982],[111.881847,35.089301],[111.897472,35.096137],[111.915294,35.089911],[111.957449,35.094062],[111.976166,35.085557],[111.99171,35.073757],[112.034679,35.047716],[112.058116,35.033393],[112.12558,35.023953],[112.151378,35.013536],[112.161632,35.000312],[112.178966,34.970811],[112.189138,34.965155],[112.202159,34.962958],[112.218028,34.957709],[112.232351,34.950995],[112.240733,34.944688],[112.256114,34.958035],[112.265066,34.963446],[112.274832,34.965155],[112.281505,34.961534],[112.284679,34.954535],[112.288992,34.947781],[112.299083,34.944688],[112.324474,34.941433],[112.361095,34.924669],[112.384044,34.917344],[112.466726,34.910346],[112.480235,34.906806],[112.490896,34.897976],[112.73406,34.808132],[112.779226,34.797919],[112.823253,34.800605],[112.912364,34.821804],[113.047374,34.831651],[113.089773,34.842312],[113.130382,34.860175],[113.151134,34.866523],[113.175792,34.868964],[113.19752,34.876288],[113.210134,34.893866],[113.22698,34.931667],[113.24879,34.948554],[113.270763,34.951443],[113.292491,34.951931],[113.329275,34.968777],[113.353608,34.972357],[113.497569,34.965155],[113.508718,34.968695],[113.521251,34.975287],[113.534109,34.979519],[113.545665,34.975694],[113.590017,34.944688],[113.665619,34.907538],[113.70574,34.89529],[113.74822,34.890692],[113.759044,34.89171],[113.779877,34.896186],[113.789236,34.896918],[113.800792,34.894395],[113.826915,34.883246],[113.836925,34.882148],[113.856537,34.877509],[113.867768,34.87641],[113.877208,34.878201],[113.89503,34.887152],[113.905935,34.890692],[113.918793,34.891628],[113.930919,34.89114],[113.942393,34.891954],[113.953868,34.896918],[113.963145,34.907294],[113.970795,34.930528],[113.977631,34.94127],[113.997813,34.949083],[114.02239,34.945339],[114.062429,34.931667],[114.085134,34.930772],[114.155284,34.937852],[114.179454,34.935981],[114.303233,34.898464],[114.323741,34.896918],[114.343842,34.901313],[114.378917,34.918484],[114.399425,34.92418],[114.421641,34.924669],[114.493663,34.906073],[114.501394,34.903103],[114.509288,34.901923],[114.52239,34.903673],[114.53183,34.906684],[114.546397,34.914252],[114.556407,34.917344],[114.577403,34.91767],[114.609467,34.902655],[114.631602,34.896918],[114.646007,34.897528],[114.654389,34.901679],[114.65976,34.906602],[114.665619,34.909939],[114.676362,34.910712],[114.698822,34.909247],[114.707286,34.909939],[114.729991,34.920925],[114.745128,34.936347],[114.768891,34.972602],[114.781668,34.985867],[114.83074,35.019802]]]}},{"type":"Feature","properties":{"name":"Di’er Songhua","nameZh":"Di’er Songhua","scalerank":8,"featurecla":"River"},"geometry":{"type":"MultiLineString","coordinates":[[[123.465831,46.834581],[123.476654,46.823676],[123.489187,46.817206],[123.503998,46.814276],[123.52296,46.813503],[123.54184,46.815782],[123.548106,46.822455],[123.549815,46.83336],[123.553966,46.848253],[123.562999,46.86518],[123.570404,46.873236],[123.579112,46.875556],[123.591563,46.875556],[123.593761,46.869208],[123.613048,46.84101],[123.612315,46.834581],[123.604747,46.832058],[123.599294,46.825751],[123.595876,46.817735],[123.5949,46.810085],[123.598399,46.806749],[123.655935,46.806098],[123.671153,46.800238],[123.677419,46.783067],[123.685069,46.784857],[123.701752,46.775702],[123.751882,46.738471],[123.773692,46.717312],[123.766612,46.703803],[123.762218,46.690253],[123.759939,46.675808],[123.759044,46.63935],[123.759369,46.635321],[123.762543,46.628119],[123.771658,46.615058],[123.773692,46.611151],[123.776378,46.59455],[123.78297,46.587104],[123.79184,46.582343],[123.800955,46.57392],[123.810476,46.555365],[123.808442,46.544013],[123.787364,46.519314],[123.803233,46.497911],[123.836355,46.425157],[123.852143,46.409451],[123.855154,46.402208],[123.842052,46.357611],[123.846772,46.342231],[123.854015,46.326117],[123.853608,46.312771],[123.842052,46.305732],[123.872651,46.303168],[123.884776,46.297146],[123.895274,46.26907],[123.907237,46.266669],[123.919037,46.272284],[123.924571,46.282782],[123.926768,46.28616],[123.932546,46.28974],[123.939138,46.292507],[123.945079,46.293321],[123.954031,46.292304],[123.956472,46.290635],[123.956554,46.286811],[123.958588,46.27912],[123.959565,46.267849],[123.957286,46.25434],[123.957286,46.239325],[123.965424,46.223822],[123.956635,46.209744],[123.958344,46.192572],[123.965343,46.175645],[123.972992,46.162421],[123.976085,46.161241],[123.980398,46.162421],[123.984304,46.162869],[123.985932,46.159288],[123.985606,46.148261],[123.986501,46.143134],[123.993175,46.133002],[123.99822,46.122423],[124.000906,46.112331],[123.996186,46.107774],[123.996349,46.098171],[124.001475,46.077012],[124.010916,46.055976],[124.023936,46.046332],[124.034679,46.042751],[124.038666,46.034369],[124.037527,46.02501],[124.033783,46.018378],[124.02239,46.014228],[124.011322,46.016547],[124.001394,46.016547],[123.992768,46.005398],[124.006358,45.996283],[124.000987,45.989325],[123.988292,45.983466],[123.979096,45.978054],[123.973725,45.964952],[123.972667,45.95185],[123.974864,45.939765],[123.979096,45.929633],[123.997569,45.914618],[124.05071,45.888739],[124.061697,45.871649],[124.058523,45.856757],[124.044444,45.841254],[124.04127,45.830349],[124.046153,45.820868],[124.054861,45.815497],[124.059581,45.808946],[124.051199,45.796169],[124.040294,45.790351],[124.027843,45.787218],[124.017589,45.781684],[124.013276,45.768581],[124.021658,45.762519],[124.061453,45.74787],[124.074718,45.744656],[124.070242,45.739122],[124.067882,45.735541],[124.063975,45.733181],[124.054861,45.731635],[124.087901,45.717841],[124.102794,45.709581],[124.116222,45.696845],[124.119151,45.690253],[124.12379,45.672553],[124.125987,45.668972],[124.146088,45.668524],[124.155284,45.666693],[124.164806,45.662706],[124.147878,45.647162],[124.140717,45.632107],[124.148936,45.622138],[124.177745,45.621772],[124.199636,45.629462],[124.214692,45.637763],[124.223399,45.635443],[124.226085,45.611192],[124.233328,45.601915],[124.261648,45.589952],[124.263438,45.58393],[124.261322,45.574327],[124.266043,45.561469],[124.274506,45.550238],[124.283946,45.545437],[124.332042,45.547146],[124.352061,45.541775],[124.362804,45.52558],[124.36085,45.521593],[124.351329,45.510443],[124.349132,45.504462],[124.350108,45.498481],[124.352306,45.494493],[124.355968,45.49079],[124.358165,45.481472],[124.361501,45.472764],[124.367117,45.464789],[124.376475,45.457302],[124.395274,45.451361],[124.414236,45.454291],[124.434093,45.460232],[124.455496,45.463446],[124.477143,45.456],[124.502533,45.423163],[124.524099,45.415635],[124.549246,45.414374],[124.562918,45.415147],[124.572195,45.419135],[124.577566,45.429633],[124.577403,45.439805],[124.578705,45.449246],[124.589366,45.457302],[124.611501,45.447821],[124.631114,45.446397],[124.674571,45.450466]]]}},{"type":"Feature","properties":{"name":"Dan","nameZh":"Dan","scalerank":9,"featurecla":"Lake Centerline"},"geometry":{"type":"MultiLineString","coordinates":[[[111.229015,33.055609],[111.246104,33.036444],[111.26295,33.019314],[111.286794,33.002387],[111.308849,32.988308],[111.35849,32.968451],[111.444021,32.940782],[111.469005,32.929958],[111.491954,32.913357],[111.511241,32.89765],[111.526785,32.872097],[111.53476,32.83808],[111.53769,32.808905],[111.547293,32.772284],[111.558442,32.738796],[111.550873,32.712714],[111.524669,32.696112],[111.5088,32.676703],[111.503347,32.653266],[111.49879,32.63821],[111.490896,32.621283],[111.485037,32.610907],[111.476492,32.584825],[111.47755,32.569525]]]}},{"type":"Feature","properties":{"name":"Dan","nameZh":"Dan","scalerank":9,"featurecla":"River"},"geometry":{"type":"MultiLineString","coordinates":[[[109.87379,33.882107],[110.028738,33.834052],[110.16741,33.755968],[110.195323,33.742621],[110.29835,33.718695],[110.312755,33.712104],[110.32545,33.702826],[110.335134,33.690375],[110.336843,33.685126],[110.338145,33.673163],[110.341075,33.666612],[110.349539,33.657416],[110.380951,33.630194],[110.400401,33.604438],[110.416108,33.576443],[110.433116,33.521999],[110.446381,33.498887],[110.47169,33.484239],[110.698009,33.445014],[110.762218,33.447292],[110.793224,33.441677],[110.811615,33.419989],[110.821381,33.400824],[110.835867,33.387519],[110.868907,33.365994],[110.875499,33.359198],[110.886322,33.336005],[110.896495,33.325303],[110.996593,33.267157],[111.026785,33.230251],[111.156993,33.118598],[111.185313,33.105658],[111.205089,33.099921],[111.213878,33.092963],[111.229015,33.055609]]]}}]}