{"type":"FeatureCollection","source":"国家地理信息公共服务平台·天地图行政区划数据（经 reverse-geocoder-cn 边界包提取）","mapApprovalNumber":"GS(2024)0650号","scope":["北京市","天津市","河北省","山西省","内蒙古自治区","辽宁省","山东省","河南省"],"features":[{"type":"Feature","properties":{"name":"吕梁市","code":"141100","gb":"156141100","province":"山西省","label":[111.26494300442673,37.678952071734656]},"geometry":{"type":"MultiPolygon","coordinates":[[[[111.205389,38.721641],[111.207389,38.712479],[111.215583,38.70651],[111.226085,38.665895],[111.252634,38.644507],[111.242793,38.626524],[111.261576,38.600484],[111.278281,38.594663],[111.322822,38.607814],[111.339525,38.603801],[111.341296,38.583569],[111.353723,38.581671],[111.366817,38.573024],[111.419185,38.569863],[111.424743,38.572911],[111.44216,38.561684],[111.444744,38.552992],[111.441669,38.529848],[111.456821,38.506334],[111.470778,38.505348],[111.481752,38.493256],[111.497313,38.486499],[111.496447,38.508269],[111.501706,38.522653],[111.516278,38.526268],[111.53915,38.508099],[111.555258,38.505569],[111.563187,38.518915],[111.600417,38.543067],[111.625216,38.547364],[111.683472,38.567849],[111.705349,38.604196],[111.726702,38.601058],[111.730373,38.586545],[111.754034,38.563801],[111.754845,38.55236],[111.76536,38.535514],[111.711993,38.506685],[111.725348,38.492557],[111.790817,38.448237],[111.79003,38.432036],[111.773252,38.423359],[111.783542,38.400123],[111.783973,38.388564],[111.79688,38.374324],[111.813416,38.371097],[111.821307,38.35115],[111.814641,38.342373],[111.815577,38.331805],[111.832259,38.322186],[111.835947,38.314937],[111.837128,38.303508],[111.828593,38.296727],[111.814533,38.292655],[111.804593,38.29955],[111.79305,38.297886],[111.766952,38.291445],[111.762517,38.283414],[111.768104,38.269119],[111.7658,38.260998],[111.760407,38.260613],[111.766895,38.246074],[111.792519,38.241463],[111.798144,38.222396],[111.811091,38.213306],[111.812986,38.209808],[111.804428,38.208974],[111.797483,38.200931],[111.7981,38.194221],[111.786077,38.186625],[111.773307,38.188912],[111.76174,38.179046],[111.748636,38.177712],[111.738216,38.187426],[111.72757,38.177235],[111.713808,38.179933],[111.707192,38.172397],[111.713309,38.161667],[111.696737,38.143116],[111.68146,38.131454],[111.642325,38.118116],[111.618039,38.100243],[111.585539,38.094596],[111.561809,38.095244],[111.542064,38.083348],[111.538955,38.071157],[111.516777,38.065073],[111.508791,38.050404],[111.521464,38.039049],[111.509478,38.020205],[111.518111,38.002253],[111.530407,37.996331],[111.538464,37.95681],[111.551353,37.938],[111.565131,37.932467],[111.571493,37.92304],[111.566957,37.915008],[111.574529,37.901591],[111.542342,37.884623],[111.55885,37.878888],[111.560262,37.859117],[111.564236,37.849088],[111.569375,37.847435],[111.579948,37.854782],[111.599782,37.854169],[111.612964,37.859278],[111.631634,37.86076],[111.650616,37.856059],[111.658899,37.861526],[111.675119,37.862221],[111.684344,37.875478],[111.695281,37.877299],[111.72915,37.873375],[111.73839,37.858646],[111.761709,37.84057],[111.764295,37.828799],[111.785957,37.826295],[111.810269,37.811241],[111.813929,37.79431],[111.833068,37.791533],[111.86908,37.792889],[111.886671,37.798256],[111.901443,37.795752],[111.906867,37.79162],[111.907947,37.775459],[111.917606,37.75301],[111.934812,37.733496],[111.949981,37.731939],[111.954562,37.718766],[111.962233,37.712888],[111.991488,37.721096],[112.017528,37.720588],[112.028077,37.70971],[112.038925,37.707865],[112.068224,37.716242],[112.084199,37.711997],[112.096577,37.715683],[112.112607,37.696684],[112.122604,37.699127],[112.127905,37.6893],[112.150581,37.685031],[112.171935,37.668645],[112.167253,37.659693],[112.167588,37.633887],[112.182322,37.626058],[112.187027,37.616409],[112.19598,37.613246],[112.205023,37.598083],[112.221471,37.589231],[112.229224,37.565267],[112.261578,37.559681],[112.27167,37.561801],[112.274556,37.566921],[112.287552,37.564935],[112.288183,37.548291],[112.272045,37.534813],[112.267368,37.523205],[112.290668,37.517426],[112.292617,37.506302],[112.308262,37.506547],[112.308216,37.494722],[112.296943,37.495072],[112.283585,37.490379],[112.283453,37.486596],[112.310259,37.475687],[112.310927,37.46772],[112.321372,37.463455],[112.323162,37.458323],[112.3202,37.447231],[112.308356,37.44275],[112.297778,37.447088],[112.285194,37.439575],[112.28045,37.431101],[112.259316,37.423892],[112.239536,37.383209],[112.239151,37.373563],[112.229321,37.367144],[112.222367,37.353326],[112.214892,37.352291],[112.217868,37.341188],[112.212614,37.337275],[112.199951,37.331947],[112.19144,37.317332],[112.172822,37.308563],[112.139561,37.269406],[112.130787,37.265033],[112.114027,37.275216],[112.115992,37.288421],[112.112813,37.292978],[112.095696,37.297461],[112.088883,37.306134],[112.090089,37.313018],[112.077958,37.318022],[112.059863,37.315472],[112.054854,37.305395],[112.042054,37.297488],[112.041108,37.279974],[112.023413,37.270114],[112.018587,37.269147],[112.00842,37.28229],[112.004275,37.281629],[112.008039,37.267431],[111.994797,37.266192],[111.993442,37.270017],[111.974737,37.271476],[111.971494,37.257387],[111.966216,37.253694],[111.941815,37.256183],[111.931627,37.252613],[111.934414,37.245983],[111.949916,37.239382],[111.954208,37.227329],[111.953881,37.221055],[111.943998,37.217941],[111.939855,37.209758],[111.945992,37.179184],[111.933645,37.161366],[111.928603,37.144718],[111.917025,37.110202],[111.906036,37.1048],[111.906835,37.096506],[111.902996,37.093359],[111.88429,37.088568],[111.887874,37.074716],[111.883602,37.068412],[111.866048,37.061546],[111.855128,37.042925],[111.836113,37.038995],[111.830035,37.044045],[111.820539,37.042654],[111.808537,37.02664],[111.794545,37.022533],[111.784697,37.027075],[111.769638,37.017472],[111.744349,37.01332],[111.728967,36.992834],[111.705498,36.995102],[111.696416,36.987668],[111.682402,36.992806],[111.674256,36.987198],[111.676415,36.973302],[111.673255,36.969784],[111.667859,36.968305],[111.659696,36.973154],[111.654788,36.967205],[111.638592,36.963564],[111.631744,36.954405],[111.631943,36.94476],[111.62578,36.941246],[111.613422,36.944417],[111.613298,36.952476],[111.607675,36.95741],[111.597889,36.96046],[111.587452,36.958025],[111.556472,36.976899],[111.550103,36.975165],[111.5434,36.97995],[111.539591,36.974216],[111.531729,36.974473],[111.523057,36.978276],[111.525986,36.986064],[111.523552,36.997294],[111.495179,36.989387],[111.499798,36.985416],[111.498513,36.974362],[111.511322,36.973182],[111.533805,36.955215],[111.536469,36.928162],[111.551551,36.923828],[111.556099,36.928068],[111.566623,36.928473],[111.579828,36.922774],[111.579355,36.919208],[111.556073,36.908037],[111.549595,36.894473],[111.509911,36.884552],[111.503284,36.879103],[111.492261,36.878664],[111.457078,36.864318],[111.444764,36.843515],[111.444456,36.84632],[111.414136,36.845168],[111.404656,36.823256],[111.407409,36.814184],[111.401533,36.800734],[111.386792,36.79494],[111.376253,36.7968],[111.374796,36.787645],[111.349284,36.766308],[111.350038,36.753937],[111.333273,36.750538],[111.325199,36.75624],[111.317552,36.754231],[111.319275,36.740168],[111.315203,36.735708],[111.268328,36.738311],[111.272126,36.750527],[111.267643,36.760359],[111.239577,36.759523],[111.2327,36.752774],[111.233723,36.747415],[111.222645,36.740447],[111.207639,36.74531],[111.20175,36.781655],[111.192206,36.797992],[111.18057,36.80712],[111.174336,36.826953],[111.178653,36.840274],[111.173314,36.847647],[111.154763,36.840779],[111.127868,36.845721],[111.108563,36.834844],[111.098862,36.839359],[111.090908,36.8358],[111.065737,36.854011],[111.061886,36.852466],[111.065631,36.876778],[111.075106,36.891435],[111.077718,36.907441],[111.088276,36.911906],[111.074474,36.930579],[111.039998,36.928041],[111.026129,36.91688],[111.013732,36.917117],[111.015573,36.909987],[111.00929,36.899933],[110.995476,36.897598],[110.992971,36.902673],[111.001251,36.908105],[110.997379,36.92111],[110.983194,36.926772],[110.981093,36.920284],[110.987836,36.906983],[110.977409,36.899698],[110.960194,36.894696],[110.93508,36.90543],[110.917545,36.890242],[110.894127,36.88815],[110.894988,36.88101],[110.888492,36.876432],[110.884182,36.875264],[110.884878,36.880972],[110.880584,36.88047],[110.847653,36.859108],[110.82032,36.861815],[110.817012,36.855623],[110.793467,36.86341],[110.77982,36.859779],[110.773915,36.866113],[110.768414,36.8891],[110.755218,36.902176],[110.713899,36.913543],[110.706449,36.910646],[110.706232,36.916107],[110.714476,36.922085],[110.708963,36.942531],[110.697092,36.931631],[110.686251,36.940122],[110.673963,36.928617],[110.655973,36.932696],[110.641463,36.925284],[110.640204,36.909236],[110.63487,36.90193],[110.645038,36.891378],[110.627023,36.871035],[110.611666,36.877425],[110.596195,36.875387],[110.590502,36.865828],[110.570089,36.861708],[110.557714,36.864798],[110.550384,36.872662],[110.538613,36.866816],[110.538872,36.857399],[110.529685,36.869655],[110.501694,36.873069],[110.470062,36.88561],[110.465735,36.88418],[110.472391,36.875661],[110.463389,36.875354],[110.455089,36.887327],[110.441868,36.891467],[110.429199,36.885009],[110.422664,36.89625],[110.403236,36.897942],[110.424019,36.938194],[110.412018,36.971317],[110.401085,36.981277],[110.37281,36.993855],[110.368797,37.000877],[110.37056,37.006676],[110.38237,37.011826],[110.394447,37.01054],[110.430809,36.989204],[110.447815,36.993107],[110.450119,37.006966],[110.418175,37.011177],[110.412003,37.015152],[110.413528,37.019791],[110.453537,37.028675],[110.479439,37.053734],[110.487999,37.068909],[110.524139,37.089394],[110.531372,37.124077],[110.568832,37.155849],[110.610115,37.200817],[110.644669,37.243073],[110.649623,37.256294],[110.655235,37.26725],[110.684471,37.268887],[110.686066,37.279961],[110.67215,37.29871],[110.695618,37.316528],[110.699432,37.329731],[110.69648,37.339546],[110.647758,37.343189],[110.62793,37.358105],[110.625725,37.378059],[110.635078,37.39669],[110.636261,37.418568],[110.642822,37.4277],[110.654572,37.428909],[110.70298,37.427555],[110.728355,37.433914],[110.741783,37.444584],[110.75116,37.479301],[110.762543,37.49889],[110.761719,37.521404],[110.7864,37.54015],[110.784203,37.561028],[110.767014,37.581551],[110.766431,37.605561],[110.766098,37.614647],[110.755142,37.630028],[110.787796,37.636772],[110.793243,37.645866],[110.791466,37.655025],[110.761353,37.673405],[110.71566,37.682899],[110.700218,37.694256],[110.699637,37.707216],[110.715714,37.720158],[110.746651,37.727562],[110.750206,37.732937],[110.744858,37.744766],[110.720787,37.762592],[110.671234,37.780716],[110.663773,37.786972],[110.656853,37.809116],[110.628654,37.84269],[110.607666,37.876438],[110.595535,37.905342],[110.583176,37.917683],[110.53582,37.935349],[110.512871,37.951321],[110.512749,37.961437],[110.525826,37.982468],[110.497635,38.012794],[110.5019,38.05798],[110.49752,38.080177],[110.497803,38.08754],[110.518326,38.118885],[110.508255,38.138172],[110.502342,38.16217],[110.507591,38.19059],[110.520813,38.201736],[110.552544,38.205419],[110.56678,38.230949],[110.567131,38.273502],[110.571602,38.285572],[110.582237,38.296646],[110.602791,38.299686],[110.635452,38.291058],[110.65303,38.295856],[110.692505,38.337738],[110.741409,38.362579],[110.764565,38.422215],[110.778801,38.439564],[110.803902,38.447498],[110.843239,38.432758],[110.870323,38.450611],[110.875359,38.464981],[110.87117,38.508804],[110.893021,38.510437],[110.901535,38.517525],[110.907097,38.533741],[110.905746,38.555553],[110.915344,38.573696],[110.914574,38.578972],[110.894775,38.584972],[110.8908,38.589939],[110.879028,38.616806],[110.878021,38.628742],[110.907082,38.667549],[110.909286,38.688061],[110.915634,38.699005],[110.944004,38.725068],[110.951081,38.709097],[110.942426,38.701182],[110.946265,38.679784],[110.957491,38.676079],[110.960946,38.680836],[110.959364,38.689157],[110.98321,38.687879],[111.000327,38.661337],[111.013071,38.649429],[111.035111,38.669034],[111.062735,38.676033],[111.069683,38.694437],[111.097256,38.692361],[111.117309,38.712548],[111.139546,38.71986],[111.156547,38.719613],[111.169184,38.731928],[111.197741,38.727227],[111.205389,38.721641]]]]}},{"type":"Feature","properties":{"name":"朝阳市","code":"211300","gb":"156211300","province":"辽宁省","label":[120.01395929913524,41.511047104276365]},"geometry":{"type":"MultiPolygon","coordinates":[[[[119.600204,42.274685],[119.608124,42.250343],[119.618683,42.252983],[119.634521,42.237732],[119.672356,42.237877],[119.678223,42.231133],[119.693685,42.22512],[119.711655,42.226147],[119.73629,42.208549],[119.783218,42.21236],[119.803749,42.208549],[119.81871,42.212948],[119.836891,42.208843],[119.847153,42.201508],[119.84774,42.189484],[119.854194,42.177166],[119.846275,42.156929],[119.823692,42.131413],[119.825455,42.126133],[119.856545,42.080379],[119.878242,42.058971],[119.877953,42.051929],[119.894379,42.027294],[119.892616,42.017616],[119.914909,42.008816],[119.923408,41.981979],[119.952446,41.966438],[119.953034,41.949425],[119.945701,41.92831],[119.948692,41.918373],[119.968285,41.911003],[119.988525,41.89106],[119.985,41.87405],[120.004066,41.853668],[120.002304,41.836071],[120.015213,41.813778],[120.033394,41.81554],[120.038086,41.800873],[120.034493,41.784122],[120.024307,41.777996],[120.04425,41.772717],[120.025185,41.753067],[120.022873,41.747894],[120.027657,41.744476],[120.017403,41.734909],[120.02813,41.722332],[120.027152,41.709708],[120.027824,41.70573],[120.077293,41.691891],[120.093186,41.695992],[120.105743,41.710346],[120.123947,41.718803],[120.131637,41.72752],[120.11779,41.74828],[120.121155,41.770279],[120.13958,41.787499],[120.150085,41.79134],[120.159569,41.80621],[120.178284,41.822357],[120.181618,41.844143],[120.21904,41.857342],[120.244415,41.880924],[120.279785,41.877335],[120.292862,41.885025],[120.28389,41.893742],[120.266205,41.895535],[120.252876,41.901943],[120.258293,41.910537],[120.264404,41.922707],[120.269531,41.922962],[120.273376,41.913479],[120.283119,41.916042],[120.279533,41.93219],[120.289017,41.933727],[120.300293,41.924244],[120.310287,41.931164],[120.310028,41.935776],[120.302856,41.938595],[120.302086,41.948082],[120.327515,41.962193],[120.325577,41.975754],[120.338997,41.974995],[120.366165,41.991653],[120.389237,41.98217],[120.414101,41.982941],[120.411789,41.989349],[120.403328,41.993706],[120.420761,42.004726],[120.432037,42.003189],[120.448959,42.012417],[120.443665,42.054443],[120.483879,42.065292],[120.490257,42.08955],[120.483879,42.092102],[120.475105,42.088577],[120.463791,42.095516],[120.461098,42.103096],[120.476303,42.113556],[120.573242,42.154655],[120.578987,42.163593],[120.595581,42.163593],[120.612984,42.15419],[120.62941,42.1604],[120.683716,42.185776],[120.691261,42.19603],[120.716637,42.201569],[120.739761,42.221329],[120.785042,42.216377],[120.783875,42.228664],[120.804558,42.232895],[120.811142,42.225018],[120.819366,42.223492],[120.820778,42.232189],[120.817017,42.238655],[120.821716,42.248878],[120.8283,42.244884],[120.842636,42.245354],[120.850632,42.252876],[120.876724,42.240299],[120.882362,42.241123],[120.875313,42.263336],[120.878771,42.265674],[120.883308,42.268742],[120.898819,42.26545],[120.922325,42.271797],[120.928673,42.277439],[120.949593,42.272385],[120.959877,42.261627],[120.975464,42.256374],[121.02207,42.247723],[121.028542,42.227854],[121.026604,42.222216],[121.054032,42.210852],[121.046089,42.190966],[121.070991,42.136129],[121.079895,42.125952],[121.066924,42.078104],[121.040053,42.059343],[121.038245,42.048212],[121.049468,42.038114],[121.052618,42.015268],[121.042936,42.002969],[121.04212,41.974916],[121.066969,41.976632],[121.093715,41.962316],[121.123175,41.962101],[121.129042,41.971161],[121.153586,41.98317],[121.161063,41.979748],[121.162566,41.969971],[121.168624,41.965748],[121.200507,41.959236],[121.197944,41.943817],[121.201928,41.92444],[121.214965,41.908413],[121.225425,41.910778],[121.264518,41.89001],[121.271812,41.888663],[121.283592,41.895339],[121.294456,41.888213],[121.292037,41.8753],[121.296157,41.863196],[121.284919,41.853858],[121.272543,41.825534],[121.262999,41.819121],[121.257651,41.790094],[121.252136,41.784975],[121.253385,41.773414],[121.220985,41.760481],[121.210403,41.738131],[121.21788,41.725294],[121.227637,41.718687],[121.212333,41.687662],[121.221373,41.686182],[121.218985,41.675932],[121.188223,41.675798],[121.172278,41.662134],[121.150122,41.668497],[121.140028,41.657289],[121.141348,41.646906],[121.129248,41.644133],[121.116842,41.635012],[121.108602,41.617907],[121.069707,41.611757],[121.060941,41.626532],[121.044171,41.621535],[121.046315,41.614657],[121.051755,41.613516],[121.048573,41.611307],[121.041203,41.619387],[121.042691,41.613703],[121.03719,41.60903],[120.999638,41.602431],[120.988812,41.595236],[120.97588,41.59875],[120.970463,41.596117],[120.968349,41.581603],[120.976,41.564978],[120.931659,41.529318],[120.91968,41.523463],[120.90784,41.525214],[120.901423,41.519946],[120.89596,41.510844],[120.891512,41.484553],[120.899722,41.479231],[120.896342,41.471827],[120.892206,41.469492],[120.88254,41.47502],[120.872278,41.474539],[120.870737,41.433195],[120.878715,41.422061],[120.872461,41.416102],[120.855447,41.413306],[120.846307,41.421565],[120.840555,41.419997],[120.837137,41.416083],[120.838044,41.402892],[120.828057,41.396143],[120.818116,41.406847],[120.81479,41.419398],[120.806169,41.423907],[120.799729,41.417594],[120.810761,41.407328],[120.809609,41.402087],[120.796365,41.393897],[120.784854,41.39321],[120.777932,41.380087],[120.764855,41.373992],[120.762779,41.367968],[120.769234,41.365958],[120.764503,41.356734],[120.753052,41.355101],[120.743202,41.318102],[120.750053,41.299605],[120.743225,41.289572],[120.731819,41.286417],[120.727836,41.2741],[120.731986,41.268988],[120.737868,41.271181],[120.758483,41.259569],[120.764327,41.246634],[120.731154,41.235602],[120.711379,41.220095],[120.72164,41.216902],[120.737364,41.219256],[120.756965,41.209635],[120.764831,41.201155],[120.758963,41.191931],[120.766181,41.192194],[120.756459,41.187893],[120.741147,41.195965],[120.721501,41.185119],[120.693973,41.182559],[120.695949,41.197101],[120.684437,41.193226],[120.670131,41.17852],[120.658267,41.176929],[120.642657,41.183468],[120.640521,41.170784],[120.606669,41.15818],[120.608211,41.141979],[120.598925,41.130683],[120.593257,41.103652],[120.540019,41.095477],[120.541811,41.075812],[120.534144,41.058226],[120.516062,41.058768],[120.49132,41.077754],[120.464983,41.071719],[120.448755,41.050204],[120.453223,41.002103],[120.444643,40.982645],[120.421205,40.961256],[120.419961,40.955553],[120.408998,40.94937],[120.398111,40.951971],[120.372941,40.974161],[120.355408,40.974493],[120.333863,40.994894],[120.3433,40.999892],[120.331261,41.001738],[120.314705,40.996996],[120.299538,40.967726],[120.285202,40.971296],[120.285355,40.959826],[120.272934,40.943033],[120.262001,40.945906],[120.253868,40.94211],[120.242759,40.950571],[120.233744,40.948517],[120.212059,40.955186],[120.191116,40.921758],[120.174216,40.920369],[120.165148,40.924773],[120.159797,40.937692],[120.16822,40.953401],[120.184333,40.955121],[120.197807,40.972814],[120.19355,40.999158],[120.182133,40.999215],[120.175415,41.004899],[120.178184,41.009592],[120.186973,41.006525],[120.190643,41.010015],[120.172355,41.018327],[120.144752,41.000432],[120.138916,41.006925],[120.143318,41.013399],[120.126388,41.034498],[120.127701,41.047933],[120.114936,41.058077],[120.102836,41.061415],[120.112838,41.074591],[120.106437,41.086622],[120.081596,41.089937],[120.072761,41.098783],[120.056753,41.099335],[120.051108,41.08956],[120.007536,41.079035],[119.988455,41.067381],[119.989875,41.061465],[120.000334,41.05855],[120.003584,41.043402],[120.011641,41.037741],[120.016852,41.009108],[120.024001,41.000849],[120.00112,40.97611],[120.000578,40.962797],[119.981329,40.937868],[119.965284,40.929357],[119.951841,40.929785],[119.948972,40.946844],[119.93958,40.954058],[119.917768,40.932241],[119.908002,40.930899],[119.898373,40.908545],[119.889317,40.911909],[119.862912,40.910875],[119.857419,40.919447],[119.844586,40.92718],[119.827916,40.929827],[119.826657,40.934477],[119.815823,40.931067],[119.813061,40.92787],[119.820286,40.884726],[119.810047,40.870684],[119.796054,40.864504],[119.793995,40.856898],[119.785129,40.854067],[119.777614,40.842539],[119.762637,40.854727],[119.74776,40.857596],[119.735316,40.866526],[119.722247,40.858778],[119.709964,40.862868],[119.697657,40.844142],[119.699557,40.839499],[119.688777,40.833876],[119.689066,40.822737],[119.705836,40.824614],[119.70489,40.817114],[119.685305,40.797114],[119.679003,40.77912],[119.661455,40.783549],[119.655138,40.792162],[119.653643,40.806128],[119.632456,40.82836],[119.600229,40.837436],[119.576677,40.820186],[119.562799,40.81718],[119.544778,40.83462],[119.527592,40.836901],[119.521356,40.832698],[119.520082,40.825015],[119.525957,40.822322],[119.523713,40.808867],[119.509172,40.797164],[119.495973,40.767459],[119.481697,40.759631],[119.462113,40.761989],[119.448418,40.754844],[119.441345,40.743239],[119.426382,40.733061],[119.415832,40.712779],[119.420662,40.70365],[119.414879,40.6967],[119.405342,40.693793],[119.401569,40.684386],[119.388992,40.676929],[119.36563,40.680961],[119.359931,40.675334],[119.339072,40.6701],[119.326689,40.649913],[119.312712,40.640845],[119.313323,40.633067],[119.297072,40.62738],[119.289717,40.618861],[119.292341,40.616897],[119.289259,40.61161],[119.269888,40.605407],[119.259733,40.607474],[119.258428,40.614276],[119.248457,40.619113],[119.233978,40.599148],[119.220772,40.604893],[119.176018,40.609817],[119.1549,40.597565],[119.149559,40.60191],[119.150567,40.612963],[119.136734,40.631039],[119.148346,40.64455],[119.15876,40.647457],[119.176933,40.662479],[119.178147,40.67556],[119.172577,40.685253],[119.15876,40.693249],[119.095772,40.659813],[119.070328,40.675804],[119.057251,40.660057],[119.051674,40.661026],[119.046349,40.662479],[119.040756,40.679203],[119.019722,40.690273],[119.004601,40.684738],[118.995003,40.693592],[118.979881,40.696175],[118.953316,40.719051],[118.947411,40.740448],[118.941506,40.745983],[118.888963,40.751761],[118.903541,40.774921],[118.871117,40.780788],[118.868698,40.788029],[118.853866,40.800449],[118.841454,40.799068],[118.837997,40.811832],[118.847313,40.838734],[118.865593,40.846325],[118.877373,40.869919],[118.883858,40.901676],[118.87764,40.922848],[118.887535,40.923382],[118.894951,40.959435],[118.908829,40.967758],[118.931778,40.956913],[118.966332,40.955399],[118.995232,40.970432],[119.014503,40.987682],[119.014252,41.004074],[118.979195,41.006851],[118.963051,41.016182],[118.944138,41.015427],[118.928246,41.035351],[118.931648,41.042286],[118.929131,41.050358],[118.956619,41.076839],[119.019295,41.064228],[119.020683,41.059563],[119.03392,41.06385],[119.038208,41.075954],[119.064568,41.072803],[119.074127,41.093967],[119.076416,41.119247],[119.072258,41.13269],[119.09304,41.132202],[119.130447,41.14027],[119.148048,41.164719],[119.190094,41.189655],[119.185204,41.200413],[119.17176,41.202614],[119.161003,41.214348],[119.16687,41.220459],[119.181786,41.218746],[119.206718,41.225838],[119.202324,41.229748],[119.20134,41.240749],[119.207947,41.242462],[119.211121,41.253952],[119.225548,41.254929],[119.239968,41.275467],[119.231415,41.310181],[119.240662,41.323906],[119.272125,41.326859],[119.287529,41.322269],[119.29966,41.329479],[119.31736,41.327839],[119.323585,41.342262],[119.312439,41.363895],[119.322601,41.369465],[119.322601,41.384544],[119.303917,41.39241],[119.303261,41.39962],[119.322273,41.409782],[119.344559,41.40847],[119.354179,41.417801],[119.362152,41.416862],[119.368813,41.423546],[119.36348,41.448517],[119.375816,41.464504],[119.389977,41.470215],[119.397964,41.479118],[119.38929,41.493965],[119.397736,41.50013],[119.39637,41.507439],[119.386093,41.518856],[119.378326,41.517715],[119.373756,41.522511],[119.374901,41.529362],[119.353203,41.542835],[119.35405,41.563244],[119.379013,41.564075],[119.406189,41.55928],[119.411667,41.565674],[119.411438,41.578922],[119.406189,41.587601],[119.390656,41.593765],[119.347519,41.602699],[119.319695,41.637039],[119.30365,41.665138],[119.305359,41.685387],[119.293892,41.701378],[119.29425,41.711887],[119.310959,41.731102],[119.311173,41.737106],[119.296402,41.7449],[119.307075,41.763477],[119.29837,41.772656],[119.282555,41.779716],[119.281708,41.784237],[119.310204,41.824261],[119.315974,41.846339],[119.32177,41.867607],[119.316505,41.889492],[119.327347,41.911816],[119.316632,41.956826],[119.314148,41.965401],[119.324654,41.97797],[119.351479,41.996231],[119.359169,42.014111],[119.374992,42.034084],[119.373978,42.089687],[119.357598,42.111038],[119.342667,42.116585],[119.312477,42.118664],[119.303642,42.125591],[119.29615,42.142258],[119.285263,42.148472],[119.264237,42.182663],[119.235245,42.19146],[119.228561,42.20285],[119.232956,42.213284],[119.250534,42.224979],[119.263718,42.255531],[119.277291,42.268047],[119.321175,42.279236],[119.342163,42.300617],[119.37867,42.302917],[119.383919,42.308071],[119.41037,42.312057],[119.454643,42.332207],[119.464226,42.34478],[119.480873,42.356461],[119.486702,42.376621],[119.49482,42.386768],[119.498917,42.383469],[119.525986,42.367893],[119.53067,42.361172],[119.562699,42.357265],[119.557678,42.32513],[119.545357,42.322197],[119.531868,42.294628],[119.532745,42.289349],[119.600204,42.274685]]]]}},{"type":"Feature","properties":{"name":"濮阳市","code":"410900","gb":"156410900","province":"河南省","label":[115.28113988751662,35.80812545469364]},"geometry":{"type":"MultiPolygon","coordinates":[[[[115.142029,36.20842],[115.1614,36.191597],[115.211365,36.200588],[115.240296,36.188839],[115.255089,36.176094],[115.272041,36.136574],[115.290993,36.133461],[115.29583,36.128448],[115.293716,36.106457],[115.300011,36.09481],[115.323494,36.086681],[115.338455,36.08675],[115.357605,36.094387],[115.385628,36.132057],[115.400291,36.135777],[115.422913,36.131969],[115.433914,36.134987],[115.47287,36.169361],[115.480919,36.126602],[115.446083,36.070293],[115.440292,36.013302],[115.428848,36],[115.410667,35.996387],[115.393517,35.986221],[115.361259,35.977104],[115.348495,35.966393],[115.347183,35.946892],[115.36087,35.909248],[115.35524,35.894043],[115.3395,35.878025],[115.331161,35.857971],[115.327683,35.819645],[115.331925,35.804111],[115.340473,35.797834],[115.355408,35.784447],[115.398872,35.810253],[115.430679,35.851151],[115.467041,35.874565],[115.509888,35.893654],[115.542869,35.897644],[115.585121,35.925056],[115.630081,35.924862],[115.644783,35.930561],[115.64481,35.930572],[115.675331,35.94376],[115.685959,35.963493],[115.708435,35.970341],[115.727875,35.969246],[115.748497,35.974121],[115.803116,36.010052],[115.828773,36.014641],[115.85331,36.00663],[115.890267,36.024941],[115.925438,36.025852],[115.940926,36.037064],[115.997414,36.052116],[116.017357,36.063339],[116.056313,36.104996],[116.092756,36.110466],[116.084579,36.080509],[116.068817,36.05611],[116.070091,36.038826],[116.066277,36.025608],[116.056107,36.027897],[116.043518,35.982479],[116.039726,35.97142],[116.032623,35.967598],[115.979614,35.974976],[115.908569,35.962132],[115.900925,35.951477],[115.89901,35.928524],[115.864853,35.914314],[115.86573,35.908943],[115.87793,35.908688],[115.882255,35.897251],[115.869525,35.864996],[115.856659,35.856426],[115.833961,35.855251],[115.833687,35.847801],[115.813805,35.85289],[115.809204,35.843914],[115.766304,35.853683],[115.75396,35.837318],[115.727388,35.831787],[115.719147,35.813934],[115.708229,35.813229],[115.708587,35.801262],[115.695915,35.804428],[115.685348,35.750568],[115.657125,35.750461],[115.611427,35.737896],[115.581856,35.735783],[115.581856,35.724869],[115.552284,35.732616],[115.551231,35.726276],[115.502998,35.724518],[115.494629,35.711349],[115.471161,35.698685],[115.461876,35.675388],[115.446174,35.674713],[115.458168,35.667454],[115.414017,35.65707],[115.441665,35.650375],[115.424805,35.646671],[115.421837,35.640556],[115.419945,35.627903],[115.425827,35.627903],[115.430176,35.621841],[115.421097,35.619617],[115.401825,35.625362],[115.397568,35.594048],[115.369377,35.572365],[115.3601,35.574291],[115.347145,35.566589],[115.34906,35.551868],[115.339828,35.55159],[115.337868,35.547394],[115.358345,35.538929],[115.342766,35.529476],[115.349419,35.501114],[115.345741,35.494812],[115.317909,35.485886],[115.296722,35.470303],[115.292015,35.472206],[115.279579,35.464428],[115.263733,35.467106],[115.257301,35.462631],[115.259262,35.455917],[115.255112,35.448738],[115.227325,35.423634],[115.186013,35.417852],[115.156517,35.428993],[115.128723,35.427532],[115.124092,35.425339],[115.122391,35.397793],[115.114586,35.396088],[115.113861,35.423878],[115.105812,35.419243],[115.108742,35.398769],[115.089485,35.408764],[115.087288,35.415344],[115.082413,35.414372],[115.076561,35.410225],[115.079536,35.392715],[115.066574,35.378052],[115.025864,35.375858],[115.013924,35.369518],[115.009773,35.360989],[115.013641,35.332648],[114.987347,35.335311],[114.95762,35.36272],[114.941543,35.37103],[114.944927,35.380755],[114.961374,35.39758],[114.972563,35.40317],[114.979099,35.416647],[114.975458,35.435524],[114.957107,35.439328],[114.95858,35.450117],[114.964248,35.45449],[114.960933,35.460586],[114.966859,35.479174],[114.956166,35.482489],[114.936335,35.478645],[114.931454,35.483347],[114.937228,35.498311],[114.964686,35.506765],[114.965049,35.519491],[114.963601,35.54026],[114.953919,35.553278],[114.957471,35.571851],[114.953536,35.578429],[114.926288,35.590283],[114.912155,35.587472],[114.895329,35.592162],[114.867038,35.609213],[114.870938,35.61725],[114.869727,35.629957],[114.87782,35.635783],[114.888001,35.635682],[114.890295,35.642754],[114.896721,35.645274],[114.90064,35.659738],[114.91136,35.667969],[114.914976,35.685852],[114.907463,35.69672],[114.897937,35.694996],[114.897968,35.70443],[114.909742,35.706996],[114.896741,35.730818],[114.882517,35.733727],[114.879418,35.759279],[114.891259,35.761175],[114.909901,35.78051],[114.934692,35.788979],[114.94471,35.818046],[114.93569,35.826796],[114.926963,35.824631],[114.925913,35.851879],[114.955194,35.86298],[114.973561,35.910532],[114.966579,35.919688],[114.96849,35.939981],[114.972629,35.939165],[114.982473,35.96636],[114.976058,35.98063],[114.977647,36.002713],[114.969985,35.997238],[114.966403,35.999453],[114.96859,36.012384],[114.977425,36.019523],[114.978854,36.02595],[114.929869,36.040437],[114.922391,36.055027],[114.938751,36.067665],[114.976822,36.069115],[115.008637,36.075314],[115.001865,36.078458],[114.99894,36.080849],[115.002792,36.086746],[115.022835,36.091515],[115.019707,36.100311],[115.037193,36.10107],[115.035103,36.11129],[115.043739,36.114353],[115.04335,36.152588],[115.052498,36.170052],[115.061211,36.175377],[115.103638,36.171772],[115.105995,36.191708],[115.118746,36.208961],[115.142029,36.20842]]]]}},{"type":"Feature","properties":{"name":"大连市","code":"210200","gb":"156210200","province":"辽宁省","label":[122.19683930716852,39.59781691658766]},"geometry":{"type":"MultiPolygon","coordinates":[[[[122.745532,39.031926],[122.753628,39.009501],[122.726411,39.014861],[122.711115,39.025388],[122.718281,39.048939],[122.722366,39.037298],[122.745532,39.031926]]],[[[123.177733,39.09684],[123.176845,39.080103],[123.196425,39.061804],[123.16181,39.027159],[123.151132,39.027853],[123.140308,39.045106],[123.149366,39.058089],[123.148343,39.068296],[123.156664,39.066154],[123.162126,39.058042],[123.165099,39.064611],[123.161635,39.073397],[123.143313,39.077562],[123.145853,39.086009],[123.170646,39.082615],[123.169179,39.100108],[123.177733,39.09684]]],[[[122.378011,39.18939],[122.393896,39.167101],[122.383984,39.161907],[122.374594,39.173214],[122.361115,39.173917],[122.357423,39.153306],[122.331793,39.145108],[122.314642,39.158825],[122.314695,39.183331],[122.325606,39.183531],[122.35761,39.201299],[122.404415,39.218328],[122.387867,39.212204],[122.378011,39.18939]]],[[[122.73516,39.246842],[122.738038,39.22617],[122.720351,39.222482],[122.688809,39.204269],[122.703251,39.228084],[122.681514,39.234277],[122.634917,39.225894],[122.644482,39.241571],[122.668498,39.239553],[122.694634,39.244556],[122.715272,39.240911],[122.73516,39.246842]]],[[[122.551014,39.292917],[122.588852,39.277318],[122.623623,39.280463],[122.636628,39.287138],[122.644208,39.27826],[122.671721,39.267558],[122.666203,39.257359],[122.643473,39.265083],[122.617465,39.264944],[122.584725,39.270193],[122.577419,39.254157],[122.562148,39.273116],[122.548903,39.274007],[122.521774,39.28665],[122.535634,39.307073],[122.551014,39.292917]]],[[[123.082841,39.448619],[123.079988,39.432457],[123.062442,39.432805],[123.051157,39.455144],[123.082841,39.448619]]],[[[122.971131,39.56262],[122.985587,39.548933],[123.001797,39.552191],[123.030871,39.531985],[123.01033,39.508331],[122.987803,39.4981],[122.966917,39.500546],[122.964674,39.517888],[122.941718,39.525005],[122.971131,39.56262]]],[[[122.888217,40.20289],[122.896239,40.17539],[122.916045,40.180887],[122.93209,40.177873],[122.937614,40.171571],[122.942023,40.135442],[122.948707,40.128049],[122.981239,40.116983],[122.989951,40.108594],[122.977691,40.097543],[122.979743,40.093297],[122.989913,40.091378],[122.993453,40.072228],[123.019454,40.070599],[123.027129,40.060002],[123.043251,40.058533],[123.071273,40.041748],[123.084694,40.052116],[123.086159,40.06076],[123.095543,40.072235],[123.111325,40.062573],[123.122399,40.075077],[123.130036,40.077778],[123.137528,40.070625],[123.167268,40.068397],[123.185136,40.059829],[123.193971,40.064983],[123.239,40.036666],[123.261728,40.037917],[123.270441,40.031291],[123.277384,40.012495],[123.285516,40.008181],[123.304064,40.023039],[123.345675,40.013834],[123.355097,40.000234],[123.3744,40.003221],[123.38618,40.012205],[123.398898,40.007687],[123.401981,39.997616],[123.39606,39.9804],[123.371088,39.96986],[123.387759,39.946815],[123.385462,39.934375],[123.392107,39.924419],[123.405734,39.933708],[123.425334,39.925563],[123.450687,39.927558],[123.458561,39.923282],[123.452724,39.918418],[123.455165,39.91619],[123.465946,39.923648],[123.475101,39.907561],[123.484539,39.900561],[123.46915,39.8813],[123.466929,39.86812],[123.482333,39.854902],[123.498698,39.850824],[123.502536,39.842962],[123.490832,39.839556],[123.491069,39.825876],[123.494486,39.818002],[123.512294,39.809179],[123.515468,39.785299],[123.514144,39.770657],[123.476883,39.764446],[123.464515,39.747361],[123.438462,39.733169],[123.408383,39.737175],[123.386966,39.725677],[123.382921,39.75026],[123.337889,39.756745],[123.307986,39.752349],[123.288025,39.759533],[123.265279,39.75533],[123.269494,39.725313],[123.247433,39.689602],[123.219833,39.701506],[123.206411,39.692042],[123.217024,39.674647],[123.18162,39.669951],[123.170741,39.676628],[123.127236,39.646399],[123.122739,39.662555],[123.071928,39.668703],[123.019688,39.661726],[122.993391,39.665587],[122.995218,39.645201],[122.970606,39.635349],[122.963189,39.604417],[122.933404,39.613423],[122.865751,39.603945],[122.856901,39.608769],[122.831798,39.595654],[122.837655,39.577956],[122.723041,39.535206],[122.713351,39.547737],[122.672972,39.51696],[122.641336,39.519091],[122.632391,39.494004],[122.61774,39.48365],[122.571382,39.47619],[122.553056,39.442006],[122.525782,39.420194],[122.492125,39.402205],[122.451973,39.403345],[122.450575,39.417523],[122.38714,39.414398],[122.390971,39.392936],[122.344403,39.375913],[122.346816,39.33277],[122.32664,39.325171],[122.300537,39.335098],[122.290807,39.348022],[122.263784,39.319535],[122.25239,39.318895],[122.257111,39.301926],[122.240547,39.287854],[122.243046,39.274706],[122.189572,39.261565],[122.157788,39.246744],[122.136723,39.22843],[122.108302,39.178325],[122.113536,39.146936],[122.055585,39.111265],[122.036223,39.110285],[122.042687,39.085635],[122.060327,39.07717],[122.059082,39.061803],[122.014436,39.08086],[121.977771,39.06674],[121.960667,39.032246],[121.908459,39.059121],[121.888569,39.028405],[121.845931,39.038517],[121.845244,39.027833],[121.89302,38.995797],[121.899912,38.967383],[121.861976,38.94376],[121.832854,38.952006],[121.803406,38.983399],[121.790629,39.019662],[121.761346,39.030608],[121.720624,39.035449],[121.73313,39.031476],[121.752051,39.008304],[121.716338,39.002513],[121.695651,39.019284],[121.665746,39.017301],[121.655027,39.004917],[121.661714,38.974926],[121.616662,38.950922],[121.595732,38.94723],[121.6217,38.930845],[121.643125,38.930374],[121.679267,38.927435],[121.713536,38.917543],[121.713577,38.897274],[121.695516,38.866553],[121.656022,38.861187],[121.621208,38.862677],[121.593338,38.873501],[121.561425,38.876452],[121.538751,38.86501],[121.535944,38.846525],[121.505946,38.821041],[121.470607,38.818296],[121.438262,38.818159],[121.425021,38.81146],[121.391159,38.813046],[121.373821,38.82115],[121.328096,38.820959],[121.320743,38.803743],[121.281208,38.787549],[121.255108,38.793804],[121.247727,38.805069],[121.226509,38.802285],[121.243122,38.778268],[121.216873,38.759145],[121.215263,38.743778],[121.197883,38.723612],[121.134375,38.726055],[121.132419,38.779122],[121.14395,38.794037],[121.111772,38.820147],[121.105732,38.852299],[121.120612,38.867742],[121.119079,38.890592],[121.091126,38.895608],[121.085867,38.909259],[121.098437,38.930992],[121.116452,38.946357],[121.14244,38.954731],[121.174032,38.956008],[121.192699,38.93711],[121.219037,38.933304],[121.229814,38.949688],[121.25982,38.954933],[121.275634,38.96949],[121.310111,38.96549],[121.339723,38.975255],[121.330273,39.025521],[121.358717,39.04146],[121.366159,39.055701],[121.430732,39.021789],[121.458227,39.017022],[121.509717,39.032913],[121.549916,39.056539],[121.565963,39.072477],[121.59028,39.075032],[121.605513,39.094947],[121.55994,39.130294],[121.586532,39.15174],[121.636131,39.111275],[121.592069,39.075119],[121.623476,39.073038],[121.645008,39.081947],[121.674069,39.096736],[121.682026,39.123382],[121.661839,39.147996],[121.637126,39.168464],[121.597792,39.167896],[121.584654,39.1986],[121.589468,39.22585],[121.626217,39.223988],[121.610989,39.270291],[121.672576,39.274407],[121.685397,39.288964],[121.673983,39.307776],[121.698071,39.316679],[121.723067,39.305199],[121.731747,39.317766],[121.707945,39.340732],[121.73548,39.381456],[121.78476,39.367727],[121.839984,39.374526],[121.854995,39.370959],[121.896589,39.402418],[121.857654,39.395819],[121.81713,39.376608],[121.786303,39.385395],[121.752672,39.381762],[121.745012,39.389817],[121.702377,39.390683],[121.712993,39.375006],[121.698925,39.35863],[121.629851,39.343606],[121.620275,39.3296],[121.565359,39.323586],[121.542851,39.360176],[121.551575,39.333371],[121.520334,39.330511],[121.519962,39.297018],[121.502026,39.285363],[121.46563,39.301051],[121.472303,39.327644],[121.436769,39.333833],[121.453277,39.375114],[121.435764,39.381957],[121.393341,39.363345],[121.351783,39.38165],[121.317156,39.37899],[121.340056,39.417011],[121.363238,39.424857],[121.358721,39.43972],[121.318615,39.409566],[121.297141,39.401282],[121.268517,39.376429],[121.246191,39.388595],[121.259205,39.400466],[121.255277,39.437741],[121.245488,39.453872],[121.299989,39.473705],[121.355548,39.505314],[121.380922,39.502259],[121.380508,39.519211],[121.349894,39.517537],[121.303225,39.491169],[121.279745,39.509096],[121.263413,39.500384],[121.263403,39.485011],[121.223987,39.484922],[121.224235,39.53074],[121.229847,39.554991],[121.256359,39.578529],[121.283024,39.578248],[121.300514,39.601687],[121.315049,39.593788],[121.335769,39.602424],[121.394442,39.601612],[121.44321,39.615539],[121.458082,39.628072],[121.4619,39.652142],[121.49158,39.662341],[121.503209,39.692844],[121.501138,39.707998],[121.455213,39.743034],[121.487173,39.760864],[121.491237,39.777533],[121.471599,39.792383],[121.472759,39.808041],[121.494553,39.812714],[121.540933,39.864066],[121.558619,39.857132],[121.609352,39.866563],[121.670532,39.915258],[121.704748,39.93395],[121.73354,39.918589],[121.777101,39.933975],[121.784272,39.94941],[121.81232,39.968766],[121.796477,39.980025],[121.824634,40.001766],[121.815491,40.020531],[121.8406,40.033042],[121.881585,40.044226],[121.900717,40.060935],[121.922322,40.069409],[121.932915,40.096529],[121.960021,40.111598],[121.967333,40.108992],[121.970316,40.095213],[121.980414,40.085789],[121.97841,40.062967],[121.987146,40.051405],[121.995066,40.049688],[122.009501,40.056562],[122.03226,40.05845],[122.041346,40.064619],[122.060748,40.064031],[122.076892,40.053762],[122.084926,40.037709],[122.113514,40.042363],[122.13464,40.029427],[122.147762,40.034871],[122.162991,40.029656],[122.169735,40.025403],[122.174801,40.011818],[122.186925,40.008023],[122.195637,39.996533],[122.216222,40.00034],[122.23615,40.018681],[122.257116,40.002678],[122.254186,39.987938],[122.280853,39.964695],[122.308401,39.982601],[122.328001,39.980381],[122.336608,39.983909],[122.35575,39.96696],[122.413856,39.969092],[122.438675,39.953685],[122.459389,39.948466],[122.472061,39.936076],[122.485561,39.93604],[122.49778,39.924811],[122.51106,39.920071],[122.503022,39.924769],[122.503655,39.931315],[122.519669,39.932581],[122.526734,39.940825],[122.545846,39.935393],[122.553132,39.943075],[122.544008,39.952673],[122.552179,39.970873],[122.534005,39.97029],[122.539644,39.990199],[122.516832,39.996302],[122.514138,40.00067],[122.523134,40.014003],[122.540003,40.012141],[122.547106,40.020625],[122.524202,40.042228],[122.532572,40.059699],[122.553896,40.057468],[122.564608,40.048686],[122.575671,40.053607],[122.602145,40.051513],[122.612323,40.062297],[122.653843,40.061358],[122.684437,40.06932],[122.704709,40.066107],[122.7104,40.077494],[122.728337,40.093577],[122.741781,40.096412],[122.761709,40.108432],[122.775808,40.109595],[122.795439,40.101592],[122.808684,40.102133],[122.819411,40.119521],[122.829886,40.117972],[122.846068,40.123423],[122.853317,40.133593],[122.844505,40.142234],[122.843612,40.153869],[122.853721,40.160613],[122.863578,40.178962],[122.888217,40.20289]]]]}},{"type":"Feature","properties":{"name":"石家庄市","code":"130100","gb":"156130100","province":"河北省","label":[114.44032986680557,38.13066445503599]},"geometry":{"type":"MultiPolygon","coordinates":[[[[113.830878,38.748019],[113.839046,38.744035],[113.856789,38.7463],[113.881782,38.741695],[113.89886,38.733189],[113.904693,38.723797],[113.927046,38.714079],[113.925144,38.701168],[113.960479,38.698014],[113.972059,38.68313],[113.989313,38.676177],[114.006837,38.68436],[114.025268,38.684784],[114.03244,38.679263],[114.045929,38.685553],[114.059008,38.672547],[114.07313,38.670198],[114.078626,38.658895],[114.102796,38.657002],[114.119476,38.659415],[114.140315,38.677861],[114.164872,38.670335],[114.171498,38.670032],[114.180072,38.684156],[114.189312,38.683248],[114.209872,38.692727],[114.241529,38.69242],[114.250083,38.698819],[114.279262,38.698808],[114.288437,38.704269],[114.298861,38.703232],[114.307286,38.711276],[114.322419,38.707651],[114.330788,38.693765],[114.345054,38.691198],[114.352874,38.682322],[114.383519,38.688961],[114.390547,38.703253],[114.410931,38.700977],[114.415507,38.694538],[114.454986,38.702376],[114.496359,38.674511],[114.499481,38.661926],[114.530418,38.64863],[114.532082,38.631571],[114.546229,38.608191],[114.522488,38.592006],[114.52395,38.583812],[114.535063,38.593051],[114.578469,38.595133],[114.583394,38.580151],[114.618622,38.526643],[114.654415,38.496262],[114.669276,38.469355],[114.693511,38.488354],[114.700935,38.502346],[114.707553,38.502709],[114.713467,38.49722],[114.718387,38.478814],[114.732889,38.478552],[114.733269,38.493003],[114.739066,38.502346],[114.755618,38.48908],[114.782405,38.490993],[114.794072,38.496276],[114.806968,38.486197],[114.825584,38.464811],[114.820255,38.457335],[114.813923,38.457926],[114.812094,38.450603],[114.82337,38.438694],[114.823099,38.43334],[114.831359,38.434018],[114.835249,38.460468],[114.841104,38.460183],[114.845349,38.451002],[114.850511,38.452982],[114.853067,38.432945],[114.868882,38.426607],[114.868875,38.418766],[114.884282,38.419075],[114.904478,38.396249],[114.914946,38.391391],[114.919879,38.369324],[114.924027,38.368309],[114.92225,38.353367],[114.927364,38.346555],[114.93695,38.343311],[114.929674,38.327483],[114.917013,38.315017],[114.901075,38.309061],[114.897693,38.294627],[114.877602,38.284551],[114.876848,38.268437],[114.88037,38.264837],[114.903596,38.261667],[114.910703,38.264493],[114.910074,38.272642],[114.925848,38.283112],[114.944938,38.277028],[114.968977,38.278822],[114.983511,38.269102],[114.986152,38.254434],[114.995833,38.253229],[115.000816,38.259779],[115.022177,38.266807],[115.032263,38.265426],[115.040283,38.255079],[115.059578,38.26263],[115.058923,38.278419],[115.049865,38.289145],[115.056076,38.300247],[115.065166,38.296904],[115.070715,38.281462],[115.080039,38.281452],[115.087184,38.265436],[115.095028,38.261641],[115.108317,38.262213],[115.109933,38.26648],[115.125617,38.263968],[115.134675,38.258301],[115.133265,38.251767],[115.144,38.250061],[115.144277,38.256078],[115.161647,38.259301],[115.184014,38.238429],[115.20135,38.234579],[115.213966,38.250811],[115.216723,38.277573],[115.233673,38.278899],[115.239882,38.285444],[115.247412,38.289395],[115.259988,38.287045],[115.260483,38.274963],[115.25503,38.272214],[115.255102,38.264714],[115.268048,38.256047],[115.265405,38.241721],[115.269372,38.238765],[115.297488,38.234963],[115.302711,38.244254],[115.31848,38.247408],[115.317486,38.219848],[115.34439,38.209974],[115.346279,38.205938],[115.344086,38.199822],[115.336319,38.195722],[115.334599,38.184675],[115.345479,38.182607],[115.338935,38.158115],[115.340438,38.139323],[115.358504,38.137105],[115.362241,38.119646],[115.369709,38.116592],[115.368641,38.104596],[115.378287,38.096697],[115.377118,38.087296],[115.410555,38.094134],[115.41421,38.088739],[115.433825,38.081174],[115.440693,38.081546],[115.448231,38.090509],[115.461865,38.094441],[115.477376,38.082395],[115.46822,38.066759],[115.457053,38.065514],[115.460519,38.062744],[115.4584,38.052345],[115.451542,38.03018],[115.444061,38.024812],[115.445117,38.016504],[115.431173,38.010503],[115.431889,38.00028],[115.439386,38.002552],[115.456997,37.99785],[115.453728,37.992545],[115.438888,37.988527],[115.437866,37.984061],[115.453994,37.954593],[115.443168,37.936365],[115.435953,37.933481],[115.416952,37.942703],[115.406492,37.94236],[115.40674,37.924203],[115.401901,37.917835],[115.384747,37.919258],[115.379545,37.916328],[115.377365,37.906849],[115.359712,37.904091],[115.354155,37.887597],[115.354051,37.879278],[115.383699,37.873582],[115.385472,37.865418],[115.383706,37.852483],[115.356988,37.849106],[115.352446,37.816048],[115.347812,37.816999],[115.343541,37.804877],[115.346129,37.783174],[115.35939,37.78174],[115.366238,37.774885],[115.365941,37.769283],[115.36161,37.769942],[115.355008,37.758373],[115.345219,37.76168],[115.339349,37.758209],[115.338579,37.746495],[115.350481,37.732847],[115.364158,37.731179],[115.379928,37.726129],[115.387984,37.718141],[115.38812,37.711448],[115.373865,37.706467],[115.333053,37.715281],[115.327825,37.712636],[115.325425,37.703425],[115.310783,37.694444],[115.30971,37.687774],[115.319517,37.681432],[115.310496,37.659188],[115.2954,37.659436],[115.288141,37.635667],[115.292457,37.634393],[115.291379,37.628975],[115.278726,37.629278],[115.253501,37.638604],[115.249064,37.644887],[115.251487,37.653263],[115.247786,37.67066],[115.256598,37.674605],[115.25697,37.680731],[115.247674,37.700103],[115.24227,37.702817],[115.238666,37.716522],[115.219464,37.731936],[115.193135,37.739857],[115.191594,37.746141],[115.16649,37.748486],[115.161361,37.757923],[115.146404,37.75924],[115.143474,37.774232],[115.154256,37.779641],[115.15537,37.786244],[115.143689,37.800215],[115.145143,37.807502],[115.140288,37.806577],[115.137657,37.801132],[115.125885,37.798469],[115.117151,37.810158],[115.104329,37.811553],[115.09124,37.806918],[115.089038,37.796482],[115.067335,37.7898],[115.065861,37.785241],[115.064607,37.773623],[115.060187,37.770025],[115.06376,37.744369],[115.060752,37.742469],[115.035211,37.735709],[115.00642,37.750843],[115.006039,37.741332],[114.996076,37.73407],[114.984385,37.735201],[114.981624,37.74201],[114.977891,37.741268],[114.970167,37.729535],[114.954816,37.719561],[114.93308,37.721294],[114.927082,37.728687],[114.898277,37.728714],[114.891913,37.712767],[114.875715,37.715615],[114.86546,37.701637],[114.842214,37.696208],[114.83515,37.681409],[114.802825,37.659244],[114.795366,37.641861],[114.797899,37.633617],[114.791338,37.627336],[114.775435,37.629008],[114.761378,37.619115],[114.745453,37.623579],[114.727766,37.622748],[114.699551,37.614262],[114.691037,37.587309],[114.694769,37.57521],[114.685053,37.564107],[114.623271,37.551791],[114.596935,37.559398],[114.598074,37.548157],[114.585235,37.547409],[114.558492,37.555573],[114.516193,37.576257],[114.509442,37.583401],[114.456018,37.579055],[114.459696,37.571004],[114.43185,37.553707],[114.404073,37.548774],[114.372962,37.530403],[114.36375,37.512734],[114.348069,37.51834],[114.328613,37.502199],[114.30534,37.499672],[114.29517,37.508187],[114.280002,37.501149],[114.280899,37.494009],[114.241552,37.506225],[114.209487,37.510194],[114.200149,37.52162],[114.18,37.529814],[114.153459,37.530998],[114.149904,37.528743],[114.154199,37.515749],[114.149995,37.504632],[114.12724,37.497989],[114.120203,37.481525],[114.103179,37.494398],[114.089836,37.491886],[114.064219,37.451254],[114.06327,37.441231],[114.040623,37.437179],[114.020012,37.446545],[114.021942,37.473831],[114.030388,37.493435],[114.053177,37.515087],[114.114937,37.595509],[114.116837,37.600574],[114.109085,37.624512],[114.124695,37.647415],[114.133301,37.67503],[114.12574,37.693783],[114.114548,37.700409],[114.081772,37.707932],[114.055183,37.721729],[114.008682,37.711616],[114,37.703362],[113.990414,37.703961],[113.987381,37.714321],[113.990158,37.729538],[114.034737,37.756001],[114.03968,37.766613],[114.037422,37.776657],[114.012444,37.794132],[114.008881,37.809883],[113.976257,37.812199],[113.970787,37.816235],[113.963951,37.83337],[113.965263,37.868176],[113.950615,37.91087],[113.938553,37.921135],[113.930328,37.922672],[113.923004,37.931522],[113.916626,37.951614],[113.89505,37.984364],[113.874191,37.994587],[113.868721,38.011345],[113.877113,38.053986],[113.873093,38.063419],[113.850716,38.071713],[113.836792,38.096031],[113.811575,38.110708],[113.810898,38.122482],[113.831062,38.143806],[113.831344,38.150951],[113.822912,38.160674],[113.724732,38.173504],[113.72142,38.178463],[113.730728,38.190712],[113.72966,38.196835],[113.71537,38.199196],[113.702911,38.211086],[113.695389,38.206287],[113.672577,38.204868],[113.661964,38.210091],[113.650581,38.225105],[113.636612,38.231354],[113.582191,38.226814],[113.56385,38.236958],[113.559769,38.25193],[113.538277,38.270012],[113.550743,38.343014],[113.545685,38.351837],[113.527733,38.364704],[113.518791,38.382465],[113.531418,38.41753],[113.576614,38.459324],[113.577011,38.465527],[113.55484,38.485287],[113.548904,38.514545],[113.554558,38.533417],[113.555504,38.557835],[113.560654,38.566112],[113.583115,38.575691],[113.59993,38.592304],[113.602364,38.600155],[113.597763,38.615643],[113.606392,38.645546],[113.626121,38.652615],[113.660545,38.646427],[113.703194,38.654678],[113.707207,38.663067],[113.703362,38.697678],[113.706909,38.70866],[113.722397,38.711281],[113.738732,38.700863],[113.756432,38.700714],[113.769028,38.709167],[113.777473,38.735615],[113.796364,38.762634],[113.825464,38.75634],[113.830878,38.748019]]]]}},{"type":"Feature","properties":{"name":"葫芦岛市","code":"211400","gb":"156211400","province":"辽宁省","label":[120.19679089797218,40.62387324074152]},"geometry":{"type":"MultiPolygon","coordinates":[[[[120.824193,40.501568],[120.820495,40.488326],[120.796546,40.488758],[120.782274,40.473731],[120.770849,40.487294],[120.783927,40.497255],[120.792336,40.496629],[120.789234,40.505605],[120.807782,40.513162],[120.802468,40.519828],[120.803211,40.52502],[120.81854,40.513407],[120.824193,40.501568]]],[[[120.768165,41.198608],[120.76792,41.197465],[120.767244,41.198724],[120.768165,41.198608]]],[[[120.768992,41.200244],[120.76787,41.198931],[120.7673,41.200126],[120.768992,41.200244]]],[[[120.781631,41.19919],[120.790443,41.180708],[120.779082,41.165792],[120.784003,41.159483],[120.800345,41.156191],[120.802581,41.141676],[120.814696,41.141695],[120.829269,41.129674],[120.836776,41.130163],[120.87062,41.154332],[120.902153,41.143945],[120.905899,41.133935],[120.892555,41.127557],[120.901527,41.120339],[120.925468,41.115766],[120.93222,41.122342],[120.937038,41.114717],[120.938263,41.098103],[120.949203,41.078335],[120.947166,41.070874],[120.939392,41.065495],[120.946639,41.044781],[120.957474,41.048573],[120.973335,41.044873],[120.977974,41.035904],[120.996383,41.032608],[121.026735,41.047535],[121.019279,41.019699],[121.007362,40.996895],[121.012095,40.960912],[121.00479,40.950691],[121.011392,40.9407],[121.019596,40.94833],[121.03147,40.935853],[121.031415,40.93205],[121.01816,40.92633],[121.031428,40.919236],[121.026588,40.913158],[121.03144,40.898098],[121.028815,40.877231],[121.018456,40.866956],[121.001363,40.863575],[120.995943,40.855994],[121.005315,40.835361],[121.004183,40.828926],[120.974101,40.820609],[120.959864,40.802303],[120.973318,40.794346],[120.968024,40.742978],[121.012295,40.743804],[120.998616,40.718153],[120.970591,40.711761],[120.952589,40.694556],[120.904841,40.689913],[120.869712,40.681773],[120.827163,40.677764],[120.821912,40.655561],[120.824908,40.643261],[120.800006,40.623759],[120.79229,40.600217],[120.759941,40.565916],[120.749916,40.569646],[120.725149,40.55016],[120.697769,40.540743],[120.715911,40.519583],[120.689642,40.504587],[120.67271,40.513074],[120.65693,40.482273],[120.624166,40.48542],[120.594334,40.469127],[120.615309,40.452026],[120.598489,40.430801],[120.610076,40.415318],[120.59929,40.403135],[120.58047,40.405343],[120.569583,40.391501],[120.589353,40.365828],[120.560683,40.349534],[120.517971,40.337775],[120.495572,40.317467],[120.515944,40.274796],[120.515011,40.260369],[120.500861,40.236931],[120.48227,40.229826],[120.441534,40.196208],[120.383942,40.198671],[120.335073,40.187067],[120.313362,40.186924],[120.289763,40.163934],[120.269281,40.152932],[120.224622,40.139186],[120.166917,40.107297],[120.15888,40.115013],[120.084665,40.088337],[120.065037,40.088753],[119.955835,40.061167],[119.923336,40.043829],[119.908846,40.025798],[119.913653,40.000104],[119.846569,39.989752],[119.832329,40.004993],[119.841644,40.015861],[119.846687,40.030411],[119.836792,40.035652],[119.827675,40.048264],[119.816421,40.045933],[119.809242,40.050785],[119.804199,40.044384],[119.787705,40.037979],[119.768112,40.049038],[119.76326,40.046906],[119.751618,40.065723],[119.764038,40.08086],[119.746963,40.086872],[119.726784,40.103367],[119.73261,40.110055],[119.745018,40.119858],[119.748688,40.13353],[119.746323,40.179329],[119.741424,40.189537],[119.675377,40.214886],[119.663284,40.237644],[119.64045,40.227596],[119.632004,40.229847],[119.622719,40.221123],[119.615684,40.224781],[119.627502,40.249828],[119.644386,40.270653],[119.634819,40.289227],[119.607521,40.303299],[119.604669,40.317935],[119.60672,40.325912],[119.601883,40.331749],[119.5802,40.342091],[119.596046,40.361443],[119.57119,40.375786],[119.576858,40.387463],[119.587204,40.391464],[119.590538,40.405643],[119.586533,40.413151],[119.590538,40.423161],[119.583199,40.426331],[119.58036,40.435505],[119.592705,40.446678],[119.591873,40.463696],[119.555,40.487122],[119.559494,40.490818],[119.557381,40.499802],[119.543907,40.503765],[119.539413,40.509842],[119.5476,40.521469],[119.560288,40.527546],[119.56002,40.533356],[119.545227,40.536793],[119.537559,40.547359],[119.527519,40.552116],[119.512726,40.545776],[119.495552,40.552116],[119.477852,40.522789],[119.467018,40.533356],[119.454864,40.536793],[119.445877,40.529396],[119.437958,40.531773],[119.429497,40.541283],[119.397797,40.534679],[119.397263,40.525433],[119.385376,40.523846],[119.376923,40.532036],[119.385376,40.541019],[119.371902,40.548153],[119.337555,40.534149],[119.331215,40.526489],[119.318046,40.534538],[119.289154,40.525787],[119.285217,40.535851],[119.27034,40.539352],[119.263336,40.534538],[119.252831,40.534538],[119.248894,40.545918],[119.223946,40.557297],[119.213371,40.568497],[119.218658,40.583031],[119.230072,40.591],[119.233978,40.599148],[119.248457,40.619113],[119.258428,40.614276],[119.259733,40.607474],[119.269888,40.605407],[119.289259,40.61161],[119.292341,40.616897],[119.289717,40.618861],[119.297072,40.62738],[119.313323,40.633067],[119.312712,40.640845],[119.326689,40.649913],[119.339072,40.6701],[119.359931,40.675334],[119.36563,40.680961],[119.388992,40.676929],[119.401569,40.684386],[119.405342,40.693793],[119.414879,40.6967],[119.420662,40.70365],[119.415832,40.712779],[119.426382,40.733061],[119.441345,40.743239],[119.448418,40.754844],[119.462113,40.761989],[119.481697,40.759631],[119.495973,40.767459],[119.509172,40.797164],[119.523713,40.808867],[119.525957,40.822322],[119.520082,40.825015],[119.521356,40.832698],[119.527592,40.836901],[119.544778,40.83462],[119.562799,40.81718],[119.576677,40.820186],[119.600229,40.837436],[119.632456,40.82836],[119.653643,40.806128],[119.655138,40.792162],[119.661455,40.783549],[119.679003,40.77912],[119.685305,40.797114],[119.70489,40.817114],[119.705836,40.824614],[119.689066,40.822737],[119.688777,40.833876],[119.699557,40.839499],[119.697657,40.844142],[119.709964,40.862868],[119.722247,40.858778],[119.735316,40.866526],[119.74776,40.857596],[119.762637,40.854727],[119.777614,40.842539],[119.785129,40.854067],[119.793995,40.856898],[119.796054,40.864504],[119.810047,40.870684],[119.820286,40.884726],[119.813061,40.92787],[119.815823,40.931067],[119.826657,40.934477],[119.827916,40.929827],[119.844586,40.92718],[119.857419,40.919447],[119.862912,40.910875],[119.889317,40.911909],[119.898373,40.908545],[119.908002,40.930899],[119.917768,40.932241],[119.93958,40.954058],[119.948972,40.946844],[119.951841,40.929785],[119.965284,40.929357],[119.981329,40.937868],[120.000578,40.962797],[120.00112,40.97611],[120.024001,41.000849],[120.016852,41.009108],[120.011641,41.037741],[120.003584,41.043402],[120.000334,41.05855],[119.989875,41.061465],[119.988455,41.067381],[120.007536,41.079035],[120.051108,41.08956],[120.056753,41.099335],[120.072761,41.098783],[120.081596,41.089937],[120.106437,41.086622],[120.112838,41.074591],[120.102836,41.061415],[120.114936,41.058077],[120.127701,41.047933],[120.126388,41.034498],[120.143318,41.013399],[120.138916,41.006925],[120.144752,41.000432],[120.172355,41.018327],[120.190643,41.010015],[120.186973,41.006525],[120.178184,41.009592],[120.175415,41.004899],[120.182133,40.999215],[120.19355,40.999158],[120.197807,40.972814],[120.184333,40.955121],[120.16822,40.953401],[120.159797,40.937692],[120.165148,40.924773],[120.174216,40.920369],[120.191116,40.921758],[120.212059,40.955186],[120.233744,40.948517],[120.242759,40.950571],[120.253868,40.94211],[120.262001,40.945906],[120.272934,40.943033],[120.285355,40.959826],[120.285202,40.971296],[120.299538,40.967726],[120.314705,40.996996],[120.331261,41.001738],[120.3433,40.999892],[120.333863,40.994894],[120.355408,40.974493],[120.372941,40.974161],[120.398111,40.951971],[120.408998,40.94937],[120.419961,40.955553],[120.421205,40.961256],[120.444643,40.982645],[120.453223,41.002103],[120.448755,41.050204],[120.464983,41.071719],[120.49132,41.077754],[120.516062,41.058768],[120.534144,41.058226],[120.541811,41.075812],[120.540019,41.095477],[120.593257,41.103652],[120.598925,41.130683],[120.608211,41.141979],[120.606669,41.15818],[120.640521,41.170784],[120.642657,41.183468],[120.658267,41.176929],[120.670131,41.17852],[120.684437,41.193226],[120.695949,41.197101],[120.693973,41.182559],[120.721501,41.185119],[120.741147,41.195965],[120.756459,41.187893],[120.766181,41.192194],[120.775725,41.200949],[120.781631,41.19919]]],[[[120.766526,41.207284],[120.76524,41.207237],[120.766538,41.209156],[120.766526,41.207284]]],[[[120.767476,41.210232],[120.768516,41.208587],[120.767217,41.208655],[120.767476,41.210232]]],[[[120.770848,41.220167],[120.77304,41.208289],[120.765728,41.211535],[120.765368,41.218781],[120.770848,41.220167]]]]}},{"type":"Feature","properties":{"name":"济南市","code":"370100","gb":"156370100","province":"山东省","label":[117.21419767230434,36.637063515065115]},"geometry":{"type":"MultiPolygon","coordinates":[[[[117.227697,37.536759],[117.24225,37.528055],[117.257778,37.528205],[117.273555,37.522371],[117.277753,37.507427],[117.315666,37.502919],[117.314848,37.487405],[117.296467,37.482929],[117.295258,37.4875],[117.280247,37.485812],[117.27615,37.467869],[117.284918,37.463293],[117.300514,37.462974],[117.301083,37.460016],[117.292595,37.457896],[117.295473,37.449835],[117.32208,37.448649],[117.321453,37.454425],[117.3357,37.455681],[117.352507,37.448085],[117.362745,37.428291],[117.357274,37.41044],[117.360632,37.405681],[117.349274,37.401065],[117.369749,37.389793],[117.383377,37.387366],[117.387011,37.390434],[117.389994,37.373302],[117.401536,37.374437],[117.398177,37.352619],[117.410082,37.347511],[117.407869,37.334475],[117.399843,37.330008],[117.401558,37.310324],[117.408418,37.313118],[117.416836,37.307072],[117.417267,37.294387],[117.422988,37.288567],[117.430462,37.257909],[117.439155,37.252534],[117.437444,37.249127],[117.42203,37.253367],[117.417287,37.24466],[117.422626,37.238113],[117.403608,37.239584],[117.395715,37.223851],[117.413125,37.197052],[117.428046,37.191604],[117.446438,37.140981],[117.444806,37.128261],[117.454035,37.107969],[117.435809,37.094156],[117.391062,37.085839],[117.360903,37.069356],[117.330297,37.073304],[117.326592,37.06857],[117.332014,37.047715],[117.330005,37.037892],[117.307853,37.032416],[117.323477,37.006546],[117.340728,37.002333],[117.359051,37.008629],[117.367318,36.999751],[117.357709,36.980325],[117.372774,36.966605],[117.376693,36.955626],[117.3867,36.959084],[117.39771,36.950977],[117.424195,36.953163],[117.470777,36.960344],[117.472878,36.965142],[117.488353,36.971016],[117.503755,36.968813],[117.513658,36.956629],[117.525239,36.968196],[117.525993,36.97407],[117.542903,36.979545],[117.549046,36.975734],[117.549989,36.968922],[117.543144,36.969551],[117.542987,36.965862],[117.562009,36.956887],[117.559041,36.944968],[117.550506,36.941566],[117.545418,36.933882],[117.53353,36.941152],[117.526658,36.931268],[117.564202,36.917104],[117.568889,36.903918],[117.586109,36.893493],[117.586644,36.888078],[117.579126,36.887052],[117.570523,36.874096],[117.570445,36.860252],[117.575959,36.848803],[117.583839,36.848193],[117.586932,36.840829],[117.584339,36.837599],[117.63698,36.802405],[117.673026,36.785425],[117.679558,36.776316],[117.679368,36.762102],[117.68978,36.754383],[117.696893,36.751009],[117.715365,36.75707],[117.745886,36.748683],[117.733636,36.737125],[117.731521,36.728249],[117.734593,36.723687],[117.731138,36.718813],[117.714267,36.709494],[117.712034,36.697561],[117.70969,36.690873],[117.696676,36.686171],[117.68556,36.66138],[117.690848,36.653705],[117.702993,36.651353],[117.707844,36.613801],[117.696635,36.605592],[117.684584,36.604684],[117.691875,36.599271],[117.709175,36.600376],[117.703084,36.588592],[117.70937,36.578353],[117.700922,36.579945],[117.687345,36.57002],[117.716272,36.556235],[117.717804,36.547019],[117.731423,36.540637],[117.736483,36.525553],[117.744424,36.524599],[117.760014,36.512552],[117.750354,36.505777],[117.748434,36.507883],[117.754138,36.509948],[117.729807,36.504926],[117.75133,36.492372],[117.746219,36.476431],[117.76008,36.466232],[117.74996,36.44542],[117.752108,36.442101],[117.774098,36.441044],[117.782575,36.429427],[117.785185,36.433648],[117.780609,36.435368],[117.784328,36.440923],[117.791279,36.439035],[117.793638,36.432129],[117.810967,36.43599],[117.81152,36.443222],[117.816553,36.44501],[117.827209,36.44295],[117.821271,36.427509],[117.823464,36.417879],[117.850522,36.412051],[117.850132,36.393023],[117.862778,36.385606],[117.875311,36.37096],[117.87648,36.356628],[117.887319,36.365787],[117.886524,36.335077],[117.898667,36.354115],[117.907229,36.350636],[117.919558,36.35113],[117.91886,36.355457],[117.924954,36.352682],[117.928855,36.344879],[117.922144,36.348986],[117.924621,36.352399],[117.92023,36.347995],[117.929323,36.342504],[117.92866,36.336462],[117.912978,36.323923],[117.913482,36.317641],[117.919617,36.315194],[117.915988,36.307745],[117.923786,36.274471],[117.967199,36.26835],[117.968935,36.263375],[117.960207,36.244194],[117.957728,36.225107],[117.962257,36.214074],[117.953366,36.204194],[117.943195,36.208734],[117.920309,36.200598],[117.912259,36.203767],[117.910348,36.19175],[117.898476,36.174917],[117.912103,36.163326],[117.900998,36.151931],[117.920268,36.099396],[117.931287,36.094343],[117.939387,36.098161],[117.948302,36.090186],[117.947346,36.081816],[117.941296,36.08107],[117.936045,36.07178],[117.943323,36.062974],[117.929992,36.060361],[117.926604,36.053746],[117.936725,36.043223],[117.944315,36.018745],[117.94273,35.998392],[117.933801,35.995535],[117.932894,36.000957],[117.91702,36.01596],[117.893327,36.023586],[117.857693,36.008156],[117.788265,36.014955],[117.776324,36.007123],[117.779835,36.001826],[117.775653,35.995889],[117.755679,35.990321],[117.744313,36.011915],[117.751067,36.019256],[117.745871,36.027549],[117.73564,36.036127],[117.720641,36.030091],[117.714907,36.038663],[117.691984,36.047725],[117.681171,36.053817],[117.666443,36.046784],[117.643728,36.05094],[117.630408,36.062619],[117.61225,36.072105],[117.601378,36.070038],[117.590895,36.079505],[117.567546,36.076539],[117.545837,36.086326],[117.538397,36.108094],[117.529271,36.110825],[117.500772,36.097879],[117.479068,36.100742],[117.469131,36.088926],[117.448341,36.087323],[117.440848,36.091978],[117.454497,36.112648],[117.452197,36.117106],[117.44365,36.116608],[117.440993,36.125274],[117.450767,36.136622],[117.448743,36.142823],[117.454383,36.15053],[117.463087,36.154698],[117.463457,36.150192],[117.471197,36.149991],[117.481011,36.15543],[117.482077,36.17045],[117.451227,36.176328],[117.436858,36.191062],[117.443196,36.204036],[117.441884,36.218063],[117.421751,36.22171],[117.403984,36.210186],[117.382385,36.225248],[117.39493,36.238835],[117.406521,36.242548],[117.408008,36.262833],[117.402593,36.267155],[117.388745,36.266099],[117.39202,36.283793],[117.381386,36.285555],[117.381918,36.297238],[117.374169,36.310096],[117.377078,36.321724],[117.385508,36.327205],[117.383927,36.33131],[117.358382,36.35754],[117.347687,36.362873],[117.341609,36.372823],[117.340142,36.381353],[117.347658,36.396449],[117.332162,36.404541],[117.326729,36.439064],[117.33775,36.458557],[117.346179,36.458186],[117.334966,36.469623],[117.302557,36.466081],[117.300171,36.47219],[117.283589,36.47148],[117.27033,36.453566],[117.258358,36.4493],[117.243747,36.436585],[117.231995,36.411143],[117.225436,36.412503],[117.202349,36.403852],[117.190083,36.38333],[117.17393,36.370322],[117.176923,36.36059],[117.173613,36.352866],[117.136629,36.345539],[117.129659,36.338726],[117.130944,36.334868],[117.091447,36.343001],[117.074823,36.330047],[117.0696,36.310402],[117.071165,36.300626],[117.053434,36.291894],[117.026254,36.279203],[117.021517,36.269427],[117.00009,36.264482],[116.996456,36.254727],[116.980842,36.250441],[116.973338,36.243814],[116.961391,36.2488],[116.951311,36.259788],[116.945133,36.257327],[116.927458,36.2631],[116.921414,36.272327],[116.885633,36.255566],[116.865381,36.265763],[116.862218,36.280941],[116.850398,36.289965],[116.850185,36.301717],[116.825039,36.294509],[116.809109,36.294815],[116.800468,36.308751],[116.775024,36.317427],[116.753921,36.310582],[116.753408,36.305649],[116.739307,36.303941],[116.720819,36.287705],[116.709773,36.283224],[116.692231,36.284752],[116.680994,36.275197],[116.654151,36.290348],[116.653612,36.295937],[116.64577,36.299749],[116.614663,36.294792],[116.605337,36.292116],[116.591906,36.27145],[116.581894,36.268736],[116.575964,36.255638],[116.568159,36.263308],[116.55706,36.262138],[116.547078,36.252812],[116.547117,36.246815],[116.536291,36.246499],[116.509219,36.256065],[116.50137,36.238349],[116.480323,36.235074],[116.466694,36.214073],[116.474986,36.200863],[116.489125,36.196232],[116.505013,36.179094],[116.522225,36.175145],[116.516804,36.156517],[116.504084,36.147034],[116.502447,36.141087],[116.523025,36.145252],[116.519713,36.135349],[116.524786,36.134622],[116.542929,36.144696],[116.55227,36.143838],[116.557499,36.135101],[116.556399,36.121676],[116.562604,36.118437],[116.561444,36.108974],[116.546947,36.108744],[116.537928,36.103882],[116.536308,36.098353],[116.541672,36.093878],[116.539411,36.08676],[116.521945,36.070798],[116.486506,36.070815],[116.466949,36.062111],[116.453609,36.061789],[116.446745,36.057684],[116.443615,36.04716],[116.431718,36.041129],[116.423943,36.051694],[116.426067,36.063872],[116.41205,36.071442],[116.399434,36.069852],[116.390485,36.088097],[116.357333,36.088208],[116.351957,36.08445],[116.35104,36.075411],[116.336684,36.064886],[116.33578,36.059902],[116.301904,36.051358],[116.298312,36.028679],[116.29511,36.028031],[116.253937,36.048156],[116.258356,36.052196],[116.267762,36.051256],[116.255827,36.066888],[116.255723,36.100985],[116.266695,36.119929],[116.248128,36.136962],[116.236242,36.156209],[116.238778,36.161233],[116.216304,36.169809],[116.250667,36.208547],[116.275444,36.225834],[116.282563,36.243309],[116.304001,36.263012],[116.304386,36.270946],[116.322979,36.292582],[116.332297,36.297613],[116.351735,36.299516],[116.399207,36.32109],[116.434677,36.318381],[116.437653,36.333083],[116.446621,36.341468],[116.478515,36.340079],[116.497625,36.375286],[116.514408,36.385032],[116.541037,36.408362],[116.595978,36.419687],[116.613787,36.429745],[116.616176,36.437363],[116.60617,36.456666],[116.606356,36.475127],[116.591198,36.478588],[116.58764,36.484727],[116.594908,36.494113],[116.623614,36.501481],[116.623031,36.507367],[116.604827,36.516405],[116.60472,36.52079],[116.63019,36.543384],[116.638639,36.543672],[116.653073,36.552838],[116.657285,36.563272],[116.653107,36.577399],[116.678698,36.581252],[116.686692,36.587284],[116.687101,36.607374],[116.71626,36.612679],[116.751666,36.630669],[116.756349,36.650247],[116.769154,36.658378],[116.774894,36.668414],[116.775273,36.694513],[116.790002,36.693062],[116.796198,36.697613],[116.796982,36.707139],[116.810619,36.715985],[116.882113,36.743978],[116.87865,36.758047],[116.864957,36.759135],[116.86005,36.777247],[116.86692,36.811613],[116.883211,36.811894],[116.882874,36.818208],[116.877038,36.821271],[116.881623,36.833233],[116.914941,36.820859],[116.925229,36.821783],[116.930257,36.829519],[116.929313,36.845046],[116.945187,36.840297],[116.959145,36.843485],[116.956826,36.8625],[116.950976,36.864171],[116.951211,36.870758],[116.957052,36.875653],[116.961562,36.894299],[116.948709,36.906063],[116.955186,36.910748],[116.95315,36.91517],[116.916876,36.934219],[116.925763,36.945433],[116.927349,36.95988],[116.892237,36.962493],[116.89315,36.97444],[116.881375,36.981551],[116.869333,36.998995],[116.890627,37.00495],[116.903685,37.021553],[116.941031,37.030452],[116.923683,37.047967],[116.918449,37.068804],[116.910728,37.074854],[116.91685,37.104391],[116.928734,37.101731],[116.943682,37.106081],[116.948953,37.112356],[116.972718,37.111096],[116.983833,37.116755],[116.989558,37.127526],[117.004544,37.1278],[117.017377,37.117396],[117.031054,37.121306],[117.036166,37.11637],[117.037927,37.130914],[117.048571,37.141035],[117.044386,37.160993],[117.055018,37.163505],[117.058361,37.182107],[117.031765,37.206617],[117.016168,37.214242],[117.026283,37.222548],[117.030508,37.236448],[117.03874,37.242676],[117.031382,37.252483],[117.026282,37.25247],[117.024547,37.26379],[117.033137,37.266634],[117.023802,37.274973],[116.996083,37.280029],[116.993286,37.293336],[116.986677,37.295463],[116.986267,37.316468],[116.977191,37.329219],[116.977471,37.337141],[116.986936,37.348725],[117.000713,37.354317],[117.003252,37.363394],[116.992613,37.392665],[117.021527,37.398859],[117.009005,37.409585],[117.00781,37.42327],[117.013425,37.436065],[117.025509,37.441984],[117.025321,37.438151],[117.039715,37.435798],[117.053631,37.424259],[117.073119,37.433234],[117.088663,37.434201],[117.096359,37.45814],[117.091924,37.467024],[117.105021,37.475452],[117.105967,37.481237],[117.120636,37.486287],[117.126184,37.478806],[117.148921,37.472556],[117.160815,37.484636],[117.193127,37.488857],[117.19401,37.496896],[117.206564,37.500602],[117.22132,37.514243],[117.227697,37.536759]]]]}},{"type":"Feature","properties":{"name":"临沂市","code":"371300","gb":"156371300","province":"山东省","label":[118.2794855388188,35.31082711672507]},"geometry":{"type":"MultiPolygon","coordinates":[[[[118.760809,36.206458],[118.781447,36.197023],[118.792895,36.201953],[118.839198,36.201659],[118.841019,36.172681],[118.849221,36.170278],[118.853652,36.162737],[118.855126,36.102002],[118.87485,36.084732],[118.903192,36.091643],[118.910475,36.103033],[118.904895,36.102586],[118.904172,36.106125],[118.917654,36.114687],[118.923729,36.111849],[118.936726,36.117677],[118.952454,36.10451],[118.983412,36.092264],[118.98749,36.098056],[119.020227,36.101885],[119.032697,36.090298],[119.043897,36.09255],[119.057388,36.086124],[119.060954,36.074525],[119.043032,36.065122],[119.034341,36.046241],[119.044821,36.034193],[119.042103,36.024471],[119.018395,36.026168],[119.014705,36.031727],[118.993122,36.038502],[118.98902,36.037934],[118.982149,36.018458],[118.962099,36.012758],[118.946796,36.016166],[118.931151,36.004521],[118.904101,36.005808],[118.892937,36.012331],[118.872775,35.998817],[118.881359,35.984849],[118.88825,35.982228],[118.893403,35.961518],[118.823129,35.946739],[118.808438,35.951757],[118.80045,35.937],[118.800208,35.923357],[118.788439,35.924277],[118.76891,35.917193],[118.773401,35.902526],[118.759372,35.895369],[118.756168,35.878916],[118.758805,35.870161],[118.753619,35.858034],[118.745401,35.854459],[118.731813,35.857216],[118.723935,35.8417],[118.711154,35.833952],[118.716629,35.813422],[118.69978,35.800163],[118.697665,35.794018],[118.703208,35.760977],[118.699588,35.736139],[118.713451,35.734885],[118.722467,35.728746],[118.740679,35.733091],[118.748358,35.725694],[118.76218,35.732514],[118.770854,35.730588],[118.77404,35.72499],[118.78528,35.730244],[118.800317,35.722212],[118.799899,35.710797],[118.788658,35.693003],[118.788267,35.673866],[118.765254,35.660366],[118.7341,35.628488],[118.729076,35.603674],[118.733151,35.569339],[118.718465,35.560087],[118.714842,35.546079],[118.690454,35.533892],[118.688549,35.518436],[118.700344,35.506459],[118.727206,35.497412],[118.719615,35.473589],[118.699941,35.455531],[118.680168,35.464507],[118.67274,35.457441],[118.662169,35.455108],[118.657406,35.462983],[118.6508,35.462889],[118.639026,35.452199],[118.622288,35.449668],[118.62576,35.432014],[118.641565,35.429344],[118.641689,35.426426],[118.632431,35.422455],[118.615489,35.423674],[118.59801,35.415772],[118.595276,35.408102],[118.600915,35.401423],[118.599781,35.391273],[118.622524,35.388988],[118.620044,35.372651],[118.626026,35.367228],[118.635481,35.36755],[118.6453,35.379099],[118.663517,35.370143],[118.672832,35.371166],[118.691403,35.382218],[118.709814,35.367904],[118.734214,35.358643],[118.75273,35.368194],[118.755099,35.363214],[118.760552,35.364087],[118.775139,35.374493],[118.778155,35.369465],[118.791055,35.367349],[118.816061,35.38126],[118.817963,35.372292],[118.836468,35.369631],[118.858593,35.385069],[118.864857,35.39434],[118.871231,35.393235],[118.865722,35.369709],[118.871463,35.361438],[118.888278,35.356148],[118.895456,35.36018],[118.917574,35.348475],[118.917367,35.338029],[118.924128,35.331148],[118.93511,35.331542],[118.940559,35.339086],[118.957871,35.333637],[118.966683,35.337785],[118.974541,35.350722],[118.990707,35.363497],[118.988556,35.370622],[118.97888,35.377129],[118.995308,35.392503],[119.015199,35.389608],[119.061069,35.363636],[119.067959,35.365643],[119.081168,35.352605],[119.082225,35.341243],[119.090741,35.328599],[119.117991,35.336237],[119.148521,35.332866],[119.135195,35.31749],[119.14804,35.30326],[119.148449,35.290459],[119.170378,35.289831],[119.175791,35.284821],[119.183116,35.263344],[119.176153,35.251557],[119.174596,35.237167],[119.166751,35.233339],[119.165528,35.220457],[119.156809,35.206558],[119.140726,35.203697],[119.125109,35.195078],[119.134091,35.184339],[119.143916,35.189312],[119.151967,35.181196],[119.160108,35.163241],[119.160403,35.137254],[119.176563,35.139407],[119.189978,35.135822],[119.193907,35.119],[119.136345,35.100838],[119.116684,35.063561],[119.107063,35.058224],[119.074234,35.061302],[119.056274,35.057018],[119.0103,35.058922],[118.986679,35.050819],[118.966888,35.051136],[118.941071,35.044437],[118.933869,35.046387],[118.913948,35.065048],[118.908318,35.06284],[118.902176,35.050552],[118.863419,35.038761],[118.852121,35.02606],[118.857208,34.949635],[118.818069,34.905727],[118.801033,34.865383],[118.790138,34.850864],[118.78421,34.846821],[118.759483,34.848324],[118.769073,34.828461],[118.768888,34.797915],[118.762146,34.791172],[118.731392,34.795971],[118.72715,34.779514],[118.71508,34.760876],[118.722885,34.748611],[118.765816,34.742264],[118.770157,34.737385],[118.768028,34.729157],[118.729942,34.701488],[118.682945,34.68494],[118.658852,34.701557],[118.632027,34.693432],[118.611061,34.700363],[118.590324,34.719215],[118.568092,34.718582],[118.550163,34.710556],[118.531723,34.719273],[118.519462,34.717365],[118.518138,34.713889],[118.515213,34.698151],[118.499855,34.693291],[118.491272,34.679638],[118.479828,34.676105],[118.460823,34.677834],[118.45504,34.660114],[118.463463,34.63586],[118.450653,34.621677],[118.443329,34.624756],[118.431061,34.618427],[118.423096,34.607513],[118.418114,34.591972],[118.423363,34.559109],[118.434738,34.528469],[118.434471,34.513332],[118.427193,34.493004],[118.413414,34.481239],[118.405624,34.44738],[118.39965,34.438042],[118.360893,34.421738],[118.319481,34.428162],[118.289863,34.427792],[118.260788,34.40929],[118.241165,34.411099],[118.224228,34.403149],[118.211433,34.403515],[118.208412,34.392056],[118.191826,34.386589],[118.162666,34.39336],[118.175163,34.43568],[118.173477,34.4529],[118.136718,34.483012],[118.12941,34.489796],[118.129532,34.498741],[118.137703,34.508759],[118.165466,34.512856],[118.169823,34.546764],[118.161598,34.553036],[118.132782,34.553768],[118.110588,34.565537],[118.091522,34.565857],[118.074883,34.559624],[118.076737,34.580017],[118.085297,34.592411],[118.106628,34.60828],[118.107747,34.618605],[118.107124,34.623741],[118.095863,34.632561],[118.094971,34.648624],[118.087006,34.65443],[118.022156,34.661644],[118.002907,34.653545],[117.974548,34.671898],[117.946869,34.678768],[117.928772,34.673634],[117.916878,34.677853],[117.901863,34.67498],[117.894257,34.664947],[117.900246,34.65435],[117.896019,34.648647],[117.85218,34.648731],[117.814499,34.654266],[117.80426,34.651314],[117.795067,34.638565],[117.787768,34.653333],[117.818894,34.672495],[117.823576,34.693919],[117.820026,34.726105],[117.814038,34.740351],[117.82909,34.740644],[117.831177,34.75042],[117.823237,34.759683],[117.803593,34.761526],[117.779281,34.780769],[117.778906,34.789673],[117.769065,34.793627],[117.769679,34.801963],[117.794035,34.81294],[117.798885,34.833516],[117.755452,34.850268],[117.746294,34.854055],[117.743111,34.865374],[117.733583,34.876263],[117.716672,34.883002],[117.712568,34.898645],[117.70382,34.904386],[117.69458,34.919555],[117.693194,34.927963],[117.710664,34.941312],[117.720138,34.96172],[117.713819,34.968838],[117.721536,34.982628],[117.72232,35.007647],[117.732189,35.011095],[117.739069,35.022015],[117.724672,35.031122],[117.722866,35.02733],[117.701194,35.027098],[117.694572,35.041496],[117.702062,35.046226],[117.700712,35.050878],[117.687172,35.059462],[117.676153,35.05813],[117.653485,35.071209],[117.645257,35.091072],[117.613178,35.113676],[117.607367,35.124877],[117.616197,35.132105],[117.597518,35.134694],[117.576775,35.164809],[117.56653,35.168923],[117.544727,35.162407],[117.532725,35.168001],[117.522073,35.185253],[117.528432,35.194565],[117.520229,35.201068],[117.505994,35.198145],[117.492962,35.204147],[117.484802,35.202525],[117.479821,35.20864],[117.482726,35.215132],[117.473648,35.22323],[117.463704,35.222459],[117.455574,35.229617],[117.443886,35.228221],[117.444248,35.239623],[117.451068,35.250674],[117.449266,35.256838],[117.42357,35.260536],[117.413021,35.26553],[117.411433,35.271777],[117.433321,35.283409],[117.457174,35.289146],[117.47529,35.314578],[117.45982,35.325033],[117.437706,35.322125],[117.439393,35.335597],[117.43094,35.355132],[117.433624,35.361847],[117.453346,35.36777],[117.463916,35.380293],[117.454022,35.385286],[117.456632,35.3935],[117.470269,35.400386],[117.460457,35.427065],[117.448025,35.434233],[117.44878,35.441598],[117.424428,35.454585],[117.419103,35.462985],[117.434803,35.468314],[117.440742,35.494383],[117.455014,35.494382],[117.462233,35.512311],[117.466149,35.513877],[117.487447,35.504085],[117.509849,35.511965],[117.517132,35.52241],[117.509887,35.530861],[117.497959,35.529443],[117.489997,35.54061],[117.492904,35.552219],[117.512042,35.550877],[117.531864,35.542463],[117.530321,35.54659],[117.544738,35.553109],[117.569245,35.555565],[117.572178,35.552064],[117.585287,35.560335],[117.588722,35.570445],[117.581673,35.574184],[117.575848,35.58489],[117.579625,35.596011],[117.578162,35.609254],[117.588199,35.633022],[117.59587,35.638722],[117.597139,35.667773],[117.620036,35.704251],[117.665167,35.707274],[117.679651,35.713313],[117.681408,35.717805],[117.677757,35.720622],[117.686012,35.722309],[117.70354,35.722819],[117.724895,35.711307],[117.74394,35.708213],[117.759447,35.723589],[117.7959,35.732183],[117.80886,35.729831],[117.838739,35.74284],[117.83303,35.744706],[117.823785,35.771836],[117.816326,35.780482],[117.83891,35.795403],[117.836589,35.812134],[117.822235,35.817607],[117.82666,35.837093],[117.836539,35.844607],[117.84218,35.838886],[117.849681,35.840723],[117.854757,35.852222],[117.851632,35.858697],[117.875919,35.881313],[117.89992,35.885559],[117.915269,35.883711],[117.955957,35.868303],[117.962218,35.881695],[117.975284,35.888439],[117.975018,35.904312],[117.993201,35.913528],[117.994245,35.922426],[117.982952,35.941218],[117.984601,35.947362],[118.014731,35.94745],[118.02817,35.978582],[118.036457,35.987438],[118.063251,36.007902],[118.084838,36.013309],[118.103185,36.029725],[118.112294,36.031764],[118.126755,36.030131],[118.133541,36.021742],[118.164072,36.02045],[118.183892,36.01021],[118.200732,35.984827],[118.198418,35.977795],[118.190402,35.977473],[118.190184,35.972092],[118.201134,35.965066],[118.210618,35.947513],[118.227075,35.944093],[118.228836,35.951206],[118.237331,35.947393],[118.229411,35.937823],[118.2543,35.923967],[118.275676,35.938055],[118.28798,35.939131],[118.300199,35.952185],[118.310922,35.94558],[118.349546,35.956602],[118.352654,35.967108],[118.371214,35.974478],[118.380547,35.98807],[118.406263,35.991585],[118.428555,35.966368],[118.452939,35.951659],[118.465571,35.960454],[118.498041,35.962066],[118.500373,35.966027],[118.49419,35.976175],[118.481708,35.985717],[118.484503,35.997581],[118.481394,36.005048],[118.464178,36.022729],[118.470705,36.031341],[118.496682,36.024593],[118.511504,36.028497],[118.516585,36.053133],[118.51088,36.067835],[118.502217,36.074913],[118.522994,36.092103],[118.522019,36.104073],[118.499111,36.105907],[118.493257,36.111289],[118.510126,36.109641],[118.547457,36.130488],[118.559071,36.129447],[118.558387,36.146323],[118.56553,36.156839],[118.569586,36.158275],[118.574126,36.152497],[118.585606,36.156141],[118.616102,36.177348],[118.631419,36.170324],[118.648996,36.175388],[118.660213,36.168406],[118.67311,36.166824],[118.677891,36.158605],[118.676289,36.151052],[118.688131,36.14368],[118.694951,36.144039],[118.698526,36.151447],[118.708645,36.155236],[118.715529,36.150633],[118.71447,36.143154],[118.718712,36.140272],[118.732284,36.146541],[118.72829,36.152927],[118.729321,36.162755],[118.733008,36.167354],[118.739353,36.167075],[118.743524,36.175364],[118.744807,36.182512],[118.739083,36.188029],[118.742484,36.193839],[118.760809,36.206458]]]]}},{"type":"Feature","properties":{"name":"鞍山市","code":"210300","gb":"156210300","province":"辽宁省","label":[123.01201504823183,40.71412955258997]},"geometry":{"type":"MultiPolygon","coordinates":[[[[122.487603,41.546138],[122.497529,41.536326],[122.528993,41.537345],[122.544954,41.548808],[122.554338,41.547991],[122.550615,41.539313],[122.555605,41.535853],[122.572863,41.538756],[122.577326,41.53097],[122.590143,41.52941],[122.596308,41.523707],[122.5907,41.508211],[122.612238,41.516802],[122.632662,41.506296],[122.622576,41.48546],[122.630503,41.48081],[122.620119,41.46829],[122.628114,41.445916],[122.627107,41.430715],[122.644151,41.425103],[122.641412,41.417333],[122.632005,41.417859],[122.627,41.408814],[122.640947,41.39626],[122.656015,41.400426],[122.657464,41.386548],[122.638963,41.373093],[122.635827,41.362095],[122.65236,41.356328],[122.652429,41.352322],[122.617088,41.317135],[122.598739,41.315106],[122.603355,41.303421],[122.58921,41.301258],[122.582282,41.295727],[122.592834,41.289864],[122.591705,41.285981],[122.561408,41.265358],[122.549696,41.24902],[122.548476,41.239254],[122.557761,41.237686],[122.562308,41.242336],[122.597022,41.237686],[122.594947,41.233368],[122.607451,41.218574],[122.610442,41.205574],[122.617071,41.197908],[122.609771,41.200237],[122.596182,41.195652],[122.594176,41.19141],[122.599379,41.180156],[122.5875,41.179985],[122.585267,41.173197],[122.592894,41.169029],[122.615538,41.172927],[122.629019,41.161449],[122.625532,41.152865],[122.630491,41.145209],[122.63922,41.149161],[122.656996,41.145816],[122.664672,41.13497],[122.678534,41.130229],[122.685256,41.124377],[122.685141,41.119231],[122.698836,41.113093],[122.757461,41.102571],[122.755485,41.099394],[122.759963,41.097929],[122.789245,41.096593],[122.818413,41.080312],[122.827432,41.080856],[122.828293,41.094728],[122.849381,41.114873],[122.843537,41.128019],[122.850122,41.136007],[122.844895,41.136705],[122.852944,41.143098],[122.861543,41.143819],[122.870546,41.155912],[122.861535,41.161337],[122.870409,41.168768],[122.879717,41.164701],[122.890734,41.16971],[122.901637,41.190771],[122.9275,41.192396],[122.951808,41.186227],[122.968143,41.200479],[122.981891,41.197789],[122.986737,41.184742],[123.004139,41.189156],[123.016308,41.203771],[123.032337,41.206345],[123.050624,41.200879],[123.055393,41.181485],[123.093571,41.175934],[123.110271,41.182885],[123.12448,41.169573],[123.131375,41.156135],[123.143575,41.151889],[123.141744,41.144977],[123.133992,41.136535],[123.1433,41.101268],[123.165852,41.096614],[123.178082,41.104056],[123.205327,41.097144],[123.209821,41.074992],[123.224187,41.06692],[123.220891,41.056776],[123.22952,41.046553],[123.200329,41.03752],[123.193529,41.030262],[123.2067,41.013846],[123.185856,40.991209],[123.185939,40.984659],[123.172351,40.988577],[123.155528,40.980894],[123.137195,40.980139],[123.132396,40.988368],[123.12707,40.988658],[123.092799,40.976876],[123.090265,40.969752],[123.078981,40.966578],[123.077844,40.958857],[123.094255,40.931231],[123.083002,40.929568],[123.072549,40.918856],[123.06624,40.922282],[123.055031,40.918686],[123.068655,40.895727],[123.043969,40.876345],[123.037293,40.860975],[123.050431,40.848494],[123.039879,40.836725],[123.053971,40.829893],[123.065812,40.834488],[123.098107,40.822904],[123.10051,40.813772],[123.09047,40.806829],[123.091286,40.7992],[123.073921,40.793535],[123.064545,40.781419],[123.067321,40.764867],[123.092781,40.742158],[123.095398,40.732602],[123.110298,40.733804],[123.131274,40.714749],[123.150505,40.723114],[123.173424,40.707462],[123.18097,40.716335],[123.203561,40.721375],[123.220323,40.732662],[123.253328,40.729992],[123.258898,40.744617],[123.277216,40.747444],[123.299456,40.76152],[123.300318,40.765987],[123.316508,40.771331],[123.339984,40.765762],[123.35284,40.77425],[123.377567,40.771793],[123.393482,40.780097],[123.396687,40.793952],[123.411496,40.805583],[123.43504,40.797145],[123.475103,40.812072],[123.508924,40.812655],[123.528715,40.824259],[123.536749,40.823317],[123.552504,40.812338],[123.55171,40.801619],[123.571501,40.79344],[123.568388,40.787687],[123.5818,40.772531],[123.580732,40.766638],[123.557653,40.757685],[123.545789,40.72154],[123.553075,40.712099],[123.572561,40.706636],[123.575086,40.700853],[123.571515,40.687803],[123.584386,40.683328],[123.616872,40.694123],[123.652777,40.680516],[123.680985,40.662965],[123.702841,40.661511],[123.730185,40.643505],[123.72795,40.630733],[123.74156,40.614536],[123.741324,40.604538],[123.729735,40.59655],[123.717428,40.595344],[123.711294,40.589061],[123.723302,40.577133],[123.73036,40.578033],[123.732739,40.506545],[123.763433,40.495486],[123.75108,40.465968],[123.753483,40.45098],[123.759285,40.444158],[123.758213,40.432993],[123.739437,40.41342],[123.758251,40.400595],[123.724353,40.346556],[123.696941,40.333339],[123.69591,40.318041],[123.706126,40.309637],[123.704859,40.30203],[123.675157,40.289468],[123.665941,40.274385],[123.642709,40.259207],[123.630692,40.263738],[123.609452,40.241815],[123.588303,40.240358],[123.572479,40.205873],[123.55458,40.188207],[123.57437,40.165014],[123.607086,40.173372],[123.607406,40.161157],[123.597213,40.141866],[123.584678,40.126821],[123.561667,40.112775],[123.553183,40.101133],[123.547117,40.09802],[123.524122,40.101819],[123.507284,40.088701],[123.473782,40.073934],[123.470509,40.069021],[123.476948,40.050119],[123.462146,40.039745],[123.457905,40.042161],[123.457096,40.053121],[123.445935,40.056184],[123.452755,40.052949],[123.457645,40.036879],[123.466224,40.035955],[123.47007,40.030953],[123.453726,40.030888],[123.442676,40.035584],[123.424465,40.031728],[123.417332,40.029268],[123.398898,40.007687],[123.38618,40.012205],[123.3744,40.003221],[123.355097,40.000234],[123.345675,40.013834],[123.304064,40.023039],[123.285516,40.008181],[123.277384,40.012495],[123.270441,40.031291],[123.261728,40.037917],[123.239,40.036666],[123.193971,40.064983],[123.185136,40.059829],[123.167268,40.068397],[123.137528,40.070625],[123.130036,40.077778],[123.122399,40.075077],[123.111325,40.062573],[123.095543,40.072235],[123.086159,40.06076],[123.084694,40.052116],[123.071273,40.041748],[123.043251,40.058533],[123.027129,40.060002],[123.019454,40.070599],[122.993453,40.072228],[122.989913,40.091378],[122.979743,40.093297],[122.977691,40.097543],[122.989951,40.108594],[122.981239,40.116983],[122.948707,40.128049],[122.942023,40.135442],[122.937614,40.171571],[122.93209,40.177873],[122.916045,40.180887],[122.896239,40.17539],[122.888217,40.20289],[122.891647,40.217419],[122.886238,40.231102],[122.879837,40.235005],[122.868134,40.267056],[122.876595,40.289071],[122.876374,40.30172],[122.886201,40.318272],[122.91044,40.330132],[122.928507,40.344785],[122.922296,40.359246],[122.933717,40.376504],[122.92925,40.387923],[122.932842,40.409736],[122.938654,40.413954],[122.977715,40.416771],[122.989985,40.426272],[122.989249,40.443653],[122.978055,40.459876],[122.982639,40.466232],[122.997498,40.472208],[123.002421,40.480575],[122.977418,40.483877],[122.971285,40.503947],[122.962302,40.509354],[122.947603,40.508029],[122.939028,40.524233],[122.909029,40.53575],[122.891801,40.536963],[122.870927,40.526747],[122.82412,40.534896],[122.813775,40.55429],[122.801766,40.557017],[122.800759,40.57336],[122.794749,40.576244],[122.783776,40.578491],[122.764504,40.574326],[122.755775,40.581922],[122.73024,40.581207],[122.717994,40.585377],[122.711449,40.595314],[122.697532,40.599976],[122.67427,40.591095],[122.658454,40.593243],[122.654655,40.582363],[122.646514,40.582977],[122.645858,40.592449],[122.624022,40.605542],[122.64611,40.61554],[122.652626,40.653718],[122.664482,40.660996],[122.666458,40.668324],[122.657471,40.670094],[122.632781,40.660237],[122.6193,40.667661],[122.617897,40.68665],[122.644669,40.70638],[122.643555,40.723543],[122.648637,40.733541],[122.635796,40.752237],[122.613648,40.75474],[122.601662,40.7511],[122.588303,40.757929],[122.575622,40.745008],[122.571274,40.747057],[122.569351,40.756262],[122.550012,40.764101],[122.54317,40.764895],[122.536965,40.759874],[122.510822,40.764775],[122.535469,40.794474],[122.533356,40.808833],[122.536863,40.817109],[122.516404,40.824125],[122.518364,40.832553],[122.511505,40.846606],[122.479042,40.849586],[122.482483,40.858802],[122.497223,40.871299],[122.49688,40.878078],[122.487618,40.881435],[122.486343,40.891403],[122.48127,40.894603],[122.487618,40.904369],[122.498185,40.906166],[122.504036,40.918194],[122.496587,40.932435],[122.470185,40.931313],[122.459023,40.93882],[122.444263,40.938286],[122.397534,40.921408],[122.377073,40.922749],[122.372293,40.915943],[122.372073,40.907268],[122.35836,40.907185],[122.347252,40.914159],[122.330632,40.90384],[122.328008,40.908159],[122.314091,40.909048],[122.322011,40.91657],[122.304425,40.940012],[122.322767,40.940702],[122.320218,40.927725],[122.329488,40.921953],[122.337728,40.925119],[122.334432,40.941068],[122.343908,40.952409],[122.324255,40.96174],[122.321065,40.967726],[122.345808,40.968969],[122.358221,40.984632],[122.352667,40.987257],[122.339948,40.981214],[122.337195,40.986079],[122.356169,41.000177],[122.373457,40.988439],[122.388686,40.986917],[122.390982,40.990789],[122.38568,41.005235],[122.403006,40.992929],[122.411452,40.998273],[122.414633,41.010832],[122.398024,41.038095],[122.408447,41.08542],[122.390927,41.110182],[122.387387,41.124492],[122.377354,41.128908],[122.382314,41.153945],[122.37558,41.163811],[122.362449,41.161753],[122.356422,41.176752],[122.366875,41.177298],[122.372032,41.190131],[122.381302,41.195608],[122.397713,41.194693],[122.407586,41.199179],[122.40606,41.207091],[122.41095,41.211054],[122.438307,41.210107],[122.456727,41.234758],[122.472955,41.23741],[122.483606,41.25131],[122.467294,41.252886],[122.459634,41.259024],[122.452195,41.245894],[122.435983,41.252058],[122.416909,41.252161],[122.413811,41.249697],[122.420236,41.244032],[122.413789,41.241446],[122.41063,41.243243],[122.413079,41.249579],[122.39943,41.251112],[122.375857,41.220962],[122.356606,41.208373],[122.338516,41.20362],[122.347778,41.19747],[122.334167,41.189135],[122.320503,41.19298],[122.268821,41.185824],[122.264022,41.18901],[122.265327,41.193519],[122.258368,41.194457],[122.246817,41.186625],[122.248648,41.191157],[122.244887,41.195445],[122.223227,41.2051],[122.205703,41.218913],[122.212111,41.226177],[122.226157,41.226417],[122.241645,41.245815],[122.246322,41.274101],[122.2537,41.281371],[122.274159,41.333677],[122.27324,41.349079],[122.272034,41.354484],[122.258019,41.364113],[122.260026,41.367187],[122.249741,41.372764],[122.242508,41.370006],[122.231224,41.378803],[122.228989,41.392876],[122.205986,41.404347],[122.204232,41.417278],[122.196618,41.41742],[122.193444,41.421971],[122.193963,41.455727],[122.188755,41.457371],[122.18931,41.457845],[122.207387,41.479245],[122.227597,41.493607],[122.358657,41.549225],[122.434494,41.549712],[122.482515,41.564605],[122.492418,41.568282],[122.494989,41.556102],[122.487603,41.546138]]]]}},{"type":"Feature","properties":{"name":"唐山市","code":"130200","gb":"156130200","province":"河北省","label":[118.3334746288434,39.73059013656778]},"geometry":{"type":"MultiPolygon","coordinates":[[[[118.614253,39.000002],[118.595749,38.974467],[118.514899,38.918627],[118.503008,38.918163],[118.490475,38.944652],[118.468774,38.971426],[118.468137,39.011213],[118.454927,39.011068],[118.452085,38.942301],[118.418503,38.959979],[118.417275,39.007695],[118.426505,39.020048],[118.486962,39.049838],[118.524126,39.044013],[118.567702,38.990858],[118.587144,39.013602],[118.629628,39.048689],[118.615999,39.067129],[118.633439,39.074259],[118.647132,39.045232],[118.614253,39.000002]]],[[[118.930656,39.134193],[118.909599,39.122481],[118.897882,39.140869],[118.952161,39.175684],[118.982905,39.186363],[118.977231,39.174562],[118.930656,39.134193]]],[[[118.25512,40.456182],[118.256961,40.441891],[118.271895,40.434561],[118.275257,40.428773],[118.272765,40.424816],[118.301849,40.416397],[118.320772,40.418922],[118.319688,40.428779],[118.367105,40.428312],[118.381458,40.434372],[118.387627,40.432952],[118.397374,40.413564],[118.426213,40.408924],[118.462299,40.41095],[118.497796,40.40096],[118.519051,40.405156],[118.542413,40.421482],[118.548016,40.415366],[118.563614,40.413439],[118.562279,40.401249],[118.548704,40.387032],[118.552443,40.36809],[118.546893,40.359771],[118.532903,40.359427],[118.53242,40.321525],[118.525946,40.314773],[118.529427,40.305988],[118.544066,40.295634],[118.542792,40.289391],[118.561579,40.283125],[118.566839,40.266188],[118.579893,40.26269],[118.588271,40.268759],[118.599562,40.266368],[118.607531,40.261304],[118.602864,40.253188],[118.621695,40.251827],[118.657083,40.246002],[118.670459,40.233153],[118.701508,40.214815],[118.709967,40.217755],[118.719947,40.212078],[118.73375,40.211572],[118.739971,40.206816],[118.73746,40.190118],[118.770611,40.19302],[118.780487,40.210833],[118.811611,40.191403],[118.823392,40.17826],[118.856853,40.180922],[118.883735,40.166817],[118.904083,40.168099],[118.90736,40.163901],[118.903102,40.157807],[118.918723,40.148092],[118.91459,40.126392],[118.919415,40.123634],[118.917339,40.111822],[118.922309,40.099687],[118.914995,40.09039],[118.89978,40.088468],[118.857315,40.05796],[118.863675,40.047678],[118.858017,40.029328],[118.877489,40.006053],[118.881879,39.950854],[118.874666,39.93601],[118.860226,39.929716],[118.847647,39.880369],[118.830487,39.864065],[118.825628,39.858912],[118.820677,39.835158],[118.810283,39.821566],[118.810431,39.806391],[118.818645,39.795999],[118.792914,39.789686],[118.793971,39.772491],[118.788117,39.769497],[118.773142,39.766841],[118.769659,39.76244],[118.778318,39.720338],[118.78055,39.714579],[118.785584,39.715398],[118.788944,39.696349],[118.798143,39.678749],[118.807534,39.669873],[118.816274,39.667818],[118.819096,39.661867],[118.822011,39.651807],[118.818808,39.648197],[118.845635,39.623471],[118.841489,39.605109],[118.845464,39.589111],[118.853252,39.585635],[118.855477,39.573681],[118.876233,39.565845],[118.879355,39.551335],[118.889345,39.545988],[118.93828,39.557155],[118.939372,39.543715],[118.977338,39.537792],[118.977074,39.531145],[118.960982,39.52676],[118.954887,39.51663],[119.001248,39.508034],[119.005887,39.504059],[119.00954,39.480633],[119.001552,39.475255],[118.998835,39.466265],[119.03813,39.459519],[119.048055,39.461343],[119.063702,39.475975],[119.128479,39.461609],[119.161939,39.470229],[119.188943,39.456452],[119.217943,39.454679],[119.245853,39.432034],[119.265356,39.422289],[119.278771,39.422313],[119.304738,39.432423],[119.304133,39.425659],[119.253464,39.364088],[119.204833,39.351257],[119.185413,39.365627],[119.174077,39.346935],[119.125623,39.292195],[119.10827,39.286237],[119.088613,39.245997],[119.021143,39.209338],[119.017891,39.189313],[118.99339,39.182454],[118.982774,39.190177],[118.958164,39.181108],[118.90327,39.171986],[118.892705,39.161164],[118.848997,39.164446],[118.83642,39.138731],[118.820326,39.122648],[118.806733,39.138952],[118.772065,39.136857],[118.699425,39.139762],[118.689278,39.145242],[118.652468,39.157294],[118.601855,39.163591],[118.603646,39.151933],[118.570172,39.143471],[118.537231,39.144933],[118.575755,39.111227],[118.545565,39.101968],[118.538021,39.089647],[118.51336,39.089012],[118.505543,39.077107],[118.477722,39.087768],[118.482208,39.059305],[118.418241,39.02658],[118.403724,39.00752],[118.403838,38.966967],[118.37232,38.981915],[118.372301,39.003265],[118.366926,39.040292],[118.351869,39.022798],[118.321434,39.028045],[118.305933,39.039009],[118.244037,39.045278],[118.210542,39.069849],[118.18837,39.095815],[118.176882,39.121292],[118.160717,39.139826],[118.126361,39.178419],[118.061766,39.214348],[118.030166,39.221644],[118.031564,39.233675],[118.05687,39.233429],[118.057182,39.255203],[118.026695,39.265469],[118.019234,39.288799],[118.010521,39.283508],[117.976929,39.294552],[117.967026,39.305027],[117.967659,39.311848],[117.957932,39.314575],[117.909287,39.319122],[117.898376,39.315029],[117.885193,39.32185],[117.88073,39.330505],[117.839077,39.326879],[117.834198,39.334812],[117.855148,39.360653],[117.852943,39.36311],[117.844498,39.367676],[117.832344,39.351109],[117.804436,39.35165],[117.794464,39.362556],[117.797935,39.371578],[117.841392,39.377754],[117.852623,39.383259],[117.854591,39.395195],[117.851364,39.401192],[117.841683,39.399807],[117.839371,39.406727],[117.865757,39.409743],[117.871201,39.409954],[117.874512,39.426254],[117.869263,39.448425],[117.891152,39.477272],[117.901184,39.501644],[117.907448,39.534046],[117.930122,39.560665],[117.932258,39.572202],[117.911957,39.585983],[117.875519,39.588287],[117.858215,39.598206],[117.843224,39.587826],[117.820854,39.588287],[117.795021,39.600281],[117.783951,39.5989],[117.781181,39.594055],[117.761595,39.596981],[117.746124,39.595093],[117.75235,39.572491],[117.732514,39.572258],[117.731125,39.556114],[117.73764,39.544647],[117.734398,39.539604],[117.717583,39.528648],[117.705811,39.549664],[117.697722,39.555052],[117.685661,39.559814],[117.684036,39.56459],[117.706947,39.570045],[117.693596,39.580555],[117.67894,39.585087],[117.666748,39.577534],[117.649345,39.575604],[117.650002,39.591862],[117.636772,39.598244],[117.621811,39.593842],[117.619362,39.59631],[117.622643,39.60461],[117.643242,39.618046],[117.643295,39.625595],[117.653274,39.63768],[117.665062,39.639732],[117.666306,39.665836],[117.656311,39.672512],[117.645294,39.692436],[117.648048,39.698895],[117.60421,39.706291],[117.578674,39.725243],[117.595924,39.741821],[117.578011,39.754055],[117.567879,39.75518],[117.548714,39.77264],[117.556084,39.794693],[117.564674,39.799065],[117.564659,39.802959],[117.543159,39.830376],[117.513191,39.885006],[117.521118,39.925598],[117.504105,39.93248],[117.506996,39.943703],[117.519669,39.942619],[117.527634,39.94986],[117.530533,39.963982],[117.539932,39.974834],[117.527634,39.994034],[117.55262,39.99548],[117.559135,39.988964],[117.583038,39.99548],[117.602951,39.981361],[117.604034,39.973392],[117.62178,39.967602],[117.66613,39.973267],[117.679962,39.982105],[117.699173,39.984028],[117.719536,39.970577],[117.734139,39.970963],[117.744515,39.964046],[117.755661,39.970577],[117.774988,39.966246],[117.778328,39.979801],[117.788315,39.9944],[117.786781,40.01054],[117.77372,40.020916],[117.754501,40.017841],[117.747208,40.008236],[117.734139,40.017071],[117.748116,40.038223],[117.76767,40.048615],[117.764824,40.062386],[117.750107,40.064285],[117.745834,40.070457],[117.74987,40.07188],[117.743217,40.079952],[117.737381,40.076168],[117.714256,40.077816],[117.699539,40.09111],[117.683159,40.092297],[117.680305,40.081139],[117.670578,40.080666],[117.667252,40.080666],[117.659653,40.098709],[117.650398,40.094673],[117.648972,40.08921],[117.641846,40.089451],[117.636864,40.094673],[117.650154,40.107731],[117.645172,40.124348],[117.628082,40.13052],[117.628792,40.135506],[117.613548,40.144939],[117.610657,40.15575],[117.592468,40.169456],[117.58155,40.16613],[117.571571,40.17617],[117.565361,40.188034],[117.567619,40.190857],[117.576476,40.193993],[117.589604,40.190139],[117.602956,40.194376],[117.603142,40.201598],[117.610308,40.206854],[117.639231,40.203441],[117.661932,40.22158],[117.661102,40.22694],[117.650025,40.233787],[117.656587,40.239349],[117.663179,40.239157],[117.666241,40.234542],[117.70922,40.237792],[117.721035,40.234449],[117.726707,40.2391],[117.743756,40.226518],[117.760073,40.244664],[117.765765,40.242545],[117.79352,40.252049],[117.80186,40.260426],[117.808776,40.261164],[117.809041,40.257686],[117.822827,40.259388],[117.824918,40.263128],[117.845107,40.261375],[117.880566,40.272287],[117.894119,40.267724],[117.903855,40.285521],[117.928854,40.283627],[117.982021,40.295562],[117.998238,40.293647],[118.031118,40.304058],[118.058398,40.318769],[118.067117,40.329849],[118.06851,40.347858],[118.083862,40.361079],[118.103157,40.352257],[118.114618,40.353071],[118.129407,40.378185],[118.151471,40.394088],[118.152791,40.401654],[118.145697,40.408317],[118.148317,40.422546],[118.167289,40.421955],[118.192967,40.445998],[118.203283,40.442383],[118.215655,40.450743],[118.227433,40.450406],[118.234156,40.454756],[118.234321,40.463773],[118.25512,40.456182]]]]}},{"type":"Feature","properties":{"name":"兴安盟","code":"152200","gb":"156152200","province":"内蒙古自治区","label":[121.33725623184083,46.225594509505555]},"geometry":{"type":"MultiPolygon","coordinates":[[[[120.317565,47.623779],[120.319812,47.616761],[120.311913,47.613871],[120.316255,47.602015],[120.332689,47.603175],[120.36655,47.595406],[120.380759,47.589751],[120.400827,47.573984],[120.410028,47.574438],[120.415805,47.566338],[120.443988,47.567268],[120.473209,47.551005],[120.487,47.5529],[120.544461,47.538741],[120.575412,47.546621],[120.587302,47.544914],[120.595268,47.52725],[120.585463,47.520125],[120.576739,47.503543],[120.583335,47.491512],[120.624313,47.464822],[120.640586,47.444995],[120.641472,47.434606],[120.659443,47.433244],[120.672886,47.426333],[120.692586,47.40884],[120.713059,47.400951],[120.726439,47.38238],[120.723216,47.361047],[120.726219,47.355609],[120.694803,47.346822],[120.700483,47.331988],[120.665802,47.323984],[120.65249,47.311895],[120.6192,47.299373],[120.611688,47.286718],[120.617506,47.241575],[120.625194,47.238249],[120.630873,47.244488],[120.646443,47.247723],[120.653457,47.234067],[120.731645,47.216262],[120.738896,47.205094],[120.769265,47.185602],[120.76869,47.172841],[120.78705,47.160284],[120.805122,47.156327],[120.817184,47.14374],[120.869913,47.148214],[120.893379,47.126703],[120.91525,47.117809],[120.940694,47.0972],[120.966628,47.094433],[121.002081,47.119824],[121.034499,47.133641],[121.038626,47.139697],[121.062008,47.145836],[121.093836,47.149829],[121.12456,47.137864],[121.182802,47.136168],[121.240779,47.110564],[121.297517,47.120996],[121.322669,47.134506],[121.344265,47.130644],[121.369762,47.139585],[121.376813,47.148311],[121.401706,47.155139],[121.431028,47.177129],[121.431902,47.183346],[121.458894,47.187405],[121.478835,47.185266],[121.483328,47.181313],[121.52588,47.197075],[121.548006,47.195094],[121.57733,47.178494],[121.584549,47.169716],[121.592372,47.174922],[121.620815,47.175495],[121.638031,47.167378],[121.64202,47.176216],[121.631922,47.188937],[121.632591,47.199658],[121.644184,47.21815],[121.653434,47.221587],[121.667148,47.24754],[121.74939,47.280968],[121.789278,47.27564],[121.797409,47.263478],[121.815237,47.267073],[121.833793,47.263788],[121.880904,47.242482],[121.924353,47.238135],[122.005572,47.210525],[122.008959,47.201347],[122.038045,47.201677],[122.04986,47.191205],[122.076735,47.177971],[122.108321,47.205598],[122.137556,47.219248],[122.209211,47.237005],[122.253254,47.259392],[122.301559,47.301256],[122.409937,47.347188],[122.411285,47.328545],[122.423592,47.322567],[122.42952,47.305656],[122.447182,47.301903],[122.455086,47.274429],[122.48497,47.249535],[122.499267,47.228508],[122.512474,47.221741],[122.516853,47.202221],[122.566299,47.159386],[122.588287,47.154106],[122.587158,47.145847],[122.598137,47.137573],[122.604683,47.122547],[122.623375,47.12252],[122.627731,47.111252],[122.656288,47.105198],[122.654045,47.09544],[122.668335,47.096165],[122.683693,47.090878],[122.683724,47.096889],[122.688118,47.097633],[122.695793,47.093861],[122.69796,47.087101],[122.708969,47.091579],[122.727615,47.087029],[122.72538,47.078777],[122.728668,47.077267],[122.772598,47.076401],[122.811699,47.067036],[122.828499,47.056129],[122.841965,47.052826],[122.838371,47.044113],[122.804092,47.027367],[122.770073,47.000153],[122.76667,46.97163],[122.775566,46.961426],[122.79023,46.955166],[122.783279,46.939095],[122.794579,46.93475],[122.831497,46.93388],[122.866684,46.954296],[122.886696,46.957756],[122.890594,46.950264],[122.891007,46.915203],[122.884926,46.896957],[122.871895,46.890442],[122.892311,46.860035],[122.890144,46.825283],[122.898826,46.805302],[122.916641,46.795746],[122.917824,46.783863],[122.93309,46.787376],[122.942291,46.778442],[122.981171,46.764072],[122.993332,46.754822],[122.98584,46.746078],[122.999748,46.73204],[122.998924,46.722446],[123.007202,46.717316],[123.013733,46.715782],[123.026924,46.724731],[123.043266,46.722393],[123.052078,46.729111],[123.071693,46.726753],[123.082687,46.733452],[123.111542,46.734119],[123.125107,46.739479],[123.157028,46.742783],[123.159378,46.755535],[123.168198,46.761494],[123.179436,46.785454],[123.197067,46.795853],[123.201401,46.807938],[123.209877,46.816143],[123.206749,46.847168],[123.22863,46.856449],[123.242699,46.852627],[123.2789,46.859135],[123.297462,46.85675],[123.308304,46.850658],[123.323647,46.827469],[123.33123,46.824097],[123.347259,46.833374],[123.365814,46.83506],[123.397019,46.901684],[123.396171,46.927826],[123.375641,46.938],[123.370163,46.948345],[123.342171,46.966606],[123.295906,46.962955],[123.291039,46.986691],[123.294083,46.996429],[123.312081,47.001186],[123.330849,46.99477],[123.349152,46.998425],[123.346336,46.991081],[123.360741,46.99012],[123.357201,46.984825],[123.370865,46.973804],[123.376968,46.957207],[123.401344,46.958416],[123.405762,46.955502],[123.404343,46.945663],[123.420677,46.947453],[123.431656,46.957073],[123.450233,46.955109],[123.458718,46.949951],[123.490356,46.954876],[123.500206,46.948139],[123.508705,46.956223],[123.518444,46.95436],[123.524513,46.953785],[123.513405,46.938271],[123.499542,46.895596],[123.476273,46.857407],[123.47319,46.844799],[123.481102,46.832062],[123.497139,46.821732],[123.554039,46.822445],[123.565849,46.838951],[123.558411,46.853733],[123.566826,46.866097],[123.565476,46.882019],[123.569008,46.889599],[123.584686,46.890522],[123.597138,46.885841],[123.594185,46.860539],[123.609436,46.844719],[123.609856,46.838432],[123.602348,46.83202],[123.572205,46.822609],[123.588402,46.810169],[123.611832,46.808506],[123.629364,46.816933],[123.629379,46.808685],[123.624473,46.803616],[123.620796,46.784824],[123.617187,46.72258],[123.592857,46.68829],[123.529587,46.681297],[123.482979,46.683861],[123.39238,46.679752],[123.268067,46.658745],[123.262588,46.648781],[123.270561,46.61491],[123.234695,46.601711],[123.235191,46.592247],[123.220253,46.585773],[123.205307,46.585773],[123.196342,46.590256],[123.172432,46.612171],[123.090752,46.600716],[123.093239,46.590256],[123.077797,46.58876],[123.068832,46.619644],[123.040444,46.617153],[123.038452,46.605198],[123.044426,46.577805],[122.994614,46.573322],[123.00209,46.523514],[123.000595,46.436348],[123.085014,46.340675],[123.135857,46.292702],[123.165787,46.25293],[123.177734,46.247669],[123.170418,46.232033],[123.152321,46.23317],[123.136276,46.227028],[123.120285,46.20829],[123.120049,46.17207],[123.094658,46.168629],[123.103699,46.127319],[123.061531,46.120007],[123.038338,46.097157],[122.787364,46.071053],[122.809655,45.960796],[122.821052,45.909416],[122.81881,45.895214],[122.793808,45.854096],[122.802834,45.836689],[122.802994,45.783199],[122.795212,45.770718],[122.778336,45.761909],[122.752556,45.738701],[122.733856,45.702602],[122.663589,45.698734],[122.6623,45.718075],[122.655212,45.726456],[122.596817,45.752766],[122.557258,45.762821],[122.537575,45.773911],[122.515282,45.793873],[122.501816,45.813309],[122.484024,45.861038],[122.436981,45.914207],[122.366112,45.918732],[122.357063,45.915714],[122.352539,45.912701],[122.355095,45.87077],[122.349129,45.861668],[122.345841,45.857006],[122.330483,45.857822],[122.313652,45.843079],[122.304291,45.822231],[122.292229,45.81168],[122.255997,45.792133],[122.25013,45.793304],[122.243088,45.797997],[122.234291,45.823803],[122.212005,45.826736],[122.210831,45.840225],[122.19265,45.853718],[122.138107,45.862514],[122.083557,45.879524],[122.074761,45.8936],[122.074341,45.915665],[122.065051,45.92579],[122.035698,45.940689],[122.031693,45.956478],[122.007385,45.957981],[121.999115,45.963745],[121.996605,45.981789],[121.986328,45.979282],[121.980316,45.969257],[121.956512,45.976025],[121.954506,45.983791],[121.920425,45.98605],[121.915947,46.001995],[121.906189,46.00695],[121.887138,46.005867],[121.884506,45.999207],[121.862671,45.996731],[121.840065,46.01268],[121.835991,46.021633],[121.804932,46.023117],[121.778153,46.001431],[121.756523,45.998131],[121.751213,45.990948],[121.759644,45.982201],[121.782761,45.977516],[121.796814,45.96627],[121.803062,45.950344],[121.80056,45.938477],[121.813675,45.915985],[121.797752,45.897873],[121.808678,45.872887],[121.796188,45.870701],[121.777138,45.857582],[121.776825,45.851959],[121.761208,45.840717],[121.757462,45.833843],[121.761521,45.827911],[121.751163,45.817516],[121.743355,45.80241],[121.746147,45.792347],[121.734039,45.789368],[121.727707,45.783032],[121.714569,45.782848],[121.680656,45.760674],[121.650673,45.768436],[121.636314,45.750614],[121.661285,45.736641],[121.662582,45.720989],[121.681221,45.709999],[121.707489,45.698631],[121.749382,45.688313],[121.769508,45.691406],[121.803574,45.684441],[121.804733,45.702248],[121.847725,45.716095],[121.938515,45.709305],[121.962082,45.690384],[121.995285,45.620666],[121.988312,45.596432],[121.959099,45.593777],[121.965072,45.566219],[121.985657,45.549953],[121.986656,45.536675],[121.995285,45.521736],[121.995285,45.505466],[122.016197,45.487541],[122.049042,45.472862],[122.158699,45.438732],[122.171707,45.406841],[122.138977,45.371872],[122.136116,45.31942],[122.141112,45.294491],[122.231529,45.273823],[122.234054,45.24461],[122.222534,45.203876],[122.208771,45.190956],[122.184334,45.178032],[122.135452,45.180279],[122.102096,45.139126],[122.110451,45.097691],[122.111366,45.065384],[122.100304,45.047272],[122.090797,45.018745],[122.066833,45.003914],[122.07901,44.950287],[122.068169,44.909969],[122.041923,44.910351],[122.03698,44.897037],[122.046112,44.893997],[122.048775,44.880302],[122.061699,44.879925],[122.065506,44.874218],[122.091369,44.806519],[122.084526,44.796627],[122.086807,44.788643],[122.105843,44.779472],[122.162247,44.774532],[122.162292,44.765835],[122.14241,44.750069],[122.09639,44.760265],[122.078422,44.745213],[122.083092,44.733875],[122.107605,44.730991],[122.121376,44.723972],[122.121887,44.719635],[122.106689,44.707397],[122.110763,44.69622],[122.107727,44.685951],[122.095169,44.670734],[122.105438,44.613304],[122.124077,44.601513],[122.130165,44.585159],[122.124077,44.57489],[122.194824,44.552452],[122.200523,44.53838],[122.216499,44.523926],[122.218781,44.515938],[122.207374,44.491215],[122.221062,44.477142],[122.237419,44.473339],[122.278496,44.474861],[122.287247,44.404118],[122.284584,44.315117],[122.266563,44.271],[122.258484,44.264629],[122.263557,44.253822],[122.220616,44.261657],[122.158347,44.253318],[122.128684,44.265197],[122.099785,44.270097],[122.079183,44.281394],[122.013307,44.301999],[121.977071,44.328673],[121.928831,44.341688],[121.928404,44.349569],[121.877056,44.400276],[121.848413,44.410979],[121.823792,44.409642],[121.816784,44.427675],[121.772562,44.444656],[121.75412,44.476405],[121.743071,44.486795],[121.693894,44.530957],[121.66254,44.549728],[121.659567,44.559897],[121.645486,44.561473],[121.637347,44.56747],[121.62477,44.585053],[121.619878,44.585423],[121.598314,44.607555],[121.593326,44.622726],[121.579744,44.638161],[121.597609,44.645143],[121.595243,44.654338],[121.542041,44.66688],[121.528495,44.690436],[121.52421,44.718624],[121.403076,44.788847],[121.404175,44.808342],[121.414076,44.816031],[121.395507,44.849214],[121.374888,44.849605],[121.345916,44.875948],[121.301095,44.894771],[121.234099,44.932249],[121.164538,44.955407],[121.123497,44.961354],[121.095913,44.978246],[121.069299,44.980368],[121.046366,45.001734],[121.02728,44.996412],[120.996454,45.030461],[120.996811,45.040925],[120.989411,45.055812],[120.971603,45.070414],[120.977056,45.078245],[120.981111,45.106228],[120.977804,45.11188],[120.967144,45.11685],[120.955622,45.113728],[120.94002,45.121204],[120.952316,45.127394],[120.967199,45.155111],[120.967094,45.164986],[120.973118,45.167905],[120.962016,45.182377],[120.944317,45.194818],[120.906791,45.198975],[120.882288,45.214323],[120.829622,45.214649],[120.82219,45.251293],[120.801414,45.248892],[120.734906,45.259638],[120.693933,45.275159],[120.654708,45.296001],[120.638685,45.314789],[120.58122,45.348059],[120.556345,45.35154],[120.546359,45.363837],[120.549002,45.403802],[120.554081,45.414626],[120.54314,45.419659],[120.517521,45.445197],[120.505204,45.441945],[120.491624,45.459116],[120.484499,45.46061],[120.464076,45.459989],[120.458131,45.464647],[120.428798,45.462392],[120.421836,45.46942],[120.419206,45.480387],[120.413249,45.482536],[120.411236,45.499772],[120.368041,45.516756],[120.339163,45.51737],[120.321673,45.538017],[120.321585,45.548351],[120.313086,45.554326],[120.274678,45.55786],[120.271445,45.551466],[120.263262,45.550244],[120.212251,45.57515],[120.202767,45.577154],[120.191452,45.57335],[120.183197,45.583159],[120.159194,45.592912],[120.147578,45.586487],[120.133014,45.585264],[120.11175,45.58656],[120.100131,45.592167],[120.075489,45.592376],[120.049563,45.586847],[120.021351,45.593212],[119.990069,45.577562],[119.992347,45.563036],[119.988204,45.550222],[120.00764,45.543089],[120.015123,45.534362],[120.022555,45.52366],[120.025505,45.500399],[120.012727,45.48877],[119.987908,45.482624],[119.968851,45.484684],[119.959511,45.493362],[119.936148,45.5009],[119.925885,45.493292],[119.901832,45.502242],[119.904985,45.514311],[119.914674,45.524512],[119.908714,45.541824],[119.908696,45.558794],[119.88407,45.557838],[119.866353,45.546155],[119.856259,45.556685],[119.829919,45.567711],[119.812195,45.571064],[119.784424,45.562499],[119.748838,45.577926],[119.64997,45.621527],[119.559013,45.654062],[119.589654,45.668344],[119.651011,45.672624],[119.674403,45.66788],[119.70223,45.701344],[119.693664,45.734748],[119.713558,45.75251],[119.744707,45.761086],[119.80102,45.818312],[119.823277,45.972983],[119.806249,45.981828],[119.801366,45.989831],[119.827536,46.002824],[119.835522,46.026482],[119.848701,46.106503],[119.87012,46.122377],[119.872806,46.142833],[119.859505,46.155572],[119.856379,46.173939],[119.844343,46.176318],[119.843949,46.181504],[119.882684,46.20859],[119.862371,46.22464],[119.829173,46.233717],[119.830927,46.276999],[119.83846,46.283185],[119.838417,46.298079],[119.831649,46.305759],[119.831258,46.319069],[119.846348,46.318823],[119.859812,46.326574],[119.867465,46.34394],[119.839715,46.350701],[119.831113,46.373906],[119.869865,46.397009],[119.894468,46.401994],[119.927631,46.400754],[119.954976,46.394002],[119.977825,46.41716],[119.954571,46.41797],[119.925893,46.428461],[119.903216,46.427442],[119.942412,46.492025],[119.901082,46.535496],[119.945143,46.602154],[119.90395,46.65139],[119.903663,46.667751],[119.905304,46.668148],[119.905916,46.676242],[119.906245,46.680596],[119.906615,46.685493],[119.906769,46.687534],[119.909652,46.690303],[119.922699,46.702835],[119.928604,46.711227],[119.927094,46.715073],[119.924995,46.720421],[119.921209,46.726366],[119.915067,46.736012],[119.914246,46.737301],[119.913226,46.740639],[119.910082,46.75093],[119.909737,46.75206],[119.910515,46.756748],[119.903472,46.759004],[119.900284,46.760025],[119.899635,46.760414],[119.903732,46.765663],[119.923945,46.783299],[119.926232,46.785294],[119.929878,46.788475],[119.930723,46.790739],[119.932518,46.795551],[119.931709,46.803097],[119.927931,46.810853],[119.923483,46.819987],[119.92275,46.821492],[119.921869,46.8233],[119.921173,46.82473],[119.921261,46.826646],[119.921551,46.832933],[119.921867,46.839771],[119.931412,46.846302],[119.929917,46.846737],[119.922358,46.848937],[119.913742,46.851444],[119.911461,46.864571],[119.913322,46.892269],[119.918201,46.8976],[119.922287,46.902065],[119.920836,46.90234],[119.920559,46.902393],[119.920134,46.902473],[119.919721,46.902552],[119.91098,46.904209],[119.884998,46.909735],[119.867455,46.913467],[119.853081,46.915359],[119.847069,46.942432],[119.862648,46.951725],[119.862892,46.959538],[119.851341,46.960178],[119.838165,46.96323],[119.827614,46.973728],[119.819206,46.979477],[119.813683,46.985538],[119.799324,47.001289],[119.788162,47.011032],[119.782707,47.02541],[119.786415,47.031204],[119.782631,47.036903],[119.784073,47.043217],[119.787986,47.045524],[119.791214,47.047428],[119.799774,47.052959],[119.79833,47.055374],[119.780678,47.0849],[119.762871,47.115776],[119.756821,47.123428],[119.755898,47.128998],[119.751394,47.134552],[119.747078,47.139874],[119.735036,47.153853],[119.73214,47.157215],[119.722242,47.168134],[119.714943,47.176186],[119.713643,47.177976],[119.709419,47.183792],[119.700798,47.188431],[119.683617,47.196461],[119.671547,47.205715],[119.665627,47.212997],[119.659645,47.218948],[119.650665,47.227879],[119.647884,47.23025],[119.644826,47.232858],[119.644515,47.233124],[119.644386,47.233234],[119.643703,47.233815],[119.643055,47.234368],[119.642399,47.234928],[119.638252,47.238464],[119.624222,47.244615],[119.623703,47.244843],[119.623241,47.244902],[119.622286,47.245025],[119.618721,47.245482],[119.617847,47.245594],[119.617682,47.245615],[119.617646,47.24562],[119.614014,47.246086],[119.595612,47.243782],[119.581886,47.24165],[119.57563,47.240971],[119.571732,47.241039],[119.566513,47.241932],[119.560391,47.246577],[119.5597,47.247101],[119.55785,47.248638],[119.554802,47.251171],[119.555499,47.253259],[119.556122,47.255127],[119.557647,47.256524],[119.558599,47.257396],[119.558899,47.257671],[119.557819,47.261429],[119.557804,47.261482],[119.557579,47.262264],[119.559341,47.264751],[119.560555,47.267546],[119.560719,47.267925],[119.561798,47.270409],[119.561744,47.270481],[119.559578,47.273369],[119.556762,47.273527],[119.555437,47.273601],[119.552574,47.273762],[119.551138,47.275092],[119.549978,47.276165],[119.549942,47.276199],[119.549964,47.276221],[119.552327,47.278497],[119.555114,47.281183],[119.556427,47.282448],[119.555502,47.283735],[119.55409,47.285701],[119.553917,47.285942],[119.551106,47.288136],[119.550438,47.288658],[119.55056,47.288886],[119.551469,47.29059],[119.552201,47.291961],[119.552544,47.292603],[119.55426,47.296551],[119.551449,47.297506],[119.548485,47.298512],[119.539932,47.299198],[119.536392,47.29847],[119.532928,47.299591],[119.533013,47.299846],[119.535141,47.306187],[119.531849,47.305553],[119.528847,47.304974],[119.527865,47.304878],[119.523056,47.304409],[119.521922,47.308757],[119.521629,47.309879],[119.51905,47.313132],[119.517319,47.315315],[119.517285,47.315333],[119.516465,47.315782],[119.514791,47.316699],[119.509903,47.319374],[119.502083,47.318985],[119.501084,47.323621],[119.500763,47.325111],[119.499353,47.325551],[119.497563,47.32611],[119.495361,47.326797],[119.491533,47.324067],[119.490119,47.323059],[119.488714,47.322056],[119.48774,47.321362],[119.480377,47.322556],[119.475204,47.326302],[119.47521,47.326319],[119.475759,47.327889],[119.476162,47.329042],[119.476639,47.330406],[119.476791,47.330841],[119.477005,47.331135],[119.478308,47.332926],[119.478764,47.333552],[119.478828,47.33364],[119.479097,47.33401],[119.502386,47.331325],[119.517157,47.341594],[119.547208,47.348671],[119.55946,47.344884],[119.597424,47.35415],[119.609185,47.360214],[119.623127,47.381681],[119.634062,47.383901],[119.651813,47.407329],[119.685295,47.41112],[119.689067,47.418333],[119.761415,47.434884],[119.771869,47.446591],[119.788971,47.453963],[119.807796,47.47129],[119.80507,47.495138],[119.841645,47.514863],[119.855312,47.533249],[119.881257,47.545554],[119.899768,47.567922],[119.918631,47.567508],[119.947061,47.577897],[120.014362,47.551023],[120.027748,47.559249],[120.077745,47.574387],[120.084108,47.583904],[120.107261,47.595731],[120.146863,47.608239],[120.175529,47.609191],[120.192702,47.630557],[120.210514,47.620999],[120.218078,47.621971],[120.233854,47.637585],[120.243107,47.638367],[120.261535,47.654852],[120.274335,47.649299],[120.28125,47.634321],[120.289394,47.627805],[120.317565,47.623779]]]]}},{"type":"Feature","properties":{"name":"盘锦市","code":"211100","gb":"156211100","province":"辽宁省","label":[121.99879553767741,41.07501117222005]},"geometry":{"type":"MultiPolygon","coordinates":[[[[122.193963,41.455727],[122.193444,41.421971],[122.196618,41.41742],[122.204232,41.417278],[122.205986,41.404347],[122.228989,41.392876],[122.231224,41.378803],[122.242508,41.370006],[122.249741,41.372764],[122.260026,41.367187],[122.258019,41.364113],[122.272034,41.354484],[122.27324,41.349079],[122.274159,41.333677],[122.2537,41.281371],[122.246322,41.274101],[122.241645,41.245815],[122.226157,41.226417],[122.212111,41.226177],[122.205703,41.218913],[122.223227,41.2051],[122.244887,41.195445],[122.248648,41.191157],[122.246817,41.186625],[122.258368,41.194457],[122.265327,41.193519],[122.264022,41.18901],[122.268821,41.185824],[122.320503,41.19298],[122.334167,41.189135],[122.347778,41.19747],[122.338516,41.20362],[122.356606,41.208373],[122.375857,41.220962],[122.39943,41.251112],[122.413079,41.249579],[122.41063,41.243243],[122.413789,41.241446],[122.420236,41.244032],[122.413811,41.249697],[122.416909,41.252161],[122.435983,41.252058],[122.452195,41.245894],[122.459634,41.259024],[122.467294,41.252886],[122.483606,41.25131],[122.472955,41.23741],[122.456727,41.234758],[122.438307,41.210107],[122.41095,41.211054],[122.40606,41.207091],[122.407586,41.199179],[122.397713,41.194693],[122.381302,41.195608],[122.372032,41.190131],[122.366875,41.177298],[122.356422,41.176752],[122.362449,41.161753],[122.37558,41.163811],[122.382314,41.153945],[122.377354,41.128908],[122.387387,41.124492],[122.390927,41.110182],[122.408447,41.08542],[122.398024,41.038095],[122.414633,41.010832],[122.411452,40.998273],[122.403006,40.992929],[122.38568,41.005235],[122.390982,40.990789],[122.388686,40.986917],[122.373457,40.988439],[122.356169,41.000177],[122.337195,40.986079],[122.339948,40.981214],[122.352667,40.987257],[122.358221,40.984632],[122.345808,40.968969],[122.321065,40.967726],[122.324255,40.96174],[122.343908,40.952409],[122.334432,40.941068],[122.337728,40.925119],[122.329488,40.921953],[122.320218,40.927725],[122.322767,40.940702],[122.304425,40.940012],[122.322011,40.91657],[122.314091,40.909048],[122.328008,40.908159],[122.330632,40.90384],[122.32816,40.892938],[122.323903,40.891649],[122.312588,40.895128],[122.3177,40.905885],[122.307271,40.90521],[122.298199,40.887064],[122.274029,40.863512],[122.257961,40.868055],[122.227726,40.863211],[122.216289,40.850565],[122.202014,40.85602],[122.182392,40.874071],[122.175693,40.874827],[122.170672,40.85557],[122.182353,40.832361],[122.146731,40.838618],[122.123812,40.816885],[122.091692,40.798453],[122.102457,40.786234],[122.179804,40.744657],[122.201397,40.737959],[122.205202,40.72577],[122.200869,40.716238],[122.202402,40.711416],[122.254061,40.710386],[122.266459,40.704461],[122.266192,40.692948],[122.235293,40.681085],[122.231672,40.686214],[122.199662,40.692317],[122.185801,40.702787],[122.178747,40.698692],[122.166834,40.707937],[122.157312,40.709448],[122.146951,40.69985],[122.14839,40.671406],[122.116041,40.666114],[122.077174,40.665728],[122.05565,40.658078],[122.036193,40.674468],[121.975663,40.70458],[122.001382,40.734452],[121.971251,40.737035],[121.950495,40.748009],[121.959192,40.709594],[121.949827,40.707859],[121.940295,40.752746],[121.951338,40.785654],[121.93603,40.807244],[121.897022,40.806931],[121.857909,40.81997],[121.855328,40.837791],[121.836697,40.870721],[121.836393,40.921314],[121.822852,40.933487],[121.821554,40.951767],[121.841237,40.979005],[121.810547,40.968692],[121.798783,40.94844],[121.776935,40.929386],[121.783657,40.907509],[121.773939,40.891616],[121.725176,40.846683],[121.68705,40.847102],[121.68804,40.83271],[121.645161,40.830454],[121.64462,40.848805],[121.612094,40.853309],[121.586284,40.843715],[121.5583,40.841387],[121.564294,40.878132],[121.581406,40.876725],[121.600881,40.885462],[121.621436,40.906306],[121.62356,40.917937],[121.639011,40.934145],[121.643275,40.951613],[121.660947,40.960399],[121.66636,40.96908],[121.664762,41.016643],[121.6699,41.025745],[121.6562,41.034744],[121.655641,41.046898],[121.644885,41.053677],[121.642258,41.060509],[121.660372,41.057809],[121.673823,41.083336],[121.668228,41.083726],[121.666368,41.090882],[121.679957,41.095509],[121.70854,41.093025],[121.70899,41.086711],[121.753137,41.086797],[121.75876,41.0986],[121.742117,41.107749],[121.737482,41.110238],[121.737084,41.10531],[121.685174,41.102556],[121.665581,41.095636],[121.628296,41.100355],[121.618126,41.107527],[121.608337,41.10298],[121.594925,41.110068],[121.577759,41.103956],[121.57106,41.111593],[121.563478,41.159742],[121.568772,41.166228],[121.583878,41.168879],[121.596474,41.178213],[121.610872,41.179016],[121.616858,41.19624],[121.617715,41.205305],[121.586091,41.208426],[121.573273,41.2162],[121.583581,41.225966],[121.574593,41.233672],[121.577546,41.242118],[121.603792,41.256217],[121.609735,41.266177],[121.621797,41.266062],[121.623636,41.277259],[121.672129,41.305239],[121.677867,41.3062],[121.681246,41.300791],[121.700801,41.309023],[121.721698,41.310278],[121.715747,41.317583],[121.721914,41.331067],[121.722407,41.322687],[121.733745,41.332869],[121.747028,41.334257],[121.753673,41.332068],[121.753269,41.322161],[121.762867,41.321772],[121.769947,41.327417],[121.769055,41.341436],[121.780284,41.334768],[121.798382,41.334062],[121.800472,41.348009],[121.806004,41.3463],[121.807751,41.351267],[121.836667,41.352197],[121.862614,41.339006],[121.864178,41.328546],[121.881169,41.320516],[121.899546,41.33683],[121.897014,41.341573],[121.90437,41.352899],[121.943716,41.369043],[121.947645,41.385373],[122.013518,41.380914],[122.012785,41.368932],[122.032385,41.368256],[122.039717,41.362965],[122.046866,41.376809],[122.074554,41.386635],[122.087817,41.393146],[122.088828,41.397683],[122.137726,41.420414],[122.131821,41.426034],[122.164162,41.4408],[122.172349,41.449616],[122.179635,41.446389],[122.188755,41.457371],[122.193963,41.455727]]]]}},{"type":"Feature","properties":{"name":"太原市","code":"140100","gb":"156140100","province":"山西省","label":[112.31601849336583,37.95902337248027]},"geometry":{"type":"MultiPolygon","coordinates":[[[[113.151283,38.3406],[113.144529,38.326384],[113.131409,38.315639],[113.103824,38.306237],[113.069486,38.305877],[113.053018,38.281807],[113.042114,38.27274],[113.029146,38.269418],[113.027802,38.257924],[112.996008,38.248482],[112.970159,38.231379],[112.956408,38.216331],[112.95297,38.201682],[112.944971,38.198662],[112.930974,38.179049],[112.93441,38.165951],[112.930116,38.157578],[112.92364,38.162198],[112.914635,38.159374],[112.915787,38.144236],[112.928821,38.135542],[112.954264,38.139596],[112.958571,38.129803],[112.956867,38.118586],[112.989465,38.091844],[113.004311,38.084431],[113.037982,38.079065],[113.035693,38.076053],[113.044549,38.065314],[113.060055,38.060569],[113.062033,38.054731],[113.045653,38.04573],[113.027699,38.050209],[113.009838,38.046612],[113.003727,38.038837],[113.016495,38.026227],[113.008545,38.018413],[113.000725,38.017439],[112.999227,38.005523],[112.993959,38.000776],[112.981078,38.001691],[112.960127,38.017752],[112.952826,38.012184],[112.944677,37.992862],[112.935519,37.989488],[112.914952,37.997041],[112.896522,37.992635],[112.875565,37.997068],[112.846572,37.989272],[112.818774,38.00446],[112.809301,37.998283],[112.813943,37.985209],[112.794643,37.975527],[112.761966,37.938143],[112.772593,37.924477],[112.759522,37.913418],[112.7729,37.886046],[112.770639,37.884331],[112.76621,37.878267],[112.772591,37.872125],[112.761894,37.873015],[112.747939,37.88126],[112.739989,37.879468],[112.730036,37.873213],[112.725249,37.857593],[112.716278,37.849447],[112.699365,37.850293],[112.695297,37.842394],[112.68773,37.841224],[112.684577,37.831711],[112.674544,37.826698],[112.66756,37.809898],[112.67426,37.806725],[112.677366,37.794838],[112.645353,37.773816],[112.655743,37.762409],[112.65608,37.744014],[112.661141,37.744285],[112.661377,37.739841],[112.655707,37.732837],[112.647717,37.731217],[112.646401,37.714335],[112.623121,37.710666],[112.608585,37.699771],[112.622561,37.690889],[112.621444,37.679883],[112.619647,37.675144],[112.608364,37.674074],[112.597862,37.66743],[112.597329,37.662922],[112.601313,37.655944],[112.612957,37.655406],[112.616182,37.645045],[112.600494,37.635695],[112.593409,37.63566],[112.592487,37.640684],[112.581322,37.640539],[112.571042,37.631539],[112.574719,37.604764],[112.594537,37.599781],[112.594313,37.589271],[112.60374,37.574012],[112.600231,37.546547],[112.621821,37.533021],[112.61802,37.52269],[112.585368,37.522609],[112.581876,37.513179],[112.585268,37.505456],[112.563879,37.505766],[112.559766,37.51352],[112.537966,37.517177],[112.500704,37.510647],[112.508111,37.497345],[112.497357,37.47661],[112.490718,37.47764],[112.460374,37.46592],[112.44956,37.477029],[112.434691,37.478401],[112.428433,37.458165],[112.421205,37.457198],[112.410161,37.462752],[112.386365,37.462491],[112.380974,37.47125],[112.382805,37.483747],[112.352281,37.484682],[112.345941,37.462062],[112.323162,37.458323],[112.321372,37.463455],[112.310927,37.46772],[112.310259,37.475687],[112.283453,37.486596],[112.283585,37.490379],[112.296943,37.495072],[112.308216,37.494722],[112.308262,37.506547],[112.292617,37.506302],[112.290668,37.517426],[112.267368,37.523205],[112.272045,37.534813],[112.288183,37.548291],[112.287552,37.564935],[112.274556,37.566921],[112.27167,37.561801],[112.261578,37.559681],[112.229224,37.565267],[112.221471,37.589231],[112.205023,37.598083],[112.19598,37.613246],[112.187027,37.616409],[112.182322,37.626058],[112.167588,37.633887],[112.167253,37.659693],[112.171935,37.668645],[112.150581,37.685031],[112.127905,37.6893],[112.122604,37.699127],[112.112607,37.696684],[112.096577,37.715683],[112.084199,37.711997],[112.068224,37.716242],[112.038925,37.707865],[112.028077,37.70971],[112.017528,37.720588],[111.991488,37.721096],[111.962233,37.712888],[111.954562,37.718766],[111.949981,37.731939],[111.934812,37.733496],[111.917606,37.75301],[111.907947,37.775459],[111.906867,37.79162],[111.901443,37.795752],[111.886671,37.798256],[111.86908,37.792889],[111.833068,37.791533],[111.813929,37.79431],[111.810269,37.811241],[111.785957,37.826295],[111.764295,37.828799],[111.761709,37.84057],[111.73839,37.858646],[111.72915,37.873375],[111.695281,37.877299],[111.684344,37.875478],[111.675119,37.862221],[111.658899,37.861526],[111.650616,37.856059],[111.631634,37.86076],[111.612964,37.859278],[111.599782,37.854169],[111.579948,37.854782],[111.569375,37.847435],[111.564236,37.849088],[111.560262,37.859117],[111.55885,37.878888],[111.542342,37.884623],[111.574529,37.901591],[111.566957,37.915008],[111.571493,37.92304],[111.565131,37.932467],[111.551353,37.938],[111.538464,37.95681],[111.530407,37.996331],[111.518111,38.002253],[111.509478,38.020205],[111.521464,38.039049],[111.508791,38.050404],[111.516777,38.065073],[111.538955,38.071157],[111.542064,38.083348],[111.561809,38.095244],[111.585539,38.094596],[111.618039,38.100243],[111.642325,38.118116],[111.68146,38.131454],[111.696737,38.143116],[111.713309,38.161667],[111.707192,38.172397],[111.713808,38.179933],[111.72757,38.177235],[111.738216,38.187426],[111.748636,38.177712],[111.76174,38.179046],[111.773307,38.188912],[111.786077,38.186625],[111.7981,38.194221],[111.797483,38.200931],[111.804428,38.208974],[111.812986,38.209808],[111.811091,38.213306],[111.84396,38.213826],[111.833967,38.220969],[111.840224,38.231597],[111.861261,38.222363],[111.859545,38.199804],[111.863673,38.193685],[111.873922,38.191346],[111.891038,38.199007],[111.908943,38.178332],[111.923606,38.175556],[111.932278,38.17901],[111.939305,38.17119],[111.949714,38.16821],[112.004029,38.189412],[112.011066,38.180563],[112.041088,38.17084],[112.091681,38.168682],[112.109462,38.157975],[112.126081,38.14003],[112.134617,38.147173],[112.150873,38.150338],[112.208633,38.132814],[112.205881,38.143852],[112.213966,38.146455],[112.230401,38.14062],[112.249536,38.152537],[112.260649,38.178257],[112.258795,38.18763],[112.247534,38.200839],[112.242835,38.223718],[112.226409,38.234514],[112.214208,38.252499],[112.228462,38.262078],[112.262445,38.267905],[112.261043,38.274643],[112.244894,38.281208],[112.241815,38.290494],[112.267272,38.311521],[112.294313,38.305111],[112.313887,38.3103],[112.337226,38.298998],[112.359763,38.274976],[112.379669,38.274606],[112.396569,38.266247],[112.426076,38.279719],[112.437172,38.278683],[112.450835,38.250145],[112.495465,38.236669],[112.518689,38.250527],[112.518149,38.265841],[112.52248,38.268718],[112.558158,38.23801],[112.551701,38.222625],[112.564301,38.208339],[112.591946,38.210291],[112.608964,38.206281],[112.631698,38.214869],[112.644771,38.228124],[112.634324,38.244399],[112.63646,38.247355],[112.660729,38.244373],[112.672533,38.236417],[112.702431,38.244559],[112.725271,38.237409],[112.794554,38.253436],[112.820358,38.291746],[112.844003,38.306955],[112.863743,38.308592],[112.908144,38.322342],[112.917568,38.330596],[112.941012,38.33359],[112.964596,38.355856],[112.97043,38.353363],[112.971168,38.342489],[112.978792,38.338462],[112.995438,38.341026],[113.003974,38.346251],[113.013735,38.361186],[113.028532,38.36902],[113.028082,38.376973],[113.03329,38.381056],[113.076941,38.393085],[113.079962,38.397863],[113.074185,38.40784],[113.082689,38.415917],[113.122021,38.420061],[113.13337,38.417933],[113.140531,38.411692],[113.134671,38.400135],[113.147,38.378461],[113.135601,38.358197],[113.151283,38.3406]]]]}},{"type":"Feature","properties":{"name":"威海市","code":"371000","gb":"156371000","province":"山东省","label":[121.9829129923356,37.11931409540358]},"geometry":{"type":"MultiPolygon","coordinates":[[[[122.134445,37.555554],[122.152109,37.540683],[122.158429,37.520883],[122.121103,37.50624],[122.156862,37.435646],[122.18462,37.440993],[122.232057,37.461905],[122.246538,37.462515],[122.277946,37.448452],[122.270782,37.428823],[122.302329,37.413852],[122.326709,37.409066],[122.37858,37.415372],[122.398487,37.406585],[122.448839,37.413281],[122.471716,37.42416],[122.49719,37.405396],[122.547262,37.398471],[122.581363,37.402103],[122.590031,37.415221],[122.619348,37.41772],[122.665655,37.40945],[122.675236,37.41764],[122.696274,37.409835],[122.697691,37.389668],[122.641288,37.390986],[122.605081,37.375906],[122.582141,37.351751],[122.589324,37.329623],[122.567076,37.302962],[122.551374,37.275166],[122.557582,37.255732],[122.578449,37.25214],[122.594326,37.238627],[122.59024,37.221769],[122.610958,37.200536],[122.55846,37.180897],[122.57928,37.159317],[122.575123,37.14756],[122.524189,37.160006],[122.487456,37.153947],[122.469103,37.12494],[122.459232,37.090142],[122.459995,37.059783],[122.441718,37.060012],[122.425405,37.039967],[122.437318,37.021432],[122.464443,37.034481],[122.487333,37.022948],[122.54292,37.033995],[122.531334,37.004314],[122.539998,36.978565],[122.519345,36.948712],[122.535198,36.923979],[122.517119,36.90173],[122.499133,36.899165],[122.50202,36.92737],[122.477749,36.922154],[122.452898,36.928463],[122.411658,36.91542],[122.422857,36.900199],[122.426652,36.871861],[122.409232,36.861465],[122.37688,36.86707],[122.370116,36.84525],[122.342076,36.835159],[122.315519,36.83305],[122.27524,36.843055],[122.229147,36.845269],[122.193697,36.860584],[122.17538,36.898137],[122.122615,36.913674],[122.157164,36.955938],[122.174936,36.989026],[122.224899,37.03674],[122.186174,37.010241],[122.153847,37.002241],[122.153045,36.964382],[122.14154,36.948986],[122.103455,36.954613],[122.085648,36.936184],[122.094233,36.920702],[122.066725,36.917715],[122.042277,36.907447],[122.028805,36.941762],[122.010617,36.968491],[121.96742,36.964259],[121.95298,36.942131],[121.85949,36.915438],[121.762706,36.883166],[121.747946,36.854848],[121.750591,36.844239],[121.696445,36.825368],[121.659596,36.821979],[121.619092,36.799944],[121.638237,36.737855],[121.602723,36.741247],[121.598708,36.766629],[121.550894,36.765061],[121.547242,36.751507],[121.501398,36.762551],[121.479389,36.778274],[121.490179,36.789018],[121.52506,36.803275],[121.547235,36.801775],[121.571838,36.840642],[121.52708,36.824285],[121.51635,36.810314],[121.470004,36.781482],[121.454027,36.783428],[121.431645,36.796519],[121.426422,36.790894],[121.402455,36.788003],[121.396284,36.794208],[121.396286,36.803254],[121.384439,36.811319],[121.380944,36.829321],[121.362797,36.83995],[121.354069,36.850871],[121.355093,36.866278],[121.376684,36.882733],[121.366391,36.885425],[121.360415,36.892113],[121.358253,36.897184],[121.363334,36.904814],[121.35765,36.921918],[121.338642,36.91946],[121.326069,36.909125],[121.310714,36.905871],[121.2961,36.918501],[121.277588,36.914903],[121.270578,36.925678],[121.257042,36.927684],[121.24417,36.941763],[121.242787,36.944705],[121.250641,36.949413],[121.229847,36.956127],[121.221465,36.967209],[121.224739,36.975384],[121.21907,36.986661],[121.204901,36.984908],[121.197854,36.992408],[121.174617,36.998177],[121.170322,37.006809],[121.174084,37.013704],[121.192649,37.020274],[121.18631,37.039429],[121.197358,37.046841],[121.189698,37.054602],[121.186981,37.065135],[121.192695,37.07089],[121.211742,37.079338],[121.21871,37.088361],[121.238293,37.09238],[121.251002,37.112913],[121.287043,37.131029],[121.294808,37.144252],[121.310219,37.144706],[121.314201,37.132858],[121.334444,37.127089],[121.345673,37.136984],[121.35392,37.13768],[121.358618,37.128552],[121.353242,37.124934],[121.346092,37.128337],[121.349782,37.120676],[121.393233,37.095608],[121.407653,37.100124],[121.422573,37.096746],[121.424175,37.105553],[121.443004,37.126514],[121.476737,37.11696],[121.497342,37.104567],[121.514915,37.102573],[121.556623,37.11494],[121.577491,37.108956],[121.586265,37.125195],[121.580643,37.131749],[121.586979,37.14409],[121.596327,37.143541],[121.601374,37.130935],[121.606729,37.127991],[121.616784,37.129327],[121.625562,37.136208],[121.635378,37.135248],[121.651533,37.120206],[121.663673,37.115622],[121.6754,37.122374],[121.678993,37.132163],[121.676289,37.139238],[121.681191,37.144819],[121.689185,37.141396],[121.695792,37.123715],[121.709959,37.121254],[121.733181,37.128188],[121.732772,37.135456],[121.746476,37.140489],[121.748011,37.154633],[121.758752,37.161066],[121.762056,37.169974],[121.759173,37.178296],[121.749579,37.17069],[121.74399,37.182028],[121.747237,37.176328],[121.755738,37.178071],[121.764287,37.19601],[121.75661,37.217188],[121.74967,37.211252],[121.741738,37.224287],[121.74247,37.240561],[121.756119,37.247594],[121.770968,37.24758],[121.783933,37.271106],[121.790083,37.293833],[121.787093,37.301535],[121.805492,37.298151],[121.818576,37.302729],[121.831568,37.319213],[121.854972,37.328415],[121.858306,37.332037],[121.865605,37.330772],[121.856879,37.34311],[121.86387,37.349515],[121.862432,37.36199],[121.876364,37.369198],[121.887183,37.388008],[121.88697,37.395002],[121.910966,37.411385],[121.917847,37.435351],[121.927302,37.449126],[121.920213,37.468646],[121.959992,37.47394],[121.992651,37.488727],[122.026582,37.524939],[122.074347,37.538067],[122.072821,37.555321],[122.10316,37.541761],[122.134445,37.555554]]]]}},{"type":"Feature","properties":{"name":"秦皇岛市","code":"130300","gb":"156130300","province":"河北省","label":[119.1843080645706,40.08761513629141]},"geometry":{"type":"MultiPolygon","coordinates":[[[[119.149559,40.60191],[119.1549,40.597565],[119.176018,40.609817],[119.220772,40.604893],[119.233978,40.599148],[119.230072,40.591],[119.218658,40.583031],[119.213371,40.568497],[119.223946,40.557297],[119.248894,40.545918],[119.252831,40.534538],[119.263336,40.534538],[119.27034,40.539352],[119.285217,40.535851],[119.289154,40.525787],[119.318046,40.534538],[119.331215,40.526489],[119.337555,40.534149],[119.371902,40.548153],[119.385376,40.541019],[119.376923,40.532036],[119.385376,40.523846],[119.397263,40.525433],[119.397797,40.534679],[119.429497,40.541283],[119.437958,40.531773],[119.445877,40.529396],[119.454864,40.536793],[119.467018,40.533356],[119.477852,40.522789],[119.495552,40.552116],[119.512726,40.545776],[119.527519,40.552116],[119.537559,40.547359],[119.545227,40.536793],[119.56002,40.533356],[119.560288,40.527546],[119.5476,40.521469],[119.539413,40.509842],[119.543907,40.503765],[119.557381,40.499802],[119.559494,40.490818],[119.555,40.487122],[119.591873,40.463696],[119.592705,40.446678],[119.58036,40.435505],[119.583199,40.426331],[119.590538,40.423161],[119.586533,40.413151],[119.590538,40.405643],[119.587204,40.391464],[119.576858,40.387463],[119.57119,40.375786],[119.596046,40.361443],[119.5802,40.342091],[119.601883,40.331749],[119.60672,40.325912],[119.604669,40.317935],[119.607521,40.303299],[119.634819,40.289227],[119.644386,40.270653],[119.627502,40.249828],[119.615684,40.224781],[119.622719,40.221123],[119.632004,40.229847],[119.64045,40.227596],[119.663284,40.237644],[119.675377,40.214886],[119.741424,40.189537],[119.746323,40.179329],[119.748688,40.13353],[119.745018,40.119858],[119.73261,40.110055],[119.726784,40.103367],[119.746963,40.086872],[119.764038,40.08086],[119.751618,40.065723],[119.76326,40.046906],[119.768112,40.049038],[119.787705,40.037979],[119.804199,40.044384],[119.809242,40.050785],[119.816421,40.045933],[119.827675,40.048264],[119.836792,40.035652],[119.846687,40.030411],[119.841644,40.015861],[119.832329,40.004993],[119.846569,39.989752],[119.832522,39.978163],[119.800009,39.977045],[119.779168,39.953864],[119.749679,39.952653],[119.715909,39.941764],[119.710464,39.9354],[119.673882,39.936534],[119.616414,39.910702],[119.564879,39.907486],[119.530626,39.886057],[119.519661,39.848871],[119.529785,39.825962],[119.521555,39.814218],[119.461217,39.811609],[119.422995,39.790527],[119.403799,39.785407],[119.410992,39.779109],[119.360283,39.74342],[119.344657,39.720188],[119.299806,39.610889],[119.254963,39.518359],[119.265487,39.490409],[119.294832,39.460458],[119.304738,39.432423],[119.278771,39.422313],[119.265356,39.422289],[119.245853,39.432034],[119.217943,39.454679],[119.188943,39.456452],[119.161939,39.470229],[119.128479,39.461609],[119.063702,39.475975],[119.048055,39.461343],[119.03813,39.459519],[118.998835,39.466265],[119.001552,39.475255],[119.00954,39.480633],[119.005887,39.504059],[119.001248,39.508034],[118.954887,39.51663],[118.960982,39.52676],[118.977074,39.531145],[118.977338,39.537792],[118.939372,39.543715],[118.93828,39.557155],[118.889345,39.545988],[118.879355,39.551335],[118.876233,39.565845],[118.855477,39.573681],[118.853252,39.585635],[118.845464,39.589111],[118.841489,39.605109],[118.845635,39.623471],[118.818808,39.648197],[118.822011,39.651807],[118.819096,39.661867],[118.816274,39.667818],[118.807534,39.669873],[118.798143,39.678749],[118.788944,39.696349],[118.785584,39.715398],[118.78055,39.714579],[118.778318,39.720338],[118.769659,39.76244],[118.773142,39.766841],[118.788117,39.769497],[118.793971,39.772491],[118.792914,39.789686],[118.818645,39.795999],[118.810431,39.806391],[118.810283,39.821566],[118.820677,39.835158],[118.825628,39.858912],[118.830487,39.864065],[118.847647,39.880369],[118.860226,39.929716],[118.874666,39.93601],[118.881879,39.950854],[118.877489,40.006053],[118.858017,40.029328],[118.863675,40.047678],[118.857315,40.05796],[118.89978,40.088468],[118.914995,40.09039],[118.922309,40.099687],[118.917339,40.111822],[118.919415,40.123634],[118.91459,40.126392],[118.918723,40.148092],[118.903102,40.157807],[118.90736,40.163901],[118.904083,40.168099],[118.883735,40.166817],[118.856853,40.180922],[118.823392,40.17826],[118.811611,40.191403],[118.780487,40.210833],[118.770611,40.19302],[118.73746,40.190118],[118.739971,40.206816],[118.73375,40.211572],[118.719947,40.212078],[118.709967,40.217755],[118.701508,40.214815],[118.670459,40.233153],[118.657083,40.246002],[118.621695,40.251827],[118.602864,40.253188],[118.607531,40.261304],[118.599562,40.266368],[118.588271,40.268759],[118.579893,40.26269],[118.566839,40.266188],[118.561579,40.283125],[118.569071,40.291214],[118.579156,40.288133],[118.58023,40.292605],[118.568927,40.295067],[118.571795,40.307043],[118.591115,40.307522],[118.604281,40.318738],[118.605963,40.328389],[118.630807,40.347774],[118.634156,40.361317],[118.646426,40.369912],[118.62369,40.394089],[118.627944,40.413543],[118.614098,40.414364],[118.603256,40.427464],[118.630027,40.448781],[118.65745,40.44697],[118.673615,40.473561],[118.693652,40.490125],[118.717377,40.472421],[118.766814,40.478362],[118.786013,40.491047],[118.784264,40.494744],[118.793681,40.515218],[118.815264,40.530627],[118.856845,40.526584],[118.881505,40.541217],[118.913412,40.529627],[118.933496,40.532633],[118.953014,40.530044],[118.959969,40.535291],[118.950573,40.555249],[118.976905,40.564074],[118.979504,40.571815],[118.988988,40.576539],[119.0048,40.576332],[119.016525,40.58604],[119.030211,40.588089],[119.05653,40.604458],[119.06442,40.603744],[119.071406,40.589348],[119.080853,40.587095],[119.102418,40.601993],[119.128527,40.60387],[119.142868,40.612839],[119.150567,40.612963],[119.149559,40.60191]]]]}},{"type":"Feature","properties":{"name":"铁岭市","code":"211200","gb":"156211200","province":"辽宁省","label":[124.17049895333959,42.64249220591521]},"geometry":{"type":"MultiPolygon","coordinates":[[[[123.848099,43.434685],[123.844612,43.403259],[123.858574,43.392284],[123.884025,43.386959],[123.891106,43.379833],[123.893493,43.375324],[123.887512,43.358364],[123.903473,43.354874],[123.917946,43.357571],[123.930428,43.351398],[124.024689,43.277554],[124.037163,43.285534],[124.092529,43.291519],[124.091537,43.278549],[124.108993,43.272564],[124.107002,43.244129],[124.144402,43.249142],[124.153214,43.242512],[124.187729,43.240959],[124.200256,43.249908],[124.212181,43.252213],[124.209686,43.24419],[124.221298,43.241222],[124.224449,43.233894],[124.2323,43.229778],[124.253797,43.230221],[124.27478,43.226871],[124.274727,43.210487],[124.279717,43.203716],[124.272545,43.198948],[124.270096,43.192673],[124.274017,43.18626],[124.265823,43.175571],[124.274376,43.165241],[124.292183,43.155441],[124.284828,43.151085],[124.294762,43.14571],[124.301094,43.151882],[124.31955,43.140285],[124.331017,43.126942],[124.347657,43.120908],[124.357742,43.118034],[124.388733,43.089535],[124.417595,43.073143],[124.324966,42.994053],[124.36618,42.967995],[124.394081,42.968044],[124.406906,42.973743],[124.415459,42.971962],[124.432556,42.956287],[124.429474,42.940269],[124.411262,42.922173],[124.366036,42.906044],[124.360008,42.900543],[124.35858,42.889608],[124.363441,42.878086],[124.402275,42.876659],[124.417786,42.871025],[124.4272,42.877422],[124.432915,42.872387],[124.429703,42.864548],[124.437736,42.861614],[124.445168,42.848545],[124.443741,42.823544],[124.459233,42.820637],[124.464561,42.82449],[124.460083,42.84053],[124.466957,42.852184],[124.485481,42.860504],[124.488274,42.855919],[124.494049,42.858112],[124.493652,42.862297],[124.506599,42.870663],[124.524338,42.869072],[124.531105,42.864288],[124.535889,42.883217],[124.578529,42.902344],[124.595261,42.919678],[124.600044,42.935017],[124.613991,42.938206],[124.614792,42.946175],[124.63073,42.952152],[124.625549,42.956535],[124.627937,42.970085],[124.639496,42.973671],[124.651848,42.969685],[124.669777,42.999172],[124.667786,43.028263],[124.682129,43.050976],[124.710823,43.066517],[124.741501,43.066914],[124.747086,43.0709],[124.750671,43.083649],[124.777367,43.101982],[124.778168,43.114731],[124.792511,43.119514],[124.801224,43.11364],[124.83355,43.123898],[124.849892,43.116325],[124.872207,43.126686],[124.886368,43.127714],[124.88652,43.116058],[124.879799,43.112392],[124.872337,43.094326],[124.873581,43.082787],[124.883141,43.074951],[124.870079,43.066223],[124.868576,43.057331],[124.852325,43.047558],[124.854569,43.03854],[124.851357,43.03223],[124.839836,43.032845],[124.830551,43.019398],[124.853142,43.000988],[124.853935,42.988808],[124.862915,42.97773],[124.859528,42.973488],[124.862167,42.955975],[124.855316,42.926395],[124.859558,42.914558],[124.84848,42.897049],[124.851379,42.888695],[124.842682,42.862595],[124.845001,42.844818],[124.850578,42.836544],[124.849396,42.821945],[124.86483,42.788246],[124.874588,42.785412],[124.89286,42.785725],[124.903252,42.799267],[124.903565,42.812809],[124.911438,42.815643],[124.921203,42.816589],[124.936005,42.808086],[124.967499,42.799267],[124.967499,42.784779],[124.981361,42.776592],[124.985069,42.76453],[124.980415,42.757381],[124.974426,42.757694],[124.971908,42.750137],[124.987968,42.742577],[124.981041,42.724941],[124.970963,42.7262],[124.960258,42.719902],[124.968132,42.715492],[124.964035,42.710453],[124.975662,42.703423],[124.981545,42.691681],[124.978165,42.684715],[124.957108,42.674549],[124.966873,42.670456],[124.986397,42.673603],[125.006867,42.662582],[125.011276,42.650929],[125.002777,42.629826],[125.020409,42.620064],[125.021988,42.613766],[125.030487,42.61219],[125.048685,42.620764],[125.072548,42.62286],[125.088478,42.61924],[125.091133,42.610069],[125.087753,42.597279],[125.073761,42.585453],[125.079071,42.582073],[125.082932,42.569527],[125.068191,42.555973],[125.068626,42.536785],[125.05896,42.532745],[125.082764,42.510815],[125.072807,42.510384],[125.05867,42.499706],[125.060982,42.496532],[125.077133,42.497829],[125.096252,42.487984],[125.100452,42.47529],[125.092358,42.475504],[125.06717,42.450101],[125.029755,42.435796],[125.03022,42.418275],[125.035316,42.412198],[125.033333,42.40561],[124.995101,42.397001],[124.99166,42.390287],[124.998588,42.376771],[124.996726,42.372575],[124.978942,42.37708],[124.966147,42.367078],[124.953146,42.368344],[124.950209,42.373105],[124.954863,42.38265],[124.938925,42.398695],[124.927755,42.400907],[124.905653,42.394506],[124.892858,42.396551],[124.880658,42.408064],[124.863423,42.407301],[124.816126,42.416109],[124.8134,42.40842],[124.800129,42.413664],[124.786472,42.410895],[124.769651,42.397118],[124.768542,42.380995],[124.780116,42.380075],[124.789851,42.356035],[124.782184,42.337705],[124.776256,42.335557],[124.754161,42.339212],[124.732645,42.336607],[124.714655,42.323477],[124.69118,42.315457],[124.645752,42.313657],[124.620366,42.325202],[124.620408,42.332565],[124.62835,42.344629],[124.599874,42.343216],[124.588356,42.349016],[124.568511,42.349242],[124.564858,42.330975],[124.572036,42.325351],[124.572846,42.318766],[124.559251,42.304071],[124.546388,42.264147],[124.535752,42.264874],[124.526064,42.24824],[124.517867,42.245942],[124.509436,42.236574],[124.521527,42.226292],[124.522878,42.219289],[124.514566,42.211335],[124.52766,42.193258],[124.531191,42.18001],[124.551454,42.171026],[124.56141,42.151477],[124.546767,42.145869],[124.535716,42.132179],[124.533473,42.126578],[124.548204,42.121238],[124.548002,42.117004],[124.513104,42.082927],[124.445715,42.067845],[124.404891,42.042895],[124.361006,42.029456],[124.35884,42.021991],[124.363013,42.018374],[124.336052,42.006972],[124.331381,42.014113],[124.317083,42.014243],[124.289006,42.003497],[124.274144,42.005038],[124.27715,42.022357],[124.259053,42.059787],[124.241359,42.069706],[124.233884,42.057869],[124.214222,42.052593],[124.184811,42.061573],[124.154514,42.053783],[124.146274,42.063095],[124.096194,42.070793],[124.086956,42.069319],[124.081286,42.062378],[124.054277,42.064186],[124.048997,42.059879],[124.049226,42.050083],[124.038446,42.052086],[124.034333,42.046089],[124.039232,42.035786],[124.036843,42.028976],[124.010823,42.012768],[124.000313,42.010875],[123.993622,42.002159],[123.957085,42.002956],[123.94561,42.012832],[123.879706,42.031517],[123.84316,42.017857],[123.814207,42.015927],[123.819341,42.002483],[123.79985,41.992063],[123.784286,41.98739],[123.758446,41.997447],[123.757538,42.015814],[123.769756,42.021513],[123.787827,42.011866],[123.797985,42.015627],[123.807756,42.028502],[123.805612,42.048296],[123.797898,42.057554],[123.788995,42.05831],[123.785828,42.047335],[123.776643,42.03686],[123.746621,42.050852],[123.749489,42.055903],[123.740265,42.063315],[123.729971,42.063145],[123.72374,42.072581],[123.687805,42.093577],[123.648803,42.092558],[123.613586,42.114172],[123.536017,42.144889],[123.536139,42.180671],[123.532957,42.186999],[123.505155,42.189559],[123.478864,42.179541],[123.470884,42.185538],[123.464115,42.184908],[123.443425,42.202346],[123.444692,42.207168],[123.45918,42.227809],[123.470632,42.230735],[123.462491,42.247333],[123.475706,42.270778],[123.504141,42.278026],[123.510109,42.287222],[123.506925,42.307788],[123.516073,42.319049],[123.521368,42.319572],[123.522665,42.33654],[123.510377,42.347137],[123.494047,42.359348],[123.481931,42.360729],[123.459791,42.37891],[123.468496,42.393871],[123.465765,42.396],[123.468664,42.40453],[123.472868,42.406074],[123.468458,42.415073],[123.448934,42.43034],[123.448819,42.43953],[123.473051,42.462502],[123.491392,42.462597],[123.503363,42.467701],[123.516455,42.485192],[123.531652,42.484471],[123.551962,42.491707],[123.566466,42.504067],[123.578681,42.500756],[123.578177,42.510323],[123.603057,42.507145],[123.611014,42.523079],[123.606368,42.524418],[123.60781,42.532231],[123.616462,42.532021],[123.621627,42.54308],[123.637641,42.550881],[123.658149,42.549672],[123.66101,42.54538],[123.657592,42.533269],[123.662651,42.527955],[123.651857,42.518934],[123.673054,42.514248],[123.677444,42.507676],[123.708038,42.534321],[123.746768,42.540766],[123.753594,42.546788],[123.750168,42.555489],[123.722494,42.550489],[123.716827,42.555119],[123.716522,42.56527],[123.693504,42.572953],[123.687805,42.589929],[123.690132,42.600427],[123.655761,42.604577],[123.645027,42.614102],[123.64186,42.63289],[123.625442,42.640039],[123.612781,42.655087],[123.61299,42.671975],[123.607238,42.673356],[123.584578,42.662133],[123.576819,42.672132],[123.577918,42.677087],[123.586341,42.678373],[123.589652,42.684007],[123.566153,42.689432],[123.562613,42.69449],[123.563933,42.701002],[123.571677,42.699907],[123.574339,42.705888],[123.560133,42.715139],[123.572516,42.733965],[123.575942,42.77078],[123.588584,42.771288],[123.596686,42.777181],[123.585417,42.79162],[123.591491,42.800684],[123.599715,42.834814],[123.588347,42.852068],[123.598044,42.868208],[123.578009,42.877947],[123.597098,42.895933],[123.59452,42.902621],[123.581046,42.90663],[123.578391,42.917031],[123.589827,42.924243],[123.591345,42.934908],[123.57611,42.944811],[123.55583,42.950972],[123.541411,42.973059],[123.54299,42.983149],[123.552397,42.982901],[123.56114,42.988269],[123.555597,43.006583],[123.561035,42.999268],[123.577827,42.997746],[123.571488,43.010033],[123.598404,43.040588],[123.609367,43.041256],[123.606766,43.046127],[123.597435,43.047028],[123.595451,43.059219],[123.612358,43.074188],[123.623756,43.077591],[123.630997,43.100338],[123.634308,43.140366],[123.645172,43.145386],[123.65123,43.176407],[123.661934,43.177761],[123.665039,43.184338],[123.665322,43.190746],[123.647331,43.201702],[123.646316,43.207226],[123.65451,43.215515],[123.667236,43.219803],[123.676216,43.245716],[123.66198,43.256813],[123.652878,43.256569],[123.654717,43.262711],[123.6921,43.271465],[123.699257,43.277252],[123.679443,43.28299],[123.682175,43.287964],[123.696655,43.296104],[123.692978,43.305126],[123.714539,43.31012],[123.701568,43.321651],[123.704292,43.3335],[123.699341,43.342094],[123.711868,43.35532],[123.694008,43.356197],[123.696838,43.370869],[123.694954,43.377254],[123.700569,43.383308],[123.697693,43.389332],[123.708199,43.420242],[123.71566,43.418465],[123.729767,43.424545],[123.726143,43.434715],[123.740959,43.435509],[123.740944,43.449024],[123.764842,43.47475],[123.778458,43.47707],[123.783875,43.487659],[123.817864,43.468449],[123.842957,43.466576],[123.864067,43.448154],[123.848099,43.434685]]]]}},{"type":"Feature","properties":{"name":"大同市","code":"140200","gb":"156140200","province":"山西省","label":[113.72051604147751,39.89991700014899]},"geometry":{"type":"MultiPolygon","coordinates":[[[[114.124878,40.743649],[114.138351,40.731094],[114.156349,40.700424],[114.165748,40.694908],[114.164131,40.686153],[114.173157,40.673576],[114.194885,40.646389],[114.206024,40.638477],[114.208077,40.632614],[114.20163,40.627338],[114.203682,40.621475],[114.223023,40.606232],[114.243546,40.604179],[114.252922,40.610043],[114.266113,40.597145],[114.27549,40.595097],[114.279305,40.58337],[114.269043,40.574577],[114.265526,40.5523],[114.284577,40.549664],[114.288971,40.536472],[114.278419,40.52504],[114.277542,40.508625],[114.271683,40.499538],[114.274323,40.493385],[114.265526,40.487816],[114.259666,40.471985],[114.263763,40.45821],[114.275787,40.457916],[114.279007,40.44883],[114.290443,40.442966],[114.291023,40.43652],[114.280472,40.429192],[114.279007,40.422745],[114.296678,40.388685],[114.298057,40.36705],[114.305977,40.361481],[114.343922,40.366555],[114.360786,40.358845],[114.372803,40.36031],[114.375443,40.352688],[114.390099,40.348293],[114.411934,40.364708],[114.426887,40.363239],[114.438904,40.371155],[114.4562,40.359138],[114.462936,40.34536],[114.469093,40.342724],[114.489029,40.346241],[114.503685,40.355911],[114.524445,40.342129],[114.515388,40.32634],[114.519012,40.316364],[114.513397,40.305668],[114.494354,40.292069],[114.487648,40.276291],[114.4813,40.271397],[114.472053,40.272667],[114.472778,40.266499],[114.449031,40.25338],[114.423271,40.248184],[114.41584,40.250179],[114.406952,40.241657],[114.379028,40.237488],[114.357452,40.246372],[114.342026,40.246655],[114.32206,40.236149],[114.305878,40.235897],[114.30014,40.224922],[114.285172,40.229198],[114.269135,40.221714],[114.26165,40.22332],[114.25898,40.230801],[114.251495,40.234543],[114.232254,40.21637],[114.220497,40.211025],[114.229874,40.200783],[114.222099,40.192848],[114.213547,40.196056],[114.206596,40.188038],[114.188423,40.190712],[114.163994,40.18663],[114.139778,40.174675],[114.122047,40.172493],[114.113052,40.176277],[114.114655,40.185902],[114.097015,40.19178],[114.061737,40.185368],[114.059433,40.177021],[114.075768,40.129547],[114.092476,40.106381],[114.093613,40.097267],[114.082222,40.073338],[114.074241,40.068779],[114.051079,40.064983],[114.035889,40.05473],[114.027153,40.062325],[114.02639,40.076756],[114.010422,40.10091],[114.000524,40.104552],[113.971703,40.109798],[113.966004,40.096504],[113.972999,40.06937],[113.952331,40.032452],[113.940491,40.026279],[113.909691,40.023437],[113.904129,40.017601],[113.904198,40.010742],[113.90818,40.004951],[113.917374,40.002338],[113.934868,40.003303],[113.966766,39.993961],[113.995369,39.998756],[114.016472,39.992413],[114.022247,39.976387],[114.021591,39.958054],[114.042282,39.915474],[114.047203,39.920208],[114.06102,39.920975],[114.080055,39.90937],[114.0961,39.911495],[114.167564,39.896347],[114.205234,39.912985],[114.210663,39.913319],[114.216804,39.907227],[114.220245,39.895615],[114.195747,39.88311],[114.191544,39.873547],[114.216782,39.849838],[114.220604,39.857487],[114.259613,39.866283],[114.269173,39.872402],[114.278351,39.868576],[114.278351,39.856339],[114.281792,39.855576],[114.319656,39.863224],[114.339538,39.860546],[114.373787,39.867378],[114.384956,39.865295],[114.393097,39.847301],[114.390114,39.841602],[114.39846,39.830315],[114.382263,39.817062],[114.389137,39.81068],[114.389626,39.800865],[114.400917,39.780739],[114.406311,39.781723],[114.410728,39.775833],[114.401405,39.767979],[114.405823,39.748344],[114.395516,39.735584],[114.40126,39.729809],[114.399696,39.658382],[114.40435,39.645953],[114.431442,39.610012],[114.468414,39.612507],[114.48954,39.607025],[114.497994,39.598423],[114.497513,39.583424],[114.507851,39.565327],[114.524338,39.565529],[114.551803,39.578255],[114.560417,39.572224],[114.555564,39.555488],[114.548355,39.531719],[114.53112,39.510178],[114.524239,39.488396],[114.496216,39.468624],[114.490578,39.437431],[114.467285,39.40617],[114.461197,39.354649],[114.472206,39.348793],[114.471733,39.344345],[114.459328,39.335915],[114.458153,39.327717],[114.444801,39.327484],[114.440826,39.318817],[114.430519,39.317413],[114.422325,39.304768],[114.425598,39.292355],[114.416939,39.283688],[114.417641,39.275257],[114.429817,39.258633],[114.407837,39.240971],[114.426354,39.228142],[114.459442,39.224087],[114.465996,39.218235],[114.468109,39.21402],[114.462112,39.191864],[114.456398,39.18615],[114.439453,39.189838],[114.435318,39.172333],[114.414009,39.170929],[114.399254,39.176548],[114.375366,39.172333],[114.368111,39.155941],[114.371933,39.147057],[114.352417,39.139313],[114.361633,39.119431],[114.361458,39.105301],[114.341359,39.07643],[114.313484,39.069813],[114.29258,39.077324],[114.261231,39.069813],[114.244903,39.071774],[114.234123,39.064587],[114.208,39.06263],[114.207672,39.054138],[114.200813,39.048912],[114.18383,39.049564],[114.167831,39.061321],[114.160316,39.062302],[114.15052,39.050873],[114.132881,39.045975],[114.114921,39.047932],[114.103821,39.054138],[114.10186,39.072426],[114.08847,39.085487],[114.077042,39.091694],[114.056793,39.093002],[114.05777,39.103779],[114.037201,39.13121],[113.998337,39.118473],[113.989845,39.107368],[113.988869,39.098225],[113.978416,39.089733],[113.968941,39.089733],[113.957604,39.099232],[113.941696,39.131288],[113.945515,39.15245],[113.938597,39.164434],[113.939163,39.182799],[113.930083,39.190454],[113.932617,39.209811],[113.953677,39.220856],[113.949792,39.250267],[113.958695,39.256065],[113.961925,39.267419],[113.955268,39.283499],[113.939784,39.296126],[113.923833,39.319147],[113.905616,39.327637],[113.884948,39.347942],[113.895652,39.364176],[113.894249,39.372469],[113.876096,39.371438],[113.872366,39.379541],[113.841846,39.36405],[113.799461,39.373392],[113.785593,39.370269],[113.768494,39.38204],[113.754626,39.407285],[113.73253,39.417205],[113.714152,39.420579],[113.672807,39.41644],[113.656429,39.428696],[113.639155,39.429628],[113.606089,39.416698],[113.594745,39.417595],[113.577017,39.426428],[113.577144,39.432383],[113.56448,39.438832],[113.50518,39.483309],[113.501434,39.50513],[113.509228,39.521056],[113.49698,39.52436],[113.493411,39.53355],[113.458541,39.556809],[113.445668,39.580639],[113.419814,39.574986],[113.414364,39.578356],[113.412639,39.587455],[113.42024,39.592043],[113.420316,39.604182],[113.396995,39.61788],[113.390777,39.631897],[113.37199,39.649437],[113.386602,39.665478],[113.375683,39.678994],[113.389677,39.691488],[113.388032,39.694322],[113.403456,39.711917],[113.403726,39.719654],[113.39755,39.726787],[113.400218,39.728545],[113.379596,39.745782],[113.334056,39.769233],[113.321756,39.79777],[113.339086,39.799991],[113.364725,39.835115],[113.386063,39.835093],[113.435313,39.849564],[113.394044,39.888857],[113.379994,39.88904],[113.372605,39.905276],[113.347975,39.903545],[113.321581,39.930866],[113.29529,39.933754],[113.286648,39.94722],[113.23483,39.957104],[113.225829,39.957089],[113.196977,39.940949],[113.162981,39.914311],[113.140493,39.903736],[113.111428,39.903778],[113.048435,39.919027],[113.027646,39.916529],[113.019173,39.91066],[113.00315,39.918257],[112.972631,39.919477],[112.945772,39.911911],[112.935132,39.903981],[112.934334,39.896835],[112.934625,39.889439],[112.946988,39.884969],[112.960108,39.869546],[112.951582,39.853352],[112.930986,39.855474],[112.92671,39.839761],[112.911053,39.837639],[112.908115,39.830376],[112.880532,39.819629],[112.874921,39.811385],[112.853668,39.799552],[112.815855,39.803948],[112.79922,39.792613],[112.79821,39.783107],[112.803183,39.774131],[112.787644,39.778694],[112.747648,39.777713],[112.743538,39.773062],[112.748391,39.758989],[112.742577,39.75635],[112.714295,39.765766],[112.704642,39.774285],[112.683718,39.772718],[112.670445,39.754946],[112.642261,39.750487],[112.616699,39.753798],[112.60902,39.763392],[112.614606,39.78038],[112.615635,39.814128],[112.597521,39.818445],[112.588212,39.838361],[112.601004,39.87439],[112.601064,39.885025],[112.592607,39.895106],[112.597571,39.905462],[112.594126,39.927309],[112.610523,39.942397],[112.630156,40.008041],[112.639709,40.018979],[112.63948,40.030676],[112.630664,40.035882],[112.626587,40.052556],[112.616392,40.056813],[112.604025,40.07838],[112.605241,40.083791],[112.61572,40.08903],[112.606308,40.094892],[112.585781,40.09815],[112.578548,40.108181],[112.589187,40.113795],[112.580498,40.123515],[112.573096,40.143581],[112.574131,40.15591],[112.587282,40.164825],[112.615267,40.162063],[112.626248,40.167875],[112.620487,40.170086],[112.617455,40.182615],[112.601948,40.192233],[112.595146,40.20469],[112.608153,40.219909],[112.619435,40.221424],[112.617771,40.235848],[112.721825,40.167042],[112.73764,40.166225],[112.838333,40.202843],[112.865311,40.257229],[112.883812,40.304146],[112.886299,40.325386],[112.974069,40.353776],[113.026085,40.36763],[113.080147,40.374352],[113.163605,40.394642],[113.215332,40.402245],[113.244346,40.412167],[113.277664,40.376759],[113.302933,40.32732],[113.31633,40.317493],[113.337372,40.320866],[113.380402,40.317764],[113.478909,40.33199],[113.553078,40.347542],[113.577423,40.370174],[113.630379,40.407742],[113.661194,40.422638],[113.673721,40.442799],[113.762055,40.475803],[113.783874,40.501255],[113.787979,40.516727],[113.826012,40.48587],[113.844353,40.459473],[113.856819,40.455357],[113.88356,40.465378],[113.924385,40.492275],[113.946094,40.514869],[113.971962,40.522228],[114.004715,40.514561],[114.0551,40.52739],[114.070007,40.540905],[114.075096,40.563953],[114.07003,40.574322],[114.044144,40.591579],[114.035004,40.607239],[114.04985,40.626831],[114.063614,40.65876],[114.065872,40.677593],[114.061981,40.690769],[114.052391,40.702045],[114.05368,40.720062],[114.085419,40.738934],[114.106003,40.733357],[114.124878,40.743649]]]]}},{"type":"Feature","properties":{"name":"沈阳市","code":"210100","gb":"156210100","province":"辽宁省","label":[123.13836644721047,42.094999778444944]},"geometry":{"type":"MultiPolygon","coordinates":[[[[123.56114,42.988269],[123.552397,42.982901],[123.54299,42.983149],[123.541411,42.973059],[123.55583,42.950972],[123.57611,42.944811],[123.591345,42.934908],[123.589827,42.924243],[123.578391,42.917031],[123.581046,42.90663],[123.59452,42.902621],[123.597098,42.895933],[123.578009,42.877947],[123.598044,42.868208],[123.588347,42.852068],[123.599715,42.834814],[123.591491,42.800684],[123.585417,42.79162],[123.596686,42.777181],[123.588584,42.771288],[123.575942,42.77078],[123.572516,42.733965],[123.560133,42.715139],[123.574339,42.705888],[123.571677,42.699907],[123.563933,42.701002],[123.562613,42.69449],[123.566153,42.689432],[123.589652,42.684007],[123.586341,42.678373],[123.577918,42.677087],[123.576819,42.672132],[123.584578,42.662133],[123.607238,42.673356],[123.61299,42.671975],[123.612781,42.655087],[123.625442,42.640039],[123.64186,42.63289],[123.645027,42.614102],[123.655761,42.604577],[123.690132,42.600427],[123.687805,42.589929],[123.693504,42.572953],[123.716522,42.56527],[123.716827,42.555119],[123.722494,42.550489],[123.750168,42.555489],[123.753594,42.546788],[123.746768,42.540766],[123.708038,42.534321],[123.677444,42.507676],[123.673054,42.514248],[123.651857,42.518934],[123.662651,42.527955],[123.657592,42.533269],[123.66101,42.54538],[123.658149,42.549672],[123.637641,42.550881],[123.621627,42.54308],[123.616462,42.532021],[123.60781,42.532231],[123.606368,42.524418],[123.611014,42.523079],[123.603057,42.507145],[123.578177,42.510323],[123.578681,42.500756],[123.566466,42.504067],[123.551962,42.491707],[123.531652,42.484471],[123.516455,42.485192],[123.503363,42.467701],[123.491392,42.462597],[123.473051,42.462502],[123.448819,42.43953],[123.448934,42.43034],[123.468458,42.415073],[123.472868,42.406074],[123.468664,42.40453],[123.465765,42.396],[123.468496,42.393871],[123.459791,42.37891],[123.481931,42.360729],[123.494047,42.359348],[123.510377,42.347137],[123.522665,42.33654],[123.521368,42.319572],[123.516073,42.319049],[123.506925,42.307788],[123.510109,42.287222],[123.504141,42.278026],[123.475706,42.270778],[123.462491,42.247333],[123.470632,42.230735],[123.45918,42.227809],[123.444692,42.207168],[123.443425,42.202346],[123.464115,42.184908],[123.470884,42.185538],[123.478864,42.179541],[123.505155,42.189559],[123.532957,42.186999],[123.536139,42.180671],[123.536017,42.144889],[123.613586,42.114172],[123.648803,42.092558],[123.687805,42.093577],[123.72374,42.072581],[123.729971,42.063145],[123.740265,42.063315],[123.749489,42.055903],[123.746621,42.050852],[123.776643,42.03686],[123.785828,42.047335],[123.788995,42.05831],[123.797898,42.057554],[123.805612,42.048296],[123.807756,42.028502],[123.797985,42.015627],[123.787827,42.011866],[123.769756,42.021513],[123.757538,42.015814],[123.758446,41.997447],[123.784286,41.98739],[123.769533,41.970068],[123.740374,41.968096],[123.722322,41.960089],[123.720865,41.956221],[123.724664,41.953936],[123.717454,41.943114],[123.731919,41.91667],[123.722726,41.905035],[123.722749,41.896067],[123.709954,41.88991],[123.73314,41.877977],[123.733986,41.862837],[123.702598,41.84104],[123.668762,41.834421],[123.669166,41.826254],[123.674545,41.823401],[123.679527,41.808771],[123.657943,41.796336],[123.663817,41.783335],[123.685584,41.781473],[123.71128,41.772623],[123.739868,41.781606],[123.757377,41.777528],[123.749847,41.7917],[123.751488,41.795377],[123.776398,41.791582],[123.778435,41.781846],[123.76651,41.771394],[123.782913,41.766256],[123.776123,41.749715],[123.795287,41.726815],[123.795043,41.717717],[123.806144,41.70712],[123.802337,41.694138],[123.784362,41.683377],[123.785574,41.670705],[123.773192,41.653909],[123.746832,41.639299],[123.745191,41.634023],[123.753561,41.61735],[123.758062,41.616784],[123.764402,41.606542],[123.786028,41.596793],[123.775602,41.588799],[123.716038,41.566632],[123.719441,41.554536],[123.729458,41.55008],[123.741877,41.525353],[123.71149,41.507947],[123.697704,41.513509],[123.697208,41.519139],[123.687748,41.524511],[123.678409,41.517556],[123.671802,41.521768],[123.671863,41.526742],[123.644298,41.517667],[123.623721,41.521822],[123.599612,41.498865],[123.585792,41.491967],[123.576846,41.494917],[123.540957,41.47933],[123.52154,41.489916],[123.510416,41.477667],[123.493814,41.481989],[123.4834,41.476569],[123.472215,41.461596],[123.454606,41.461878],[123.452317,41.46971],[123.424149,41.469809],[123.404511,41.491652],[123.383393,41.49319],[123.372132,41.506744],[123.336411,41.510566],[123.32573,41.504623],[123.306679,41.518074],[123.280365,41.522438],[123.274102,41.535305],[123.229645,41.537598],[123.230026,41.549008],[123.213524,41.556557],[123.211792,41.562447],[123.198243,41.561518],[123.175514,41.546464],[123.164092,41.546208],[123.150932,41.533524],[123.128691,41.534104],[123.121245,41.542901],[123.125282,41.551026],[123.114318,41.555204],[123.109893,41.562936],[123.108474,41.582807],[123.119293,41.589006],[123.128441,41.606019],[123.107498,41.614698],[123.105595,41.611616],[123.097755,41.599614],[123.086395,41.592123],[123.074759,41.557626],[123.037916,41.545927],[123.025602,41.516794],[123.015188,41.50556],[123.005209,41.50363],[122.993108,41.512518],[122.96156,41.506498],[122.947278,41.484362],[122.966809,41.497091],[122.976758,41.494257],[122.970456,41.476618],[122.954342,41.466044],[122.934697,41.476103],[122.94315,41.482248],[122.931836,41.479471],[122.928181,41.467829],[122.93269,41.464922],[122.935017,41.454039],[122.928387,41.445932],[122.918224,41.450949],[122.910144,41.43371],[122.926029,41.425318],[122.92016,41.420376],[122.908389,41.415583],[122.880786,41.420813],[122.865252,41.412547],[122.860728,41.415884],[122.861285,41.422652],[122.856105,41.422034],[122.845202,41.414763],[122.846583,41.393839],[122.836375,41.376151],[122.77347,41.362834],[122.760408,41.36579],[122.744691,41.350341],[122.741425,41.335547],[122.744493,41.33105],[122.719262,41.321078],[122.718682,41.310508],[122.704201,41.307822],[122.694489,41.299148],[122.70108,41.281489],[122.662795,41.244407],[122.664878,41.222632],[122.65972,41.215335],[122.647601,41.20867],[122.636122,41.209728],[122.627799,41.201057],[122.617071,41.197908],[122.610442,41.205574],[122.607451,41.218574],[122.594947,41.233368],[122.597022,41.237686],[122.562308,41.242336],[122.557761,41.237686],[122.548476,41.239254],[122.549696,41.24902],[122.561408,41.265358],[122.591705,41.285981],[122.592834,41.289864],[122.582282,41.295727],[122.58921,41.301258],[122.603355,41.303421],[122.598739,41.315106],[122.617088,41.317135],[122.652429,41.352322],[122.65236,41.356328],[122.635827,41.362095],[122.638963,41.373093],[122.657464,41.386548],[122.656015,41.400426],[122.640947,41.39626],[122.627,41.408814],[122.632005,41.417859],[122.641412,41.417333],[122.644151,41.425103],[122.627107,41.430715],[122.628114,41.445916],[122.620119,41.46829],[122.630503,41.48081],[122.622576,41.48546],[122.632662,41.506296],[122.612238,41.516802],[122.5907,41.508211],[122.596308,41.523707],[122.590143,41.52941],[122.577326,41.53097],[122.572863,41.538756],[122.555605,41.535853],[122.550615,41.539313],[122.554338,41.547991],[122.544954,41.548808],[122.528993,41.537345],[122.497529,41.536326],[122.487603,41.546138],[122.494989,41.556102],[122.492418,41.568282],[122.482515,41.564605],[122.471544,41.578737],[122.480592,41.579508],[122.48514,41.584497],[122.479464,41.596018],[122.485628,41.611891],[122.496394,41.625486],[122.510554,41.627821],[122.513346,41.642213],[122.520709,41.650362],[122.520777,41.654367],[122.510638,41.655943],[122.512256,41.674715],[122.532329,41.668119],[122.54552,41.696596],[122.556759,41.712839],[122.563694,41.714593],[122.569737,41.748617],[122.594968,41.765178],[122.59126,41.770193],[122.556531,41.769083],[122.552601,41.772768],[122.557042,41.778955],[122.555203,41.787519],[122.549359,41.790373],[122.54781,41.784868],[122.537327,41.787848],[122.534825,41.798559],[122.524296,41.806223],[122.499318,41.821921],[122.453808,41.840659],[122.460309,41.878867],[122.433957,41.887275],[122.438283,41.899528],[122.449117,41.906161],[122.518263,41.897913],[122.511655,41.919663],[122.513106,41.932875],[122.500876,41.9346],[122.496908,41.939872],[122.498633,41.95555],[122.489913,42.003326],[122.468581,42.025821],[122.471267,42.039802],[122.456748,42.039867],[122.445503,42.070926],[122.429168,42.0755],[122.429336,42.080845],[122.445066,42.089638],[122.442171,42.092494],[122.423889,42.090099],[122.422416,42.093323],[122.442947,42.109753],[122.435165,42.118893],[122.420405,42.125923],[122.431297,42.138035],[122.427101,42.141831],[122.433861,42.14851],[122.458038,42.141628],[122.502374,42.165611],[122.606265,42.205783],[122.609118,42.207458],[122.604288,42.211665],[122.605151,42.226485],[122.619144,42.232116],[122.677799,42.235926],[122.675983,42.239428],[122.680774,42.245539],[122.70055,42.261508],[122.714369,42.264305],[122.730336,42.282751],[122.743832,42.286177],[122.781133,42.298376],[122.852797,42.343057],[122.896018,42.347654],[122.889869,42.366838],[122.875548,42.366987],[122.870132,42.373228],[122.876563,42.3883],[122.868468,42.387239],[122.862487,42.391592],[122.856925,42.404665],[122.839523,42.397486],[122.826781,42.401236],[122.822852,42.40811],[122.828353,42.41548],[122.811683,42.414034],[122.823692,42.428656],[122.81356,42.479373],[122.822135,42.496603],[122.830681,42.503386],[122.864693,42.500513],[122.875845,42.504568],[122.877747,42.499964],[122.903787,42.498625],[122.903161,42.509554],[122.909684,42.517435],[122.910249,42.526339],[122.932207,42.530474],[122.931795,42.544695],[122.934969,42.547796],[122.943811,42.54294],[122.95096,42.546984],[122.968485,42.56286],[122.963689,42.57],[122.924395,42.585989],[122.917918,42.591624],[122.923396,42.599802],[122.921244,42.602331],[122.897685,42.611571],[122.862111,42.606604],[122.854051,42.61259],[122.858072,42.61605],[122.853975,42.62128],[122.843798,42.622809],[122.837183,42.628886],[122.8342,42.640697],[122.836755,42.646751],[122.819185,42.650302],[122.788019,42.648174],[122.786333,42.660469],[122.770632,42.673069],[122.750844,42.677285],[122.741953,42.686699],[122.761202,42.705475],[122.795466,42.724022],[122.809169,42.716918],[122.827685,42.714744],[122.831451,42.703419],[122.844627,42.700577],[122.851341,42.723312],[122.875885,42.742943],[122.872253,42.757542],[122.87915,42.767456],[122.917938,42.769611],[122.925697,42.767456],[122.938194,42.751076],[122.964485,42.758404],[122.973541,42.775211],[123.023964,42.766163],[123.050255,42.766808],[123.080422,42.785988],[123.110888,42.798392],[123.159721,42.808182],[123.179306,42.823002],[123.214027,42.821976],[123.220062,42.828869],[123.16317,42.849129],[123.16317,42.85947],[123.180092,42.889484],[123.177475,42.927628],[123.215111,42.947865],[123.233101,42.979675],[123.249794,42.993176],[123.302536,42.997345],[123.351654,43.008942],[123.40892,43.026001],[123.417198,43.033775],[123.432121,43.03767],[123.485374,43.038769],[123.515808,43.035057],[123.531776,43.009094],[123.555597,43.006583],[123.56114,42.988269]]]]}},{"type":"Feature","properties":{"name":"邯郸市","code":"130400","gb":"156130400","province":"河北省","label":[114.54451096633909,36.55144753173765]},"geometry":{"type":"MultiPolygon","coordinates":[[[[113.865733,37.021106],[113.870746,37.012316],[113.878525,37.012974],[113.895664,36.989363],[113.928357,36.992919],[113.935313,36.973001],[113.945072,36.964201],[113.959287,36.962587],[113.97451,36.941846],[113.980939,36.917172],[113.997171,36.89422],[114.018929,36.895143],[114.027932,36.888159],[114.031206,36.873169],[114.039758,36.869627],[114.060908,36.875084],[114.071671,36.883103],[114.078836,36.879384],[114.080772,36.858255],[114.075148,36.844578],[114.084204,36.845671],[114.09418,36.838539],[114.10513,36.839513],[114.109272,36.843971],[114.166662,36.842125],[114.185933,36.853762],[114.201735,36.84887],[114.205369,36.841882],[114.220222,36.841901],[114.227641,36.848122],[114.230069,36.85921],[114.244114,36.862684],[114.277014,36.857073],[114.281344,36.847357],[114.278393,36.845424],[114.282386,36.843675],[114.293977,36.845066],[114.300743,36.859537],[114.305696,36.85442],[114.333088,36.845551],[114.355112,36.851819],[114.360349,36.857906],[114.372471,36.859723],[114.375994,36.843296],[114.382,36.838513],[114.389548,36.842101],[114.424734,36.838556],[114.446775,36.845475],[114.455997,36.844647],[114.477776,36.831762],[114.49286,36.831147],[114.499307,36.836446],[114.546021,36.833153],[114.552443,36.841104],[114.546074,36.883902],[114.561352,36.891124],[114.574466,36.88975],[114.575127,36.894843],[114.59519,36.888757],[114.603877,36.895264],[114.646433,36.899522],[114.663471,36.91016],[114.665349,36.917172],[114.688611,36.913253],[114.701376,36.917709],[114.712256,36.937671],[114.724042,36.941114],[114.75332,36.925101],[114.758781,36.927145],[114.772758,36.923983],[114.781639,36.913599],[114.791,36.914627],[114.802746,36.928893],[114.810262,36.928345],[114.815717,36.943185],[114.825278,36.947742],[114.841811,36.965279],[114.856226,36.967765],[114.878899,36.963648],[114.884493,36.969225],[114.943415,36.947892],[114.956248,36.953381],[114.965653,36.950091],[115.010863,36.962475],[115.064367,36.956323],[115.091611,36.964002],[115.09707,36.957785],[115.100968,36.958391],[115.123617,36.941334],[115.112618,36.932358],[115.10395,36.933158],[115.096911,36.928594],[115.09762,36.922294],[115.108527,36.922748],[115.111015,36.903372],[115.122422,36.89965],[115.160153,36.901028],[115.164387,36.881047],[115.16044,36.86354],[115.150926,36.860573],[115.153405,36.850966],[115.170244,36.850314],[115.185482,36.866953],[115.197494,36.865746],[115.206585,36.870695],[115.224744,36.8666],[115.244431,36.871484],[115.243907,36.867615],[115.269294,36.860246],[115.282779,36.86045],[115.288025,36.86828],[115.30951,36.872816],[115.313075,36.871926],[115.316043,36.842515],[115.300703,36.841231],[115.299662,36.834206],[115.320984,36.801902],[115.323269,36.773157],[115.326669,36.778641],[115.346421,36.785796],[115.366661,36.764251],[115.384239,36.762981],[115.394543,36.757839],[115.403341,36.766527],[115.434084,36.76458],[115.440973,36.762822],[115.4438,36.754794],[115.472165,36.75026],[115.449814,36.717468],[115.445068,36.697121],[115.435936,36.691905],[115.41259,36.683006],[115.399521,36.66851],[115.39724,36.659256],[115.385223,36.655567],[115.36412,36.623791],[115.348854,36.622032],[115.336601,36.61306],[115.34465,36.607201],[115.33374,36.599659],[115.328842,36.559593],[115.322304,36.545811],[115.28846,36.514191],[115.276085,36.484638],[115.279024,36.478546],[115.288734,36.473652],[115.283707,36.458782],[115.301781,36.465019],[115.2994,36.453239],[115.306038,36.437931],[115.29287,36.417004],[115.293884,36.412132],[115.333954,36.397892],[115.342721,36.381792],[115.343521,36.362904],[115.362625,36.342381],[115.364388,36.332542],[115.353706,36.318527],[115.355171,36.31052],[115.360565,36.308712],[115.388511,36.322338],[115.408882,36.326309],[115.415977,36.323589],[115.426086,36.284245],[115.464416,36.25782],[115.476486,36.215961],[115.47287,36.169361],[115.433914,36.134987],[115.422913,36.131969],[115.400291,36.135777],[115.385628,36.132057],[115.357605,36.094387],[115.338455,36.08675],[115.323494,36.086681],[115.300011,36.09481],[115.293716,36.106457],[115.29583,36.128448],[115.290993,36.133461],[115.272041,36.136574],[115.255089,36.176094],[115.240296,36.188839],[115.211365,36.200588],[115.1614,36.191597],[115.142029,36.20842],[115.118746,36.208961],[115.105995,36.191708],[115.103638,36.171772],[115.061211,36.175377],[115.052498,36.170052],[115.04335,36.152588],[115.043739,36.114353],[115.035103,36.11129],[115.037193,36.10107],[115.019707,36.100311],[115.022835,36.091515],[115.002792,36.086746],[114.99894,36.080849],[115.001865,36.078458],[115.008637,36.075314],[114.976822,36.069115],[114.938751,36.067665],[114.922391,36.055027],[114.917931,36.046318],[114.90184,36.049072],[114.894585,36.060204],[114.913178,36.098244],[114.895516,36.134731],[114.876839,36.137093],[114.773308,36.127007],[114.762215,36.132626],[114.752472,36.142147],[114.739708,36.145691],[114.670044,36.137665],[114.6259,36.124607],[114.592361,36.120121],[114.578712,36.125465],[114.531387,36.168205],[114.480942,36.176086],[114.454209,36.200951],[114.428908,36.202241],[114.411423,36.205692],[114.402313,36.224354],[114.379456,36.221542],[114.351262,36.233687],[114.330719,36.240601],[114.309555,36.247379],[114.289871,36.245254],[114.256714,36.263542],[114.24762,36.263775],[114.23632,36.252201],[114.211006,36.267891],[114.187889,36.2519],[114.132683,36.278797],[114.083107,36.268196],[114.061775,36.272675],[114.046318,36.279987],[114.032715,36.292828],[114.017906,36.320305],[114.015617,36.351501],[114,36.349968],[113.972877,36.360325],[113.966522,36.356323],[113.975963,36.347247],[113.983391,36.341125],[113.985634,36.330326],[113.978264,36.320393],[113.969985,36.320029],[113.961235,36.329639],[113.953949,36.352894],[113.94867,36.356884],[113.941452,36.352211],[113.947998,36.342934],[113.931404,36.337746],[113.924461,36.31926],[113.902718,36.313786],[113.900528,36.325989],[113.873497,36.356422],[113.843719,36.356495],[113.836563,36.332813],[113.80011,36.337341],[113.74717,36.374184],[113.736405,36.363602],[113.724342,36.360001],[113.723236,36.381577],[113.702011,36.423309],[113.663917,36.425129],[113.622993,36.45475],[113.588196,36.457596],[113.578186,36.466934],[113.575653,36.483845],[113.569443,36.490021],[113.548599,36.496063],[113.545883,36.502583],[113.54895,36.529789],[113.553749,36.536705],[113.581673,36.548447],[113.581894,36.562763],[113.5634,36.585911],[113.533371,36.594032],[113.537926,36.623405],[113.529053,36.629158],[113.480278,36.634987],[113.472496,36.640392],[113.470436,36.654938],[113.495476,36.681328],[113.500526,36.704639],[113.470886,36.696976],[113.460274,36.698967],[113.458702,36.707447],[113.483765,36.737541],[113.492821,36.74033],[113.529808,36.73222],[113.540919,36.749372],[113.562866,36.758026],[113.593697,36.75283],[113.64946,36.785564],[113.674606,36.789944],[113.667557,36.80732],[113.67775,36.824554],[113.668327,36.845173],[113.669937,36.855419],[113.69619,36.884899],[113.712684,36.889],[113.723961,36.885532],[113.729248,36.860702],[113.734482,36.853691],[113.748038,36.851902],[113.759003,36.852104],[113.780541,36.869793],[113.787636,36.881783],[113.786469,36.894398],[113.755249,36.955666],[113.77108,36.968155],[113.776161,36.980129],[113.785377,36.987282],[113.786428,36.997773],[113.79319,36.995714],[113.820344,37.016249],[113.829121,37.009706],[113.841069,37.008301],[113.865733,37.021106]]]]}},{"type":"Feature","properties":{"name":"日照市","code":"371100","gb":"156371100","province":"山东省","label":[119.13455154311255,35.58338999290652]},"geometry":{"type":"MultiPolygon","coordinates":[[[[119.892274,35.010094],[119.894413,35.009234],[119.892795,35.008104],[119.892988,35.006878],[119.89257,35.007065],[119.890858,35.00693],[119.889405,35.006862],[119.888725,35.009003],[119.888681,35.009064],[119.888431,35.010087],[119.889955,35.009714],[119.890783,35.009574],[119.892274,35.010094]]],[[[119.909718,35.141338],[119.909915,35.140918],[119.910466,35.141083],[119.910735,35.141024],[119.910822,35.141003],[119.911079,35.140327],[119.91111,35.140313],[119.911187,35.140076],[119.911533,35.140088],[119.911553,35.139985],[119.912194,35.13978],[119.912421,35.139861],[119.912621,35.139931],[119.914041,35.140296],[119.914105,35.140329],[119.914193,35.14034],[119.91422,35.140339],[119.914399,35.140316],[119.914664,35.140309],[119.914774,35.1403],[119.914372,35.138851],[119.911649,35.139232],[119.909324,35.138599],[119.905216,35.139182],[119.906138,35.139917],[119.907054,35.13994],[119.908445,35.141387],[119.908537,35.141515],[119.908608,35.141629],[119.90925,35.141374],[119.909718,35.141338]]],[[[119.011965,36.013499],[119.023269,36.010442],[119.022632,36.004884],[119.009871,35.992198],[119.016406,35.976541],[119.023831,35.975376],[119.038389,35.981657],[119.047429,35.97024],[119.056658,35.965177],[119.065715,35.966835],[119.071914,35.958647],[119.086274,35.96446],[119.087938,35.959555],[119.119509,35.961589],[119.155084,35.96899],[119.15486,35.973215],[119.162894,35.975384],[119.174072,35.972008],[119.175251,35.945319],[119.168884,35.935138],[119.178483,35.917313],[119.16396,35.917981],[119.128781,35.892143],[119.150291,35.882093],[119.154731,35.881599],[119.156848,35.895153],[119.166184,35.89462],[119.186582,35.877108],[119.228811,35.884129],[119.228358,35.890803],[119.252513,35.892518],[119.263604,35.897457],[119.269599,35.910566],[119.279871,35.912717],[119.291609,35.913076],[119.298831,35.905201],[119.292484,35.900227],[119.291685,35.89034],[119.302767,35.894636],[119.311277,35.888146],[119.342111,35.900932],[119.347848,35.896684],[119.352276,35.883199],[119.370034,35.867329],[119.365923,35.85774],[119.366827,35.81771],[119.358617,35.810751],[119.363417,35.797086],[119.361573,35.776395],[119.396743,35.774608],[119.394397,35.789342],[119.406565,35.799359],[119.433995,35.802451],[119.460134,35.81089],[119.465521,35.808288],[119.465036,35.798764],[119.48706,35.797557],[119.49337,35.789553],[119.491898,35.781379],[119.481679,35.770659],[119.485244,35.75125],[119.500103,35.751863],[119.507465,35.741531],[119.525702,35.730218],[119.519961,35.73068],[119.517869,35.733215],[119.511493,35.724078],[119.516024,35.708876],[119.508924,35.697463],[119.513594,35.684915],[119.522613,35.676243],[119.522553,35.654234],[119.51069,35.61652],[119.515894,35.610587],[119.53265,35.605469],[119.530895,35.592344],[119.534278,35.58892],[119.552837,35.592716],[119.571046,35.58585],[119.585222,35.599633],[119.593014,35.596967],[119.596292,35.59026],[119.604754,35.592055],[119.616294,35.603251],[119.658466,35.581824],[119.654026,35.567092],[119.628835,35.538999],[119.598565,35.462578],[119.578907,35.45485],[119.563798,35.416981],[119.56429,35.376446],[119.536104,35.377947],[119.534359,35.345665],[119.495142,35.337186],[119.457064,35.315261],[119.444156,35.291229],[119.409373,35.271693],[119.39676,35.22105],[119.387151,35.198913],[119.376812,35.130221],[119.390775,35.128489],[119.383444,35.09906],[119.296283,35.083642],[119.285774,35.114906],[119.270836,35.120415],[119.25087,35.12627],[119.232994,35.124809],[119.212845,35.112556],[119.193907,35.119],[119.189978,35.135822],[119.176563,35.139407],[119.160403,35.137254],[119.160108,35.163241],[119.151967,35.181196],[119.143916,35.189312],[119.134091,35.184339],[119.125109,35.195078],[119.140726,35.203697],[119.156809,35.206558],[119.165528,35.220457],[119.166751,35.233339],[119.174596,35.237167],[119.176153,35.251557],[119.183116,35.263344],[119.175791,35.284821],[119.170378,35.289831],[119.148449,35.290459],[119.14804,35.30326],[119.135195,35.31749],[119.148521,35.332866],[119.117991,35.336237],[119.090741,35.328599],[119.082225,35.341243],[119.081168,35.352605],[119.067959,35.365643],[119.061069,35.363636],[119.015199,35.389608],[118.995308,35.392503],[118.97888,35.377129],[118.988556,35.370622],[118.990707,35.363497],[118.974541,35.350722],[118.966683,35.337785],[118.957871,35.333637],[118.940559,35.339086],[118.93511,35.331542],[118.924128,35.331148],[118.917367,35.338029],[118.917574,35.348475],[118.895456,35.36018],[118.888278,35.356148],[118.871463,35.361438],[118.865722,35.369709],[118.871231,35.393235],[118.864857,35.39434],[118.858593,35.385069],[118.836468,35.369631],[118.817963,35.372292],[118.816061,35.38126],[118.791055,35.367349],[118.778155,35.369465],[118.775139,35.374493],[118.760552,35.364087],[118.755099,35.363214],[118.75273,35.368194],[118.734214,35.358643],[118.709814,35.367904],[118.691403,35.382218],[118.672832,35.371166],[118.663517,35.370143],[118.6453,35.379099],[118.635481,35.36755],[118.626026,35.367228],[118.620044,35.372651],[118.622524,35.388988],[118.599781,35.391273],[118.600915,35.401423],[118.595276,35.408102],[118.59801,35.415772],[118.615489,35.423674],[118.632431,35.422455],[118.641689,35.426426],[118.641565,35.429344],[118.62576,35.432014],[118.622288,35.449668],[118.639026,35.452199],[118.6508,35.462889],[118.657406,35.462983],[118.662169,35.455108],[118.67274,35.457441],[118.680168,35.464507],[118.699941,35.455531],[118.719615,35.473589],[118.727206,35.497412],[118.700344,35.506459],[118.688549,35.518436],[118.690454,35.533892],[118.714842,35.546079],[118.718465,35.560087],[118.733151,35.569339],[118.729076,35.603674],[118.7341,35.628488],[118.765254,35.660366],[118.788267,35.673866],[118.788658,35.693003],[118.799899,35.710797],[118.800317,35.722212],[118.78528,35.730244],[118.77404,35.72499],[118.770854,35.730588],[118.76218,35.732514],[118.748358,35.725694],[118.740679,35.733091],[118.722467,35.728746],[118.713451,35.734885],[118.699588,35.736139],[118.703208,35.760977],[118.697665,35.794018],[118.69978,35.800163],[118.716629,35.813422],[118.711154,35.833952],[118.723935,35.8417],[118.731813,35.857216],[118.745401,35.854459],[118.753619,35.858034],[118.758805,35.870161],[118.756168,35.878916],[118.759372,35.895369],[118.773401,35.902526],[118.76891,35.917193],[118.788439,35.924277],[118.800208,35.923357],[118.80045,35.937],[118.808438,35.951757],[118.823129,35.946739],[118.893403,35.961518],[118.88825,35.982228],[118.881359,35.984849],[118.872775,35.998817],[118.892937,36.012331],[118.904101,36.005808],[118.931151,36.004521],[118.946796,36.016166],[118.962099,36.012758],[118.982149,36.018458],[118.98902,36.037934],[118.993122,36.038502],[119.014705,36.031727],[119.018395,36.026168],[119.00909,36.019061],[119.011965,36.013499]]]]}},{"type":"Feature","properties":{"name":"呼和浩特市","code":"150100","gb":"156150100","province":"内蒙古自治区","label":[111.49677260082792,40.59203487097484]},"geometry":{"type":"MultiPolygon","coordinates":[[[[110.737036,41.379218],[110.75594,41.372263],[110.809876,41.38444],[110.820435,41.381387],[110.82322,41.373458],[110.815752,41.364348],[110.815362,41.356678],[110.869577,41.355371],[110.893587,41.332372],[110.941209,41.316549],[110.955115,41.327803],[110.960934,41.346318],[110.977776,41.345526],[110.990205,41.334844],[111.004341,41.333368],[111.018383,41.32288],[111.025186,41.311428],[111.025486,41.29867],[111.085861,41.284969],[111.095744,41.306259],[111.112598,41.301085],[111.111839,41.297424],[111.128989,41.28905],[111.130997,41.283967],[111.155879,41.281593],[111.229444,41.238473],[111.253562,41.246159],[111.253052,41.255832],[111.246254,41.262025],[111.273256,41.288704],[111.317182,41.301296],[111.322787,41.286632],[111.330532,41.287173],[111.34355,41.297297],[111.340887,41.301367],[111.348495,41.311165],[111.38844,41.309993],[111.418587,41.316806],[111.43857,41.326929],[111.464341,41.322487],[111.472314,41.330584],[111.487301,41.3325],[111.494741,41.322943],[111.515738,41.329571],[111.529217,41.329137],[111.535121,41.325507],[111.534963,41.314277],[111.554412,41.313538],[111.557154,41.319439],[111.566576,41.318896],[111.572394,41.30955],[111.570425,41.306727],[111.602995,41.301379],[111.623731,41.305481],[111.639501,41.299039],[111.664302,41.299689],[111.666436,41.305441],[111.682003,41.306667],[111.697583,41.293171],[111.710699,41.294552],[111.706471,41.302171],[111.697197,41.301705],[111.697597,41.305316],[111.723715,41.309071],[111.731926,41.285985],[111.756461,41.291119],[111.76789,41.275004],[111.78442,41.262705],[111.79848,41.258241],[111.823425,41.258767],[111.832826,41.251579],[111.834117,41.243197],[111.821554,41.222292],[111.822241,41.215979],[111.846604,41.222706],[111.852925,41.216818],[111.862428,41.203213],[111.859836,41.172859],[111.871997,41.131201],[111.902128,41.120202],[111.902262,41.112644],[111.917645,41.097738],[111.968235,41.075954],[111.968035,41.070665],[111.976425,41.063653],[111.982532,41.066786],[112.000557,41.062497],[112.014297,41.049377],[112.026968,41.045892],[112.029544,41.030703],[112.021199,41.028567],[112.011401,41.011865],[112.014897,40.999611],[112.027005,40.988367],[112.035485,40.967812],[112.06367,40.960048],[112.087795,40.946456],[112.117001,40.96007],[112.126134,40.953596],[112.137552,40.937182],[112.13702,40.912978],[112.144831,40.907475],[112.14365,40.900216],[112.157724,40.900941],[112.158223,40.894072],[112.146953,40.879908],[112.157913,40.874749],[112.180947,40.848943],[112.181583,40.837839],[112.172285,40.831608],[112.178401,40.826235],[112.177451,40.816433],[112.170656,40.814452],[112.174727,40.809179],[112.150136,40.793904],[112.144434,40.761687],[112.125622,40.751199],[112.093859,40.744849],[112.086095,40.738542],[112.098451,40.729298],[112.098934,40.717535],[112.113971,40.715182],[112.123587,40.697361],[112.104519,40.684694],[112.108753,40.657324],[112.073928,40.665806],[112.038081,40.652389],[112.040354,40.641439],[112.080287,40.618316],[112.092247,40.587092],[112.091573,40.582034],[112.078846,40.574279],[112.065566,40.57416],[112.061823,40.581734],[112.051542,40.58263],[112.046552,40.557209],[112.0701,40.542063],[112.087714,40.523159],[112.098083,40.521414],[112.105234,40.507792],[112.116825,40.505352],[112.124266,40.510528],[112.131553,40.509361],[112.177533,40.46245],[112.218002,40.447655],[112.211186,40.426868],[112.248324,40.396033],[112.258597,40.393337],[112.257899,40.386398],[112.242821,40.375382],[112.229,40.354513],[112.26387,40.355855],[112.265679,40.349608],[112.258555,40.341699],[112.259245,40.328677],[112.275705,40.32178],[112.285497,40.308051],[112.277397,40.292595],[112.280269,40.281113],[112.298136,40.274546],[112.307003,40.252504],[112.300613,40.249874],[112.28125,40.225265],[112.284714,40.211079],[112.280472,40.205383],[112.220406,40.167671],[112.213142,40.156036],[112.217133,40.132481],[112.214699,40.127232],[112.178307,40.090096],[112.153534,40.046059],[112.135246,40.0308],[112.115982,40.002964],[112.108362,39.984449],[112.10352,39.978268],[112.078545,39.948448],[112.069603,39.925438],[112.008118,39.83585],[111.964127,39.787228],[111.956169,39.765797],[111.951073,39.703751],[111.943283,39.688503],[111.93,39.677628],[111.919708,39.65704],[111.925865,39.632545],[111.919289,39.61533],[111.861664,39.608749],[111.827973,39.611969],[111.760559,39.589947],[111.711548,39.603489],[111.701035,39.617077],[111.674965,39.630928],[111.639564,39.637779],[111.602173,39.634789],[111.536209,39.655262],[111.48661,39.658478],[111.430701,39.642785],[111.416196,39.662781],[111.419968,39.666646],[111.433253,39.664334],[111.434964,39.670657],[111.397031,39.689404],[111.387631,39.703948],[111.372743,39.707156],[111.370342,39.71815],[111.356079,39.722773],[111.356856,39.735451],[111.351545,39.745736],[111.352035,39.752995],[111.368231,39.772771],[111.364588,39.790637],[111.393147,39.803865],[111.389873,39.824926],[111.40389,39.823981],[111.410164,39.828673],[111.410637,39.838116],[111.405432,39.8469],[111.408781,39.865955],[111.421131,39.888089],[111.437949,39.894764],[111.439419,39.916157],[111.434615,39.938604],[111.419783,39.947605],[111.413347,40.021042],[111.405532,40.042945],[111.389437,40.049161],[111.35802,40.095559],[111.315693,40.136543],[111.307332,40.149567],[111.231566,40.166959],[111.21048,40.180778],[111.184144,40.215388],[111.167665,40.224724],[111.108957,40.254589],[111.081591,40.261424],[111.047503,40.263591],[111.041572,40.269538],[111.044084,40.289207],[111.027031,40.295694],[111.021955,40.30448],[111.028782,40.314925],[111.039375,40.314104],[111.081893,40.334012],[111.106388,40.331886],[111.104107,40.36222],[111.113367,40.362553],[111.117946,40.367097],[111.115256,40.37857],[111.09858,40.378318],[111.101108,40.381133],[111.082867,40.402924],[111.074606,40.424577],[111.048559,40.429262],[111.034042,40.421525],[111.02605,40.424012],[111.022555,40.429935],[111.027241,40.432758],[111.022847,40.446],[111.027577,40.451071],[111.025727,40.456085],[111.013362,40.458017],[110.995575,40.450252],[110.989549,40.451388],[110.984052,40.464227],[110.959534,40.471507],[110.952902,40.497864],[110.938282,40.497815],[110.9284,40.487968],[110.905708,40.480791],[110.894436,40.48251],[110.88874,40.484473],[110.8775,40.502726],[110.883471,40.507937],[110.838714,40.524156],[110.83703,40.534271],[110.848543,40.543959],[110.8459,40.558454],[110.862631,40.561172],[110.875383,40.582499],[110.859872,40.583816],[110.853706,40.599176],[110.847985,40.59251],[110.825481,40.585405],[110.79669,40.611207],[110.801046,40.61346],[110.790508,40.63599],[110.792937,40.639652],[110.782061,40.687937],[110.797631,40.697667],[110.80379,40.706784],[110.786219,40.723016],[110.785819,40.734806],[110.790576,40.743907],[110.784168,40.777684],[110.775217,40.784279],[110.779525,40.790113],[110.743797,40.793106],[110.726896,40.784939],[110.715308,40.791209],[110.704678,40.804486],[110.713496,40.814802],[110.723304,40.823614],[110.72704,40.835752],[110.729615,40.856449],[110.720209,40.862104],[110.733363,40.897949],[110.740628,40.904895],[110.738984,40.917674],[110.718728,40.932416],[110.71893,40.936335],[110.708327,40.938461],[110.696278,40.926375],[110.675667,40.927844],[110.658046,40.919678],[110.640225,40.918506],[110.627698,40.930416],[110.623337,40.941622],[110.627532,40.962749],[110.618744,40.979614],[110.622763,40.987761],[110.638841,40.992773],[110.65263,41.006491],[110.651131,41.031674],[110.654659,41.039152],[110.672104,41.05309],[110.667006,41.061181],[110.659229,41.063618],[110.648681,41.086861],[110.649447,41.094272],[110.640118,41.103845],[110.639534,41.145181],[110.648848,41.152596],[110.650192,41.164343],[110.619691,41.165226],[110.61716,41.184988],[110.607912,41.20596],[110.595054,41.219189],[110.578316,41.216139],[110.556196,41.221463],[110.550958,41.22958],[110.56346,41.246055],[110.558822,41.260943],[110.521404,41.277591],[110.511691,41.286698],[110.512679,41.291776],[110.53504,41.293078],[110.54721,41.287621],[110.567462,41.312546],[110.567944,41.31936],[110.557938,41.327543],[110.566562,41.330969],[110.576938,41.330293],[110.606084,41.316827],[110.629003,41.317055],[110.648555,41.337143],[110.691773,41.360763],[110.704127,41.360479],[110.699663,41.371764],[110.716856,41.383358],[110.733112,41.385488],[110.737036,41.379218]]]]}},{"type":"Feature","properties":{"name":"枣庄市","code":"370400","gb":"156370400","province":"山东省","label":[117.39314168056353,34.91651014793853]},"geometry":{"type":"MultiPolygon","coordinates":[[[[117.400387,35.293926],[117.396325,35.286518],[117.411433,35.271777],[117.413021,35.26553],[117.42357,35.260536],[117.449266,35.256838],[117.451068,35.250674],[117.444248,35.239623],[117.443886,35.228221],[117.455574,35.229617],[117.463704,35.222459],[117.473648,35.22323],[117.482726,35.215132],[117.479821,35.20864],[117.484802,35.202525],[117.492962,35.204147],[117.505994,35.198145],[117.520229,35.201068],[117.528432,35.194565],[117.522073,35.185253],[117.532725,35.168001],[117.544727,35.162407],[117.56653,35.168923],[117.576775,35.164809],[117.597518,35.134694],[117.616197,35.132105],[117.607367,35.124877],[117.613178,35.113676],[117.645257,35.091072],[117.653485,35.071209],[117.676153,35.05813],[117.687172,35.059462],[117.700712,35.050878],[117.702062,35.046226],[117.694572,35.041496],[117.701194,35.027098],[117.722866,35.02733],[117.724672,35.031122],[117.739069,35.022015],[117.732189,35.011095],[117.72232,35.007647],[117.721536,34.982628],[117.713819,34.968838],[117.720138,34.96172],[117.710664,34.941312],[117.693194,34.927963],[117.69458,34.919555],[117.70382,34.904386],[117.712568,34.898645],[117.716672,34.883002],[117.733583,34.876263],[117.743111,34.865374],[117.746294,34.854055],[117.755452,34.850268],[117.798885,34.833516],[117.794035,34.81294],[117.769679,34.801963],[117.769065,34.793627],[117.778906,34.789673],[117.779281,34.780769],[117.803593,34.761526],[117.823237,34.759683],[117.831177,34.75042],[117.82909,34.740644],[117.814038,34.740351],[117.820026,34.726105],[117.823576,34.693919],[117.818894,34.672495],[117.787768,34.653333],[117.795067,34.638565],[117.786636,34.586407],[117.795303,34.52216],[117.771706,34.522331],[117.721786,34.541794],[117.67936,34.544262],[117.667206,34.519005],[117.650612,34.502457],[117.607132,34.488152],[117.59586,34.47683],[117.580879,34.468662],[117.563972,34.466221],[117.543007,34.4771],[117.52803,34.473496],[117.484871,34.479641],[117.476074,34.491146],[117.45948,34.494656],[117.404883,34.547665],[117.400253,34.556805],[117.403099,34.571472],[117.39776,34.577773],[117.390145,34.581508],[117.391822,34.604703],[117.403252,34.611766],[117.405787,34.622266],[117.39662,34.629475],[117.384015,34.632155],[117.379007,34.631867],[117.381623,34.62773],[117.375698,34.624303],[117.370597,34.628042],[117.363724,34.637802],[117.36459,34.650382],[117.347258,34.655411],[117.354133,34.663824],[117.338129,34.674862],[117.327101,34.674181],[117.321394,34.67945],[117.328024,34.693474],[117.318662,34.698257],[117.306887,34.71849],[117.271595,34.717806],[117.266416,34.72122],[117.270901,34.727172],[117.268076,34.728108],[117.248483,34.723959],[117.235075,34.731707],[117.228927,34.74005],[117.230235,34.746675],[117.185985,34.782556],[117.172543,34.786152],[117.171701,34.7805],[117.15732,34.783995],[117.167792,34.801302],[117.173871,34.801314],[117.187154,34.813407],[117.183656,34.820732],[117.17192,34.830109],[117.151408,34.830432],[117.144035,34.843521],[117.133109,34.846117],[117.130561,34.850449],[117.133394,34.853898],[117.120061,34.858405],[117.116042,34.872354],[117.117437,34.895788],[117.112245,34.907267],[117.104309,34.905923],[117.102317,34.915976],[117.105533,34.919926],[117.097676,34.938006],[117.080092,34.937379],[117.067986,34.92724],[117.05526,34.929495],[117.037749,34.92578],[117.030679,34.941351],[117.01307,34.938379],[117.011307,34.942356],[116.994228,34.943479],[116.97787,34.934709],[116.968279,34.934601],[116.967922,34.947287],[116.95856,34.95512],[116.958274,34.961651],[116.94137,34.963002],[116.937696,34.974403],[116.941746,34.985514],[116.955193,34.994892],[116.955953,35.000581],[116.949038,35.002762],[116.94774,35.014574],[116.938887,35.022571],[116.914348,35.031962],[116.91772,35.043637],[116.903873,35.046908],[116.90736,35.05171],[116.903692,35.05714],[116.901493,35.052813],[116.89587,35.055682],[116.896822,35.06761],[116.883228,35.095502],[116.866353,35.092462],[116.838598,35.119149],[116.824045,35.126286],[116.818071,35.135765],[116.821379,35.145856],[116.809058,35.158395],[116.811414,35.171975],[116.806653,35.175835],[116.82769,35.185332],[116.854882,35.164614],[116.871071,35.188804],[116.892542,35.196619],[116.899447,35.176474],[116.924302,35.179963],[116.930345,35.1736],[116.938175,35.173521],[116.995391,35.201958],[117.006288,35.210231],[117.008575,35.216916],[117.020502,35.221894],[117.036901,35.223242],[117.041036,35.215065],[117.058258,35.227746],[117.074798,35.229125],[117.078708,35.219724],[117.095147,35.216817],[117.107688,35.2205],[117.111878,35.229068],[117.121207,35.232241],[117.133931,35.236069],[117.148123,35.232435],[117.173517,35.242725],[117.196336,35.253687],[117.201368,35.261405],[117.224854,35.258201],[117.228544,35.2618],[117.260582,35.255478],[117.265572,35.261154],[117.264526,35.267813],[117.253034,35.277962],[117.254227,35.286232],[117.272616,35.295282],[117.273604,35.305728],[117.287027,35.30257],[117.302876,35.290612],[117.301234,35.296916],[117.307424,35.301243],[117.304113,35.311829],[117.310036,35.319732],[117.356136,35.319854],[117.393161,35.304375],[117.400387,35.293926]]]]}},{"type":"Feature","properties":{"name":"安阳市","code":"410500","gb":"156410500","province":"河南省","label":[114.35049483233017,35.876413206718034]},"geometry":{"type":"MultiPolygon","coordinates":[[[[113.80011,36.337341],[113.836563,36.332813],[113.843719,36.356495],[113.873497,36.356422],[113.900528,36.325989],[113.902718,36.313786],[113.924461,36.31926],[113.931404,36.337746],[113.947998,36.342934],[113.941452,36.352211],[113.94867,36.356884],[113.953949,36.352894],[113.961235,36.329639],[113.969985,36.320029],[113.978264,36.320393],[113.985634,36.330326],[113.983391,36.341125],[113.975963,36.347247],[113.966522,36.356323],[113.972877,36.360325],[114,36.349968],[114.015617,36.351501],[114.017906,36.320305],[114.032715,36.292828],[114.046318,36.279987],[114.061775,36.272675],[114.083107,36.268196],[114.132683,36.278797],[114.187889,36.2519],[114.211006,36.267891],[114.23632,36.252201],[114.24762,36.263775],[114.256714,36.263542],[114.289871,36.245254],[114.309555,36.247379],[114.330719,36.240601],[114.351262,36.233687],[114.379456,36.221542],[114.402313,36.224354],[114.411423,36.205692],[114.428908,36.202241],[114.454209,36.200951],[114.480942,36.176086],[114.531387,36.168205],[114.578712,36.125465],[114.592361,36.120121],[114.6259,36.124607],[114.670044,36.137665],[114.739708,36.145691],[114.752472,36.142147],[114.762215,36.132626],[114.773308,36.127007],[114.876839,36.137093],[114.895516,36.134731],[114.913178,36.098244],[114.894585,36.060204],[114.90184,36.049072],[114.917931,36.046318],[114.922391,36.055027],[114.929869,36.040437],[114.978854,36.02595],[114.977425,36.019523],[114.96859,36.012384],[114.966403,35.999453],[114.969985,35.997238],[114.977647,36.002713],[114.976058,35.98063],[114.982473,35.96636],[114.972629,35.939165],[114.96849,35.939981],[114.966579,35.919688],[114.973561,35.910532],[114.955194,35.86298],[114.925913,35.851879],[114.926963,35.824631],[114.93569,35.826796],[114.94471,35.818046],[114.934692,35.788979],[114.909901,35.78051],[114.891259,35.761175],[114.879418,35.759279],[114.882517,35.733727],[114.896741,35.730818],[114.909742,35.706996],[114.897968,35.70443],[114.897937,35.694996],[114.907463,35.69672],[114.914976,35.685852],[114.91136,35.667969],[114.90064,35.659738],[114.896721,35.645274],[114.890295,35.642754],[114.888001,35.635682],[114.87782,35.635783],[114.869727,35.629957],[114.870938,35.61725],[114.867038,35.609213],[114.895329,35.592162],[114.912155,35.587472],[114.926288,35.590283],[114.953536,35.578429],[114.957471,35.571851],[114.953919,35.553278],[114.963601,35.54026],[114.965049,35.519491],[114.964686,35.506765],[114.937228,35.498311],[114.931454,35.483347],[114.936335,35.478645],[114.956166,35.482489],[114.966859,35.479174],[114.960933,35.460586],[114.964248,35.45449],[114.95858,35.450117],[114.957107,35.439328],[114.975458,35.435524],[114.979099,35.416647],[114.972563,35.40317],[114.961374,35.39758],[114.944927,35.380755],[114.877028,35.392034],[114.854866,35.38926],[114.821687,35.368258],[114.81924,35.361949],[114.809504,35.357836],[114.803657,35.360701],[114.801821,35.349457],[114.796025,35.344722],[114.767715,35.342581],[114.753013,35.337054],[114.736136,35.346719],[114.695711,35.343312],[114.694169,35.304843],[114.678143,35.298819],[114.676116,35.291786],[114.665291,35.288774],[114.633314,35.299438],[114.622155,35.298547],[114.590636,35.287289],[114.582426,35.277392],[114.560255,35.275504],[114.543193,35.257094],[114.541594,35.24315],[114.536865,35.238937],[114.526509,35.230894],[114.513211,35.234476],[114.490358,35.225633],[114.481862,35.210958],[114.45514,35.218117],[114.442383,35.216139],[114.428649,35.206651],[114.423557,35.20911],[114.425565,35.221307],[114.404515,35.229003],[114.391311,35.226353],[114.388845,35.218407],[114.384383,35.226954],[114.395422,35.229756],[114.401834,35.239425],[114.388277,35.24295],[114.385212,35.254435],[114.389737,35.265803],[114.397878,35.266293],[114.401993,35.272767],[114.387495,35.292244],[114.392437,35.295869],[114.402438,35.293029],[114.411538,35.30904],[114.397464,35.315498],[114.395941,35.325328],[114.417169,35.325681],[114.432999,35.33662],[114.419913,35.33951],[114.418074,35.352164],[114.399385,35.356325],[114.407192,35.373105],[114.418923,35.382066],[114.410788,35.391248],[114.408647,35.410527],[114.40101,35.414441],[114.397373,35.422433],[114.400991,35.434026],[114.41125,35.440108],[114.416595,35.458106],[114.42581,35.45972],[114.422536,35.469837],[114.41389,35.474711],[114.413815,35.483069],[114.398016,35.495698],[114.386653,35.510149],[114.38849,35.513695],[114.425148,35.541588],[114.467621,35.564316],[114.480311,35.586582],[114.48741,35.587384],[114.49671,35.581824],[114.494933,35.591259],[114.48784,35.596347],[114.493956,35.609741],[114.519693,35.598635],[114.531599,35.602885],[114.538332,35.601007],[114.545304,35.617704],[114.554646,35.614352],[114.571765,35.616179],[114.576619,35.621265],[114.582357,35.617468],[114.608021,35.631484],[114.613632,35.64727],[114.64104,35.65506],[114.657568,35.649475],[114.66814,35.652239],[114.68316,35.685677],[114.702557,35.694736],[114.720917,35.697466],[114.736857,35.715653],[114.746725,35.73943],[114.744755,35.758472],[114.725257,35.779223],[114.712874,35.778947],[114.699022,35.788789],[114.662837,35.78356],[114.6566,35.790893],[114.62006,35.7974],[114.58865,35.828592],[114.581849,35.84246],[114.557592,35.838182],[114.553281,35.830301],[114.5455,35.826609],[114.511592,35.838758],[114.487927,35.841282],[114.469884,35.83607],[114.468514,35.828349],[114.440486,35.8231],[114.436154,35.818624],[114.418963,35.826722],[114.405651,35.826782],[114.39465,35.816282],[114.335719,35.817545],[114.328986,35.799031],[114.324084,35.795994],[114.288763,35.796038],[114.28501,35.787799],[114.270475,35.780669],[114.275391,35.769599],[114.263857,35.761198],[114.250055,35.767392],[114.250696,35.774505],[114.257998,35.777241],[114.246482,35.793711],[114.239151,35.793806],[114.236358,35.807382],[114.231622,35.809504],[114.229474,35.848892],[114.225112,35.849416],[114.224902,35.854671],[114.242621,35.863365],[114.242579,35.872871],[114.248134,35.875194],[114.256352,35.871001],[114.286442,35.892994],[114.268535,35.895878],[114.264929,35.90018],[114.265978,35.909635],[114.271771,35.925936],[114.294383,35.925309],[114.297477,35.931131],[114.289397,35.940583],[114.302193,35.948841],[114.303814,35.959212],[114.289198,35.960231],[114.282314,35.948341],[114.272526,35.948019],[114.275367,35.974968],[114.239134,35.972605],[114.2112,35.994083],[114.192071,35.988591],[114.189748,35.984324],[114.176477,35.982758],[114.164596,35.998477],[114.173917,36.037422],[114.169857,36.05208],[114.146249,36.046534],[114.139517,36.033893],[114.114134,36.028085],[114.097652,35.997211],[114.103306,35.983868],[114.070454,35.971665],[114.067672,35.975346],[114.063731,35.960656],[114.027678,35.975147],[114.02378,35.96575],[114.026482,35.941264],[114.073211,35.916949],[114.079421,35.908834],[114.062385,35.871246],[114.048644,35.868513],[114.038922,35.859209],[114.001741,35.857759],[114.027657,35.822008],[114.016291,35.803696],[114.017393,35.797107],[114.04008,35.797269],[114.062462,35.805414],[114.078959,35.803712],[114.070918,35.799759],[114.074961,35.782068],[114.060028,35.775542],[114.065133,35.7672],[114.061915,35.757314],[114.05249,35.749608],[114.037037,35.745442],[114.013797,35.72626],[113.993014,35.723201],[113.990707,35.706205],[113.960435,35.687172],[113.928937,35.704871],[113.919836,35.684454],[113.893819,35.677752],[113.877792,35.688375],[113.862862,35.681197],[113.806212,35.677234],[113.799888,35.673098],[113.779785,35.675092],[113.771811,35.686696],[113.788688,35.6956],[113.786106,35.701677],[113.799729,35.743477],[113.790687,35.74416],[113.769227,35.763598],[113.752026,35.768734],[113.755691,35.773399],[113.750382,35.795908],[113.734768,35.817663],[113.707437,35.820146],[113.695236,35.836126],[113.667493,35.839732],[113.650673,35.836864],[113.633667,35.860298],[113.631218,35.870152],[113.648247,35.917419],[113.64125,35.964545],[113.630676,35.976093],[113.631638,35.988674],[113.637039,35.992992],[113.672546,35.985924],[113.680183,35.986568],[113.689011,35.995667],[113.685074,36.006214],[113.674469,36.014938],[113.692749,36.022541],[113.688866,36.026871],[113.66394,36.029663],[113.654198,36.034828],[113.655197,36.043053],[113.677696,36.057621],[113.678406,36.064022],[113.665741,36.083363],[113.662857,36.099613],[113.649948,36.106487],[113.6548,36.112003],[113.665298,36.113472],[113.647163,36.123425],[113.657044,36.135593],[113.678902,36.125717],[113.697731,36.13118],[113.69738,36.149025],[113.691696,36.152847],[113.675293,36.151989],[113.668747,36.161217],[113.65091,36.165821],[113.655914,36.177799],[113.690766,36.181618],[113.692322,36.187935],[113.66568,36.200153],[113.688347,36.202683],[113.695885,36.208847],[113.677941,36.220173],[113.690346,36.23555],[113.692154,36.245308],[113.68795,36.253139],[113.699264,36.265163],[113.702103,36.296093],[113.718483,36.30574],[113.730042,36.324673],[113.722366,36.341423],[113.724342,36.360001],[113.736405,36.363602],[113.74717,36.374184],[113.80011,36.337341]]]]}},{"type":"Feature","properties":{"name":"阳泉市","code":"140300","gb":"156140300","province":"山西省","label":[113.49939056996382,38.06388226634964]},"geometry":{"type":"MultiPolygon","coordinates":[[[[113.415307,38.523633],[113.464426,38.504784],[113.486454,38.508431],[113.500601,38.519473],[113.523583,38.522391],[113.548904,38.514545],[113.55484,38.485287],[113.577011,38.465527],[113.576614,38.459324],[113.531418,38.41753],[113.518791,38.382465],[113.527733,38.364704],[113.545685,38.351837],[113.550743,38.343014],[113.538277,38.270012],[113.559769,38.25193],[113.56385,38.236958],[113.582191,38.226814],[113.636612,38.231354],[113.650581,38.225105],[113.661964,38.210091],[113.672577,38.204868],[113.695389,38.206287],[113.702911,38.211086],[113.71537,38.199196],[113.72966,38.196835],[113.730728,38.190712],[113.72142,38.178463],[113.724732,38.173504],[113.822912,38.160674],[113.831344,38.150951],[113.831062,38.143806],[113.810898,38.122482],[113.811575,38.110708],[113.836792,38.096031],[113.850716,38.071713],[113.873093,38.063419],[113.877113,38.053986],[113.868721,38.011345],[113.874191,37.994587],[113.89505,37.984364],[113.916626,37.951614],[113.923004,37.931522],[113.930328,37.922672],[113.938553,37.921135],[113.950615,37.91087],[113.965263,37.868176],[113.963951,37.83337],[113.970787,37.816235],[113.976257,37.812199],[114.008881,37.809883],[114.012444,37.794132],[114.037422,37.776657],[114.03968,37.766613],[114.034737,37.756001],[113.990158,37.729538],[113.987381,37.714321],[113.990414,37.703961],[113.982774,37.678567],[113.964773,37.677596],[113.948967,37.692488],[113.938337,37.696055],[113.935978,37.702164],[113.891647,37.71039],[113.866017,37.703351],[113.844952,37.690859],[113.844959,37.683566],[113.816747,37.672548],[113.804561,37.671167],[113.782791,37.679844],[113.773973,37.672014],[113.774296,37.666163],[113.764121,37.666285],[113.754221,37.682643],[113.696351,37.684733],[113.664882,37.661357],[113.651422,37.658825],[113.643343,37.665514],[113.627497,37.667425],[113.611995,37.682614],[113.596454,37.682062],[113.590206,37.679282],[113.590518,37.675282],[113.576477,37.673389],[113.551211,37.677945],[113.537943,37.672151],[113.510928,37.684903],[113.507372,37.697197],[113.47769,37.694238],[113.467029,37.714731],[113.461395,37.720081],[113.454279,37.718203],[113.442324,37.736025],[113.43551,37.737901],[113.435876,37.763661],[113.431872,37.770981],[113.404334,37.793818],[113.39412,37.808422],[113.39366,37.822211],[113.371088,37.828671],[113.361267,37.837945],[113.362941,37.845097],[113.349614,37.871388],[113.339644,37.869863],[113.335626,37.875148],[113.338082,37.886126],[113.326574,37.899001],[113.333406,37.908333],[113.319128,37.923065],[113.318395,37.928907],[113.326774,37.936581],[113.332728,37.961973],[113.338369,37.965877],[113.314751,37.987014],[113.292271,37.987749],[113.279191,37.99903],[113.282045,38.012373],[113.289511,38.013859],[113.280837,38.024669],[113.256401,38.027542],[113.254613,38.046999],[113.243209,38.055039],[113.254864,38.079162],[113.251574,38.089203],[113.229506,38.087823],[113.210666,38.091951],[113.207676,38.08371],[113.195457,38.076018],[113.184651,38.053353],[113.167692,38.056879],[113.14543,38.051631],[113.146148,38.059466],[113.134575,38.062862],[113.12674,38.073735],[113.113097,38.081797],[113.092522,38.064616],[113.090802,38.054861],[113.062033,38.054731],[113.060055,38.060569],[113.044549,38.065314],[113.035693,38.076053],[113.037982,38.079065],[113.004311,38.084431],[112.989465,38.091844],[112.956867,38.118586],[112.958571,38.129803],[112.954264,38.139596],[112.928821,38.135542],[112.915787,38.144236],[112.914635,38.159374],[112.92364,38.162198],[112.930116,38.157578],[112.93441,38.165951],[112.930974,38.179049],[112.944971,38.198662],[112.95297,38.201682],[112.956408,38.216331],[112.970159,38.231379],[112.996008,38.248482],[113.027802,38.257924],[113.029146,38.269418],[113.042114,38.27274],[113.053018,38.281807],[113.069486,38.305877],[113.103824,38.306237],[113.131409,38.315639],[113.144529,38.326384],[113.151283,38.3406],[113.135601,38.358197],[113.147,38.378461],[113.134671,38.400135],[113.140531,38.411692],[113.147607,38.415134],[113.194683,38.414862],[113.215002,38.431901],[113.239871,38.430804],[113.249878,38.437696],[113.262046,38.438287],[113.278839,38.451257],[113.27886,38.466243],[113.30182,38.472894],[113.305013,38.480564],[113.342295,38.49549],[113.368632,38.496986],[113.415307,38.523633]]]]}},{"type":"Feature","properties":{"name":"邢台市","code":"130500","gb":"156130500","province":"河北省","label":[114.81717098151208,37.212677681752126]},"geometry":{"type":"MultiPolygon","coordinates":[[[[115.117151,37.810158],[115.125885,37.798469],[115.137657,37.801132],[115.140288,37.806577],[115.145143,37.807502],[115.143689,37.800215],[115.15537,37.786244],[115.154256,37.779641],[115.143474,37.774232],[115.146404,37.75924],[115.161361,37.757923],[115.16649,37.748486],[115.191594,37.746141],[115.193135,37.739857],[115.219464,37.731936],[115.238666,37.716522],[115.24227,37.702817],[115.247674,37.700103],[115.25697,37.680731],[115.256598,37.674605],[115.247786,37.67066],[115.251487,37.653263],[115.249064,37.644887],[115.239058,37.643029],[115.214751,37.651767],[115.213489,37.645331],[115.195578,37.642778],[115.192012,37.629424],[115.185386,37.631004],[115.188123,37.612255],[115.167617,37.600296],[115.194524,37.575303],[115.190055,37.565626],[115.184923,37.56585],[115.197109,37.556442],[115.213248,37.55862],[115.216809,37.57262],[115.226683,37.579723],[115.277808,37.575459],[115.282121,37.562409],[115.30287,37.565094],[115.321504,37.544322],[115.347183,37.524718],[115.355519,37.52362],[115.355693,37.532633],[115.350468,37.533306],[115.353577,37.564779],[115.357295,37.565452],[115.357086,37.559346],[115.369749,37.541883],[115.394475,37.539118],[115.401325,37.523978],[115.409409,37.521994],[115.424393,37.506834],[115.436104,37.507222],[115.444247,37.501695],[115.441338,37.495302],[115.418697,37.491842],[115.412603,37.504476],[115.396126,37.509282],[115.393745,37.506582],[115.391885,37.49632],[115.401781,37.486491],[115.404258,37.475675],[115.415701,37.472766],[115.417286,37.483469],[115.428284,37.472565],[115.43132,37.458849],[115.415708,37.456929],[115.414759,37.461622],[115.419971,37.466713],[115.405473,37.466639],[115.404974,37.462357],[115.39244,37.456246],[115.386958,37.458354],[115.386524,37.472114],[115.375643,37.46851],[115.377222,37.456694],[115.365504,37.454777],[115.351399,37.462412],[115.335325,37.447072],[115.351447,37.441911],[115.351059,37.432339],[115.375636,37.42996],[115.381452,37.423133],[115.392096,37.42393],[115.414327,37.387911],[115.459347,37.389776],[115.482623,37.382585],[115.488396,37.37748],[115.491304,37.363747],[115.520123,37.354538],[115.519009,37.333568],[115.536393,37.32315],[115.555003,37.319311],[115.555568,37.322644],[115.563719,37.322733],[115.574676,37.311278],[115.576655,37.321502],[115.572054,37.324734],[115.583896,37.333587],[115.604318,37.332213],[115.604425,37.324588],[115.593756,37.323683],[115.582091,37.307108],[115.606368,37.300033],[115.62394,37.299868],[115.625379,37.288639],[115.613699,37.281151],[115.613198,37.276627],[115.619334,37.273304],[115.650594,37.283329],[115.664104,37.280687],[115.671352,37.265275],[115.670944,37.262229],[115.664842,37.262953],[115.663414,37.254921],[115.675273,37.253783],[115.681458,37.261484],[115.712489,37.255893],[115.710381,37.234707],[115.722368,37.228584],[115.723953,37.221487],[115.7469,37.21376],[115.758572,37.201515],[115.750267,37.180609],[115.758384,37.177629],[115.75733,37.145715],[115.764797,37.142063],[115.782197,37.120006],[115.790926,37.113286],[115.799805,37.118195],[115.822343,37.114989],[115.826427,37.101085],[115.832998,37.095147],[115.830004,37.074603],[115.842862,37.065254],[115.847008,37.054155],[115.819962,37.030434],[115.80896,37.026272],[115.805878,37.009468],[115.77536,36.992447],[115.789375,36.969643],[115.76819,36.934235],[115.759518,36.920363],[115.742607,36.907749],[115.730637,36.892323],[115.700417,36.876667],[115.680023,36.837868],[115.681618,36.81525],[115.650208,36.810635],[115.582413,36.779427],[115.529663,36.774193],[115.517036,36.765915],[115.496025,36.768993],[115.480476,36.761971],[115.472165,36.75026],[115.4438,36.754794],[115.440973,36.762822],[115.434084,36.76458],[115.403341,36.766527],[115.394543,36.757839],[115.384239,36.762981],[115.366661,36.764251],[115.346421,36.785796],[115.326669,36.778641],[115.323269,36.773157],[115.320984,36.801902],[115.299662,36.834206],[115.300703,36.841231],[115.316043,36.842515],[115.313075,36.871926],[115.30951,36.872816],[115.288025,36.86828],[115.282779,36.86045],[115.269294,36.860246],[115.243907,36.867615],[115.244431,36.871484],[115.224744,36.8666],[115.206585,36.870695],[115.197494,36.865746],[115.185482,36.866953],[115.170244,36.850314],[115.153405,36.850966],[115.150926,36.860573],[115.16044,36.86354],[115.164387,36.881047],[115.160153,36.901028],[115.122422,36.89965],[115.111015,36.903372],[115.108527,36.922748],[115.09762,36.922294],[115.096911,36.928594],[115.10395,36.933158],[115.112618,36.932358],[115.123617,36.941334],[115.100968,36.958391],[115.09707,36.957785],[115.091611,36.964002],[115.064367,36.956323],[115.010863,36.962475],[114.965653,36.950091],[114.956248,36.953381],[114.943415,36.947892],[114.884493,36.969225],[114.878899,36.963648],[114.856226,36.967765],[114.841811,36.965279],[114.825278,36.947742],[114.815717,36.943185],[114.810262,36.928345],[114.802746,36.928893],[114.791,36.914627],[114.781639,36.913599],[114.772758,36.923983],[114.758781,36.927145],[114.75332,36.925101],[114.724042,36.941114],[114.712256,36.937671],[114.701376,36.917709],[114.688611,36.913253],[114.665349,36.917172],[114.663471,36.91016],[114.646433,36.899522],[114.603877,36.895264],[114.59519,36.888757],[114.575127,36.894843],[114.574466,36.88975],[114.561352,36.891124],[114.546074,36.883902],[114.552443,36.841104],[114.546021,36.833153],[114.499307,36.836446],[114.49286,36.831147],[114.477776,36.831762],[114.455997,36.844647],[114.446775,36.845475],[114.424734,36.838556],[114.389548,36.842101],[114.382,36.838513],[114.375994,36.843296],[114.372471,36.859723],[114.360349,36.857906],[114.355112,36.851819],[114.333088,36.845551],[114.305696,36.85442],[114.300743,36.859537],[114.293977,36.845066],[114.282386,36.843675],[114.278393,36.845424],[114.281344,36.847357],[114.277014,36.857073],[114.244114,36.862684],[114.230069,36.85921],[114.227641,36.848122],[114.220222,36.841901],[114.205369,36.841882],[114.201735,36.84887],[114.185933,36.853762],[114.166662,36.842125],[114.109272,36.843971],[114.10513,36.839513],[114.09418,36.838539],[114.084204,36.845671],[114.075148,36.844578],[114.080772,36.858255],[114.078836,36.879384],[114.071671,36.883103],[114.060908,36.875084],[114.039758,36.869627],[114.031206,36.873169],[114.027932,36.888159],[114.018929,36.895143],[113.997171,36.89422],[113.980939,36.917172],[113.97451,36.941846],[113.959287,36.962587],[113.945072,36.964201],[113.935313,36.973001],[113.928357,36.992919],[113.895664,36.989363],[113.878525,37.012974],[113.870746,37.012316],[113.865733,37.021106],[113.841069,37.008301],[113.829121,37.009706],[113.820344,37.016249],[113.79319,36.995714],[113.786428,36.997773],[113.765472,37.016388],[113.783783,37.042503],[113.783958,37.054516],[113.781838,37.05936],[113.762337,37.062054],[113.752236,37.078494],[113.76709,37.106445],[113.760933,37.144093],[113.766724,37.151363],[113.797027,37.158211],[113.813507,37.167164],[113.825645,37.167076],[113.830314,37.189037],[113.846871,37.214642],[113.88028,37.238735],[113.88073,37.259514],[113.892868,37.279087],[113.898102,37.315105],[113.915047,37.33025],[113.929392,37.33668],[113.953674,37.348473],[113.956042,37.36665],[113.967682,37.402557],[113.991531,37.420681],[114.008194,37.423912],[114.020012,37.446545],[114.040623,37.437179],[114.06327,37.441231],[114.064219,37.451254],[114.089836,37.491886],[114.103179,37.494398],[114.120203,37.481525],[114.12724,37.497989],[114.149995,37.504632],[114.154199,37.515749],[114.149904,37.528743],[114.153459,37.530998],[114.18,37.529814],[114.200149,37.52162],[114.209487,37.510194],[114.241552,37.506225],[114.280899,37.494009],[114.280002,37.501149],[114.29517,37.508187],[114.30534,37.499672],[114.328613,37.502199],[114.348069,37.51834],[114.36375,37.512734],[114.372962,37.530403],[114.404073,37.548774],[114.43185,37.553707],[114.459696,37.571004],[114.456018,37.579055],[114.509442,37.583401],[114.516193,37.576257],[114.558492,37.555573],[114.585235,37.547409],[114.598074,37.548157],[114.596935,37.559398],[114.623271,37.551791],[114.685053,37.564107],[114.694769,37.57521],[114.691037,37.587309],[114.699551,37.614262],[114.727766,37.622748],[114.745453,37.623579],[114.761378,37.619115],[114.775435,37.629008],[114.791338,37.627336],[114.797899,37.633617],[114.795366,37.641861],[114.802825,37.659244],[114.83515,37.681409],[114.842214,37.696208],[114.86546,37.701637],[114.875715,37.715615],[114.891913,37.712767],[114.898277,37.728714],[114.927082,37.728687],[114.93308,37.721294],[114.954816,37.719561],[114.970167,37.729535],[114.977891,37.741268],[114.981624,37.74201],[114.984385,37.735201],[114.996076,37.73407],[115.006039,37.741332],[115.00642,37.750843],[115.035211,37.735709],[115.060752,37.742469],[115.06376,37.744369],[115.060187,37.770025],[115.064607,37.773623],[115.065861,37.785241],[115.067335,37.7898],[115.089038,37.796482],[115.09124,37.806918],[115.104329,37.811553],[115.117151,37.810158]]]]}},{"type":"Feature","properties":{"name":"丹东市","code":"210600","gb":"156210600","province":"辽宁省","label":[124.40713869749938,40.540292655147624]},"geometry":{"type":"MultiPolygon","coordinates":[[[[124.7484,41.134158],[124.756831,41.125349],[124.769618,41.134875],[124.79359,41.131502],[124.808849,41.139109],[124.835682,41.135713],[124.845585,41.138902],[124.908475,41.117055],[124.970762,41.112324],[124.9998,41.096565],[125.008696,41.107719],[125.037612,41.113651],[125.062416,41.109401],[125.065292,41.100856],[125.108719,41.08924],[125.135163,41.091334],[125.151284,41.104686],[125.186265,41.104914],[125.200502,41.097269],[125.226405,41.110228],[125.257105,41.095205],[125.268779,41.09881],[125.299083,41.084214],[125.303615,41.061784],[125.32883,41.034867],[125.347003,41.034619],[125.34872,41.027088],[125.341334,41.022801],[125.334834,41.009079],[125.350001,40.996639],[125.3838,40.997467],[125.37955,41.011142],[125.385898,41.014866],[125.424076,41.007762],[125.428578,41.015167],[125.425793,41.027015],[125.440419,41.029647],[125.456502,41.018012],[125.452671,41.005511],[125.460301,40.991107],[125.448132,40.972522],[125.456768,40.96176],[125.49371,40.951624],[125.497502,40.962603],[125.48209,40.973925],[125.4847,40.981604],[125.500592,40.986369],[125.523641,40.983572],[125.524915,40.972502],[125.518277,40.956514],[125.494091,40.939318],[125.512836,40.912412],[125.523785,40.907193],[125.538472,40.908796],[125.545041,40.914087],[125.547536,40.925401],[125.556836,40.928712],[125.578213,40.918992],[125.56649,40.899796],[125.586838,40.888336],[125.610405,40.902515],[125.642632,40.905376],[125.656136,40.914928],[125.69664,40.88419],[125.708038,40.856209],[125.704166,40.852828],[125.70304,40.851844],[125.701569,40.850559],[125.695396,40.844673],[125.687077,40.839477],[125.683151,40.837025],[125.679201,40.83397],[125.67844,40.833382],[125.677315,40.832512],[125.673024,40.829989],[125.666611,40.826218],[125.662979,40.823639],[125.662766,40.823521],[125.658607,40.82122],[125.652771,40.818768],[125.647377,40.815628],[125.647365,40.815575],[125.64732,40.815377],[125.647179,40.814756],[125.645103,40.805592],[125.648514,40.801205],[125.657356,40.798569],[125.659658,40.797798],[125.662895,40.796715],[125.673561,40.794109],[125.681686,40.790909],[125.684141,40.788572],[125.686371,40.786449],[125.690025,40.780209],[125.690025,40.76688],[125.687202,40.763222],[125.685097,40.762988],[125.684437,40.762914],[125.684024,40.762868],[125.678467,40.762249],[125.676891,40.762489],[125.67186,40.763256],[125.661293,40.762531],[125.656509,40.761005],[125.650563,40.761191],[125.644753,40.761372],[125.638092,40.760532],[125.630253,40.758723],[125.628304,40.758274],[125.627866,40.758172],[125.625842,40.757706],[125.62558,40.757645],[125.625298,40.757546],[125.623693,40.756983],[125.622621,40.756606],[125.616234,40.754364],[125.60685,40.752865],[125.605453,40.753365],[125.597473,40.756218],[125.587944,40.766281],[125.583694,40.767807],[125.571068,40.768551],[125.561494,40.76722],[125.561075,40.767162],[125.560919,40.76714],[125.560608,40.767097],[125.559944,40.761017],[125.55854,40.751728],[125.557053,40.745316],[125.555206,40.736656],[125.549995,40.728264],[125.54393,40.720493],[125.541117,40.71881],[125.537331,40.716545],[125.530228,40.715466],[125.520966,40.716263],[125.512543,40.717072],[125.501198,40.717514],[125.495961,40.717339],[125.491829,40.717201],[125.487865,40.717116],[125.484589,40.717045],[125.480637,40.715347],[125.477332,40.713927],[125.47708,40.713819],[125.476125,40.713409],[125.473648,40.712345],[125.472058,40.711046],[125.467834,40.707592],[125.465391,40.705582],[125.462326,40.70306],[125.461872,40.700472],[125.461487,40.69828],[125.460587,40.686764],[125.461555,40.682629],[125.461639,40.679756],[125.461891,40.677227],[125.461807,40.675877],[125.461853,40.674339],[125.460892,40.672878],[125.458969,40.671394],[125.458549,40.671074],[125.454974,40.669271],[125.454056,40.668808],[125.447853,40.668392],[125.438606,40.668224],[125.430801,40.669212],[125.422661,40.669064],[125.421287,40.667962],[125.421219,40.667908],[125.419823,40.665092],[125.421204,40.656635],[125.421776,40.649967],[125.421783,40.649883],[125.423965,40.639492],[125.427094,40.634193],[125.427139,40.632034],[125.425812,40.630104],[125.424202,40.628166],[125.421631,40.62661],[125.421417,40.62648],[125.418828,40.626109],[125.413689,40.625374],[125.402817,40.625973],[125.392876,40.628208],[125.386574,40.633621],[125.381889,40.638569],[125.377502,40.645115],[125.370804,40.647903],[125.367676,40.647846],[125.356956,40.645786],[125.346977,40.642418],[125.336311,40.638771],[125.330452,40.63707],[125.324875,40.637226],[125.316078,40.64024],[125.312976,40.641348],[125.309746,40.642502],[125.303986,40.64822],[125.297287,40.650742],[125.292913,40.650504],[125.291232,40.650412],[125.29068,40.650382],[125.290183,40.650355],[125.28965,40.650326],[125.289409,40.650237],[125.28931,40.6502],[125.278305,40.64613],[125.275681,40.641575],[125.276642,40.640381],[125.277412,40.636295],[125.277512,40.632233],[125.277428,40.628716],[125.275887,40.624699],[125.26852,40.617537],[125.268326,40.617348],[125.267992,40.617023],[125.267784,40.616821],[125.267702,40.616776],[125.267404,40.616613],[125.262016,40.613663],[125.260361,40.611057],[125.260037,40.610435],[125.259384,40.609184],[125.257568,40.60722],[125.256012,40.606419],[125.252747,40.6059],[125.252541,40.605869],[125.250122,40.606093],[125.243118,40.606743],[125.237907,40.606636],[125.228094,40.605762],[125.22728,40.60569],[125.225428,40.605609],[125.224731,40.605579],[125.222404,40.605045],[125.21888,40.604706],[125.215736,40.604336],[125.201452,40.598529],[125.201003,40.598346],[125.197655,40.596985],[125.195444,40.596036],[125.189781,40.593605],[125.182114,40.590759],[125.181915,40.590687],[125.176056,40.591515],[125.175499,40.591595],[125.17511,40.591614],[125.169785,40.591877],[125.165643,40.589761],[125.15712,40.585407],[125.153492,40.582823],[125.152137,40.581858],[125.150785,40.580895],[125.149946,40.580297],[125.148514,40.579277],[125.143806,40.574272],[125.139,40.570286],[125.1327,40.567253],[125.128326,40.565147],[125.12336,40.561939],[125.12101,40.561115],[125.10894,40.55724],[125.107987,40.556937],[125.095871,40.553082],[125.094779,40.552573],[125.092108,40.551327],[125.091189,40.550898],[125.085091,40.548054],[125.078453,40.546494],[125.077491,40.546203],[125.076596,40.545932],[125.070305,40.544029],[125.067333,40.543166],[125.065392,40.542603],[125.042847,40.535683],[125.042236,40.535496],[125.038307,40.533339],[125.038098,40.533225],[125.037551,40.532925],[125.036613,40.53241],[125.029854,40.530304],[125.02133,40.525583],[125.020235,40.524976],[125.018951,40.524265],[125.016037,40.520576],[125.01416,40.516399],[125.01329,40.512497],[125.015114,40.509174],[125.01693,40.505852],[125.020744,40.503609],[125.024811,40.50346],[125.025154,40.503445],[125.033051,40.502369],[125.041687,40.50071],[125.049706,40.497864],[125.05381,40.495617],[125.054008,40.49551],[125.055908,40.493862],[125.059631,40.492817],[125.060104,40.490017],[125.060242,40.486362],[125.06028,40.486034],[125.061325,40.477501],[125.061337,40.477403],[125.061409,40.476822],[125.061001,40.476034],[125.060877,40.475796],[125.059464,40.473069],[125.059398,40.472942],[125.058556,40.471317],[125.058382,40.470219],[125.057762,40.46632],[125.057732,40.466118],[125.055893,40.461342],[125.053345,40.458939],[125.050034,40.455322],[125.046204,40.455238],[125.040169,40.454132],[125.035789,40.451595],[125.028412,40.452156],[125.027582,40.452214],[125.022964,40.452534],[125.01783,40.453156],[125.011375,40.454723],[125.007976,40.456432],[125.001602,40.459637],[124.998325,40.46095],[124.993495,40.462884],[124.991211,40.463799],[124.98735,40.464447],[124.977898,40.460819],[124.970627,40.458702],[124.962708,40.456818],[124.956047,40.455444],[124.955461,40.455257],[124.951942,40.454132],[124.950454,40.454001],[124.944681,40.453493],[124.937561,40.452866],[124.924919,40.453526],[124.915543,40.455364],[124.909401,40.459019],[124.907608,40.462452],[124.906837,40.466228],[124.907265,40.471134],[124.907646,40.477306],[124.906532,40.479332],[124.902168,40.479866],[124.901742,40.479835],[124.899071,40.479637],[124.8965,40.476574],[124.894005,40.471779],[124.891472,40.46777],[124.886742,40.461815],[124.885128,40.459669],[124.884781,40.459207],[124.883054,40.45691],[124.882027,40.455544],[124.878685,40.451199],[124.87574,40.447182],[124.874708,40.445893],[124.87448,40.445607],[124.873618,40.44453],[124.872391,40.442997],[124.86808,40.436893],[124.86329,40.432124],[124.862717,40.431553],[124.85894,40.428867],[124.853065,40.424683],[124.848816,40.422379],[124.843506,40.420216],[124.842026,40.418873],[124.839424,40.416752],[124.837357,40.414291],[124.834206,40.411818],[124.831543,40.409729],[124.825127,40.404995],[124.816478,40.400895],[124.816002,40.400669],[124.802574,40.395294],[124.788925,40.390545],[124.783389,40.388858],[124.778648,40.387413],[124.771378,40.385223],[124.766106,40.382648],[124.759883,40.379527],[124.75882,40.378994],[124.754173,40.376434],[124.749146,40.37323],[124.74643,40.371524],[124.74516,40.370726],[124.743912,40.369942],[124.740128,40.366531],[124.737663,40.361256],[124.737076,40.355553],[124.735619,40.350937],[124.735444,40.350189],[124.735205,40.349169],[124.73439,40.345692],[124.734,40.341147],[124.733833,40.339199],[124.733704,40.332401],[124.733322,40.326862],[124.733887,40.323086],[124.732529,40.321156],[124.729134,40.318386],[124.726539,40.318629],[124.72644,40.318638],[124.724138,40.318134],[124.723984,40.3181],[124.718731,40.316048],[124.717816,40.315691],[124.717079,40.315403],[124.714428,40.313852],[124.714123,40.313674],[124.713435,40.313271],[124.71003,40.311279],[124.706772,40.310093],[124.699028,40.307846],[124.695595,40.306023],[124.69043,40.301235],[124.685143,40.299522],[124.677307,40.299248],[124.66993,40.298195],[124.668357,40.29784],[124.664406,40.296947],[124.662975,40.296541],[124.661504,40.296124],[124.660126,40.295734],[124.653206,40.293587],[124.651012,40.293185],[124.646572,40.29237],[124.645218,40.292122],[124.640083,40.291515],[124.635559,40.291245],[124.63105,40.290577],[124.628997,40.29028],[124.625099,40.289715],[124.619926,40.286861],[124.616837,40.285156],[124.614738,40.28379],[124.613426,40.282936],[124.608032,40.279099],[124.606745,40.277945],[124.602669,40.274288],[124.598152,40.269035],[124.594414,40.26025],[124.593689,40.253277],[124.5933,40.248055],[124.593079,40.243702],[124.591026,40.23875],[124.588966,40.233955],[124.585579,40.231342],[124.580925,40.229324],[124.574242,40.226624],[124.566948,40.223747],[124.562355,40.22039],[124.553986,40.21859],[124.54483,40.215824],[124.5355,40.212418],[124.532263,40.211211],[124.526382,40.209019],[124.520111,40.206322],[124.514551,40.203613],[124.513252,40.20298],[124.513242,40.202974],[124.506866,40.19923],[124.501411,40.19603],[124.498459,40.191769],[124.49762,40.18882],[124.4972,40.184383],[124.496277,40.177406],[124.49411,40.175293],[124.491501,40.173801],[124.488884,40.172466],[124.486046,40.171444],[124.480911,40.17107],[124.480449,40.17152],[124.478539,40.173378],[124.476099,40.173505],[124.474763,40.173575],[124.472549,40.173691],[124.472234,40.173628],[124.46888,40.172958],[124.467293,40.17165],[124.465767,40.168926],[124.464111,40.164612],[124.462402,40.161407],[124.459671,40.158173],[124.458076,40.157024],[124.454262,40.154865],[124.448814,40.152348],[124.444313,40.147327],[124.440338,40.144218],[124.437953,40.142994],[124.436111,40.142048],[124.432869,40.141014],[124.425926,40.139717],[124.419317,40.137213],[124.417831,40.13665],[124.412254,40.132706],[124.408127,40.128483],[124.405823,40.124943],[124.405472,40.123512],[124.407547,40.123253],[124.410408,40.123344],[124.420303,40.123287],[124.424331,40.123613],[124.424467,40.123624],[124.426254,40.123768],[124.42971,40.124649],[124.431046,40.124668],[124.433345,40.1247],[124.434538,40.124717],[124.438097,40.124766],[124.441437,40.124813],[124.440135,40.123741],[124.439783,40.12345],[124.437668,40.121708],[124.433029,40.119686],[124.428662,40.119476],[124.42543,40.11932],[124.418877,40.1188],[124.414764,40.118473],[124.411753,40.118028],[124.40741,40.117386],[124.407383,40.117381],[124.401379,40.116264],[124.400685,40.116135],[124.400274,40.116059],[124.365581,40.085523],[124.376556,40.067625],[124.378864,40.027208],[124.3626,39.983006],[124.364481,39.964486],[124.315792,39.921706],[124.262721,39.933374],[124.237311,39.927611],[124.221048,39.91362],[124.208851,39.872826],[124.198953,39.856159],[124.170987,39.839844],[124.156084,39.817291],[124.155725,39.817697],[124.133029,39.798601],[124.123118,39.775151],[124.147421,39.756871],[124.140413,39.746202],[124.101893,39.775852],[124.115632,39.829168],[124.091109,39.829234],[124.003901,39.801298],[123.960972,39.809281],[123.951575,39.820487],[123.917388,39.819427],[123.865741,39.823748],[123.823122,39.835966],[123.777464,39.822607],[123.73257,39.824597],[123.693723,39.813738],[123.670752,39.828406],[123.628694,39.832904],[123.635479,39.801187],[123.607519,39.777084],[123.560493,39.766802],[123.538937,39.787819],[123.515468,39.785299],[123.512294,39.809179],[123.494486,39.818002],[123.491069,39.825876],[123.490832,39.839556],[123.502536,39.842962],[123.498698,39.850824],[123.482333,39.854902],[123.466929,39.86812],[123.46915,39.8813],[123.484539,39.900561],[123.475101,39.907561],[123.465946,39.923648],[123.455165,39.91619],[123.452724,39.918418],[123.458561,39.923282],[123.450687,39.927558],[123.425334,39.925563],[123.405734,39.933708],[123.392107,39.924419],[123.385462,39.934375],[123.387759,39.946815],[123.371088,39.96986],[123.39606,39.9804],[123.401981,39.997616],[123.398898,40.007687],[123.417332,40.029268],[123.424465,40.031728],[123.442676,40.035584],[123.453726,40.030888],[123.47007,40.030953],[123.466224,40.035955],[123.457645,40.036879],[123.452755,40.052949],[123.445935,40.056184],[123.457096,40.053121],[123.457905,40.042161],[123.462146,40.039745],[123.476948,40.050119],[123.470509,40.069021],[123.473782,40.073934],[123.507284,40.088701],[123.524122,40.101819],[123.547117,40.09802],[123.553183,40.101133],[123.561667,40.112775],[123.584678,40.126821],[123.597213,40.141866],[123.607406,40.161157],[123.607086,40.173372],[123.57437,40.165014],[123.55458,40.188207],[123.572479,40.205873],[123.588303,40.240358],[123.609452,40.241815],[123.630692,40.263738],[123.642709,40.259207],[123.665941,40.274385],[123.675157,40.289468],[123.704859,40.30203],[123.706126,40.309637],[123.69591,40.318041],[123.696941,40.333339],[123.724353,40.346556],[123.758251,40.400595],[123.739437,40.41342],[123.758213,40.432993],[123.759285,40.444158],[123.753483,40.45098],[123.75108,40.465968],[123.763433,40.495486],[123.732739,40.506545],[123.73036,40.578033],[123.723302,40.577133],[123.711294,40.589061],[123.717428,40.595344],[123.729735,40.59655],[123.741324,40.604538],[123.74156,40.614536],[123.72795,40.630733],[123.730185,40.643505],[123.702841,40.661511],[123.680985,40.662965],[123.652777,40.680516],[123.616872,40.694123],[123.584386,40.683328],[123.571515,40.687803],[123.575086,40.700853],[123.572561,40.706636],[123.553075,40.712099],[123.545789,40.72154],[123.557653,40.757685],[123.580732,40.766638],[123.5818,40.772531],[123.568388,40.787687],[123.571501,40.79344],[123.55171,40.801619],[123.552504,40.812338],[123.536749,40.823317],[123.535971,40.827624],[123.543356,40.828848],[123.544257,40.837863],[123.538145,40.847506],[123.539534,40.859649],[123.57175,40.852631],[123.583999,40.856216],[123.61725,40.850193],[123.650858,40.835422],[123.661379,40.825798],[123.686465,40.823219],[123.689562,40.813701],[123.706904,40.818389],[123.716564,40.828288],[123.726749,40.82923],[123.736904,40.850375],[123.75449,40.848651],[123.770031,40.854419],[123.786786,40.851058],[123.79643,40.855838],[123.80615,40.854213],[123.820302,40.861678],[123.83093,40.851729],[123.84416,40.853186],[123.860063,40.842337],[123.889471,40.838766],[123.893454,40.83367],[123.910887,40.83346],[123.925818,40.825067],[123.967033,40.852834],[123.975029,40.866041],[124.010628,40.858312],[124.024209,40.861985],[124.067376,40.856763],[124.089197,40.859933],[124.098101,40.855015],[124.091646,40.848836],[124.098078,40.843449],[124.100038,40.848237],[124.109957,40.85104],[124.127405,40.848011],[124.140307,40.863514],[124.132861,40.868542],[124.131953,40.877636],[124.140155,40.878472],[124.140361,40.88546],[124.138682,40.895303],[124.124538,40.910283],[124.126697,40.926328],[124.147305,40.954023],[124.119526,40.964273],[124.12035,40.981432],[124.110027,40.984877],[124.108539,41.00049],[124.112675,41.004103],[124.092663,41.016573],[124.090763,41.027075],[124.08318,41.033549],[124.117344,41.037722],[124.134084,41.05382],[124.154866,41.046248],[124.156087,41.038752],[124.180364,41.024107],[124.188574,41.02733],[124.203192,41.043966],[124.225592,41.03932],[124.231581,41.050966],[124.231681,41.078661],[124.257766,41.098295],[124.295624,41.094759],[124.29892,41.083673],[124.286453,41.067411],[124.289513,41.061159],[124.308121,41.053365],[124.345094,41.072885],[124.34932,41.070668],[124.352616,41.054269],[124.36271,41.050709],[124.378068,41.061188],[124.386567,41.057076],[124.392869,41.058861],[124.411707,41.073876],[124.433344,41.072377],[124.445872,41.063721],[124.474566,41.059635],[124.504953,41.04766],[124.512312,41.058338],[124.538817,41.074062],[124.536192,41.087414],[124.562736,41.098732],[124.580243,41.099768],[124.605003,41.089774],[124.623756,41.093997],[124.642685,41.08948],[124.662056,41.093329],[124.674501,41.12424],[124.696824,41.123031],[124.713556,41.13119],[124.714632,41.140662],[124.73186,41.15625],[124.742602,41.15309],[124.7484,41.134158]]]]}},{"type":"Feature","properties":{"name":"滨州市","code":"371600","gb":"156371600","province":"山东省","label":[117.8379317914427,37.53197548723616]},"geometry":{"type":"MultiPolygon","coordinates":[[[[117.8065,38.27464],[117.833596,38.261084],[117.860531,38.266175],[117.874569,38.249683],[117.889628,38.252206],[117.925353,38.239851],[117.980466,38.205496],[118.037206,38.185585],[118.074708,38.184365],[118.073623,38.159409],[118.089042,38.183337],[118.117584,38.189562],[118.165097,38.177055],[118.167153,38.138537],[118.166705,38.107891],[118.170819,38.10523],[118.169118,38.113986],[118.179164,38.11787],[118.193637,38.082689],[118.222255,38.041658],[118.216515,37.969466],[118.219728,37.922626],[118.22682,37.921692],[118.237275,37.894539],[118.233185,37.868132],[118.240731,37.85552],[118.241639,37.870934],[118.249078,37.868998],[118.252438,37.843404],[118.297247,37.866739],[118.307285,37.860439],[118.321672,37.864669],[118.338859,37.827165],[118.350382,37.819955],[118.345233,37.804463],[118.350532,37.804461],[118.354875,37.798243],[118.355372,37.791004],[118.343139,37.790788],[118.336053,37.776435],[118.334891,37.762926],[118.347043,37.757192],[118.347608,37.749001],[118.331453,37.739893],[118.330925,37.728565],[118.31504,37.72734],[118.312906,37.715133],[118.295183,37.681682],[118.278521,37.66119],[118.249337,37.65371],[118.232681,37.655393],[118.207274,37.666066],[118.178326,37.660751],[118.171288,37.656909],[118.168961,37.646339],[118.151483,37.619315],[118.142424,37.592368],[118.123573,37.583772],[118.127894,37.557521],[118.138539,37.555761],[118.15033,37.562838],[118.167014,37.562774],[118.170017,37.556283],[118.167119,37.545819],[118.130332,37.515659],[118.128546,37.496396],[118.122293,37.482461],[118.114531,37.479875],[118.10585,37.464709],[118.117447,37.458561],[118.111815,37.454298],[118.10878,37.438869],[118.134826,37.440654],[118.144286,37.435828],[118.158279,37.416649],[118.154931,37.389291],[118.137973,37.391915],[118.129593,37.384628],[118.135307,37.375345],[118.149407,37.377118],[118.155715,37.36178],[118.210904,37.385032],[118.212035,37.370588],[118.216674,37.367112],[118.240368,37.366644],[118.240051,37.376037],[118.252229,37.37884],[118.256108,37.363508],[118.280698,37.362389],[118.286153,37.357701],[118.283272,37.354316],[118.309655,37.351929],[118.311731,37.305588],[118.32041,37.30001],[118.320482,37.294078],[118.336289,37.29404],[118.341602,37.29068],[118.336355,37.290702],[118.336407,37.286237],[118.349534,37.286184],[118.352765,37.278709],[118.362624,37.278825],[118.36969,37.261006],[118.36971,37.257514],[118.35829,37.253857],[118.355116,37.24414],[118.343314,37.243106],[118.340916,37.23167],[118.349843,37.219771],[118.355859,37.220136],[118.360065,37.210256],[118.369706,37.205377],[118.378277,37.185428],[118.371698,37.153443],[118.338371,37.133896],[118.33368,37.116222],[118.337491,37.118443],[118.341198,37.114759],[118.344374,37.101619],[118.336603,37.102255],[118.332232,37.097895],[118.337138,37.088669],[118.331645,37.088518],[118.326859,37.08138],[118.332373,37.074194],[118.33229,37.05362],[118.319191,37.045717],[118.319119,37.033162],[118.284714,37.009228],[118.283107,36.999252],[118.276909,37.004887],[118.262995,37.006365],[118.245176,37.001598],[118.241379,36.985531],[118.22927,36.984751],[118.221963,36.973801],[118.199942,36.961746],[118.186478,36.970481],[118.186994,36.977135],[118.177302,36.977607],[118.155077,36.98132],[118.145405,36.987937],[118.132791,37.008414],[118.12804,37.026221],[118.132924,37.042283],[118.14544,37.046956],[118.152531,37.062147],[118.130063,37.064698],[118.126583,37.089673],[118.105518,37.095593],[118.056745,37.082511],[118.039361,37.101421],[118.03878,37.106057],[118.049256,37.109975],[118.050907,37.105391],[118.073131,37.120241],[118.058522,37.13927],[118.052875,37.157308],[118.073839,37.183364],[118.067953,37.203279],[118.04164,37.204958],[118.040022,37.215871],[118.02783,37.221236],[118.016795,37.2215],[118.013839,37.209713],[118.004815,37.206871],[117.986397,37.212545],[117.975398,37.209862],[117.967463,37.220733],[117.973532,37.233539],[117.990238,37.245152],[117.984688,37.261755],[117.960003,37.271065],[117.941256,37.26119],[117.942408,37.270532],[117.934981,37.280442],[117.903894,37.264754],[117.883766,37.261678],[117.87243,37.271191],[117.850558,37.280324],[117.821625,37.279751],[117.777312,37.248494],[117.762333,37.245208],[117.697746,37.254845],[117.663964,37.272259],[117.650839,37.272468],[117.637649,37.264575],[117.626131,37.250552],[117.617933,37.221247],[117.590572,37.199835],[117.585591,37.169668],[117.579857,37.159797],[117.57159,37.153271],[117.545511,37.14551],[117.551248,37.123871],[117.567834,37.121588],[117.571113,37.116326],[117.567883,37.110446],[117.562113,37.109848],[117.562062,37.105512],[117.568908,37.088785],[117.577972,37.08559],[117.6129,37.089886],[117.667996,37.07285],[117.719536,37.068716],[117.73197,37.064214],[117.793917,37.070457],[117.839841,37.066031],[117.836727,37.04125],[117.8314,37.031598],[117.835882,37.026008],[117.860131,37.023263],[117.863581,37.018855],[117.865185,37.007882],[117.860608,37.0062],[117.860208,36.997066],[117.864638,36.985082],[117.903114,36.979737],[117.907747,36.953308],[117.926563,36.944088],[117.935656,36.928426],[117.956105,36.922264],[117.954741,36.910003],[117.944752,36.901122],[117.935254,36.899048],[117.934896,36.891911],[117.916369,36.885157],[117.907785,36.867694],[117.896303,36.86885],[117.872111,36.859538],[117.861584,36.866709],[117.85632,36.861186],[117.822173,36.855729],[117.826576,36.840768],[117.8231,36.8287],[117.816874,36.823963],[117.812522,36.797269],[117.8204,36.779916],[117.829362,36.779684],[117.844789,36.764336],[117.844217,36.747968],[117.827101,36.744572],[117.823776,36.746241],[117.82754,36.752137],[117.820091,36.762961],[117.813674,36.760955],[117.809498,36.757702],[117.811675,36.740853],[117.805154,36.738885],[117.791623,36.723365],[117.786338,36.707083],[117.773,36.703644],[117.775071,36.696587],[117.771827,36.694889],[117.751443,36.696627],[117.744606,36.701926],[117.741489,36.695101],[117.720544,36.689381],[117.712034,36.697561],[117.714267,36.709494],[117.731138,36.718813],[117.734593,36.723687],[117.731521,36.728249],[117.733636,36.737125],[117.745886,36.748683],[117.715365,36.75707],[117.696893,36.751009],[117.68978,36.754383],[117.679368,36.762102],[117.679558,36.776316],[117.673026,36.785425],[117.63698,36.802405],[117.584339,36.837599],[117.586932,36.840829],[117.583839,36.848193],[117.575959,36.848803],[117.570445,36.860252],[117.570523,36.874096],[117.579126,36.887052],[117.586644,36.888078],[117.586109,36.893493],[117.568889,36.903918],[117.564202,36.917104],[117.526658,36.931268],[117.53353,36.941152],[117.545418,36.933882],[117.550506,36.941566],[117.559041,36.944968],[117.562009,36.956887],[117.542987,36.965862],[117.543144,36.969551],[117.549989,36.968922],[117.549046,36.975734],[117.542903,36.979545],[117.525993,36.97407],[117.525239,36.968196],[117.513658,36.956629],[117.503755,36.968813],[117.488353,36.971016],[117.472878,36.965142],[117.470777,36.960344],[117.424195,36.953163],[117.39771,36.950977],[117.3867,36.959084],[117.376693,36.955626],[117.372774,36.966605],[117.357709,36.980325],[117.367318,36.999751],[117.359051,37.008629],[117.340728,37.002333],[117.323477,37.006546],[117.307853,37.032416],[117.330005,37.037892],[117.332014,37.047715],[117.326592,37.06857],[117.330297,37.073304],[117.360903,37.069356],[117.391062,37.085839],[117.435809,37.094156],[117.454035,37.107969],[117.444806,37.128261],[117.446438,37.140981],[117.428046,37.191604],[117.413125,37.197052],[117.395715,37.223851],[117.403608,37.239584],[117.422626,37.238113],[117.417287,37.24466],[117.42203,37.253367],[117.437444,37.249127],[117.439155,37.252534],[117.430462,37.257909],[117.422988,37.288567],[117.417267,37.294387],[117.416836,37.307072],[117.408418,37.313118],[117.401558,37.310324],[117.399843,37.330008],[117.407869,37.334475],[117.410082,37.347511],[117.398177,37.352619],[117.401536,37.374437],[117.389994,37.373302],[117.387011,37.390434],[117.383377,37.387366],[117.369749,37.389793],[117.349274,37.401065],[117.360632,37.405681],[117.357274,37.41044],[117.362745,37.428291],[117.352507,37.448085],[117.3357,37.455681],[117.321453,37.454425],[117.32208,37.448649],[117.295473,37.449835],[117.292595,37.457896],[117.301083,37.460016],[117.300514,37.462974],[117.284918,37.463293],[117.27615,37.467869],[117.280247,37.485812],[117.295258,37.4875],[117.296467,37.482929],[117.314848,37.487405],[117.315666,37.502919],[117.277753,37.507427],[117.273555,37.522371],[117.257778,37.528205],[117.260997,37.528174],[117.258458,37.53786],[117.274875,37.545991],[117.278038,37.560381],[117.274984,37.577126],[117.284745,37.577485],[117.291006,37.584421],[117.302137,37.586446],[117.302897,37.600876],[117.313042,37.61904],[117.311679,37.629311],[117.298406,37.637453],[117.303883,37.642059],[117.308445,37.66443],[117.317519,37.666879],[117.32289,37.675885],[117.341002,37.677987],[117.340597,37.700106],[117.345308,37.706508],[117.359999,37.692617],[117.35909,37.67827],[117.35059,37.665059],[117.351234,37.65772],[117.358959,37.649577],[117.383948,37.657195],[117.399244,37.680758],[117.428333,37.669528],[117.445357,37.672082],[117.449994,37.661266],[117.468618,37.650561],[117.475731,37.656859],[117.473705,37.664664],[117.48237,37.676755],[117.489199,37.680055],[117.493748,37.677488],[117.500284,37.686007],[117.508581,37.688523],[117.525461,37.688409],[117.537339,37.703266],[117.533244,37.704749],[117.533481,37.712987],[117.541925,37.716533],[117.546993,37.711218],[117.550659,37.713084],[117.540253,37.725241],[117.538176,37.746961],[117.526244,37.747799],[117.515585,37.758732],[117.541311,37.766945],[117.55418,37.799821],[117.560783,37.800769],[117.560359,37.812226],[117.582088,37.822127],[117.600397,37.844435],[117.573712,37.860164],[117.575898,37.867361],[117.571716,37.877437],[117.560824,37.882071],[117.541768,37.880571],[117.533222,37.885922],[117.536523,37.905095],[117.523614,37.920137],[117.524144,37.924394],[117.543115,37.940964],[117.566831,37.953427],[117.56482,37.959857],[117.558913,37.960589],[117.563663,37.985244],[117.555226,38.003184],[117.533722,38.010754],[117.541283,38.028465],[117.55706,38.039604],[117.568329,38.062618],[117.581528,38.072357],[117.655777,38.070705],[117.673088,38.077263],[117.70034,38.077709],[117.718147,38.091591],[117.737875,38.123291],[117.765618,38.134268],[117.760206,38.16335],[117.769732,38.167865],[117.787802,38.167039],[117.795666,38.172987],[117.782801,38.180139],[117.790701,38.195363],[117.784655,38.202987],[117.800248,38.217256],[117.799169,38.225771],[117.80773,38.231117],[117.809295,38.239665],[117.806223,38.246929],[117.787612,38.261992],[117.79844,38.275861],[117.8065,38.27464]]]]}},{"type":"Feature","properties":{"name":"周口市","code":"411600","gb":"156411600","province":"河南省","label":[114.87771294998278,33.72213063209957]},"geometry":{"type":"MultiPolygon","coordinates":[[[[114.433224,34.32962],[114.447711,34.321512],[114.457929,34.322415],[114.457381,34.332113],[114.473583,34.332618],[114.480442,34.329903],[114.480293,34.322009],[114.490468,34.311549],[114.508129,34.309979],[114.508099,34.315765],[114.522929,34.311675],[114.526834,34.306439],[114.520454,34.305104],[114.523729,34.28372],[114.549434,34.288708],[114.545365,34.278852],[114.550476,34.269784],[114.594339,34.27384],[114.60274,34.264537],[114.616737,34.261085],[114.620648,34.262721],[114.631065,34.262229],[114.644829,34.248546],[114.667182,34.252493],[114.669536,34.243498],[114.679578,34.242986],[114.682397,34.247348],[114.708823,34.242807],[114.714288,34.232025],[114.706298,34.23566],[114.705765,34.231634],[114.71026,34.226426],[114.72411,34.224362],[114.734,34.234687],[114.75539,34.238042],[114.757174,34.244333],[114.75,34.249355],[114.755604,34.255472],[114.7732,34.257096],[114.783488,34.262636],[114.807331,34.260176],[114.826741,34.269424],[114.827171,34.290644],[114.859019,34.27126],[114.874545,34.271565],[114.880243,34.265376],[114.894659,34.266055],[114.8954,34.28469],[114.890824,34.285887],[114.905169,34.285467],[114.904921,34.28178],[114.932698,34.281915],[114.937327,34.263439],[114.949311,34.268554],[114.960037,34.255819],[114.968327,34.256392],[114.967048,34.263337],[114.973377,34.269352],[114.990951,34.251361],[114.991042,34.246559],[115.028986,34.252446],[115.040851,34.23104],[115.055128,34.224597],[115.084175,34.222153],[115.10176,34.206056],[115.115473,34.210487],[115.118091,34.206356],[115.11192,34.189849],[115.124197,34.176707],[115.126705,34.157892],[115.115082,34.127586],[115.11916,34.10697],[115.110693,34.098918],[115.110619,34.091202],[115.114159,34.069896],[115.132158,34.058537],[115.133346,34.05383],[115.115066,34.025095],[115.065907,34.023619],[115.075878,34.00274],[115.061357,33.987709],[115.053769,33.985362],[115.052704,33.979544],[115.057366,33.976498],[115.052927,33.956402],[115.043655,33.956783],[115.040549,33.94857],[115.049901,33.938269],[115.059746,33.942399],[115.065805,33.937281],[115.099068,33.933826],[115.103548,33.956411],[115.107678,33.963671],[115.115299,33.964513],[115.134758,33.963037],[115.136101,33.950872],[115.150329,33.945932],[115.164677,33.947947],[115.177991,33.955629],[115.180039,33.963266],[115.202896,33.968078],[115.201257,33.974946],[115.18888,33.981341],[115.186977,33.991725],[115.19375,33.99357],[115.199384,33.987687],[115.22087,33.980249],[115.226104,33.985722],[115.236845,33.98042],[115.254265,33.98357],[115.241627,34.007694],[115.242581,34.018237],[115.247782,34.022773],[115.264014,34.018527],[115.288458,34.023756],[115.291308,34.020512],[115.283384,34.006509],[115.288308,33.99581],[115.307984,33.996916],[115.309886,34.005048],[115.315399,34.008391],[115.327923,34.007178],[115.339318,34.018089],[115.350911,34.018267],[115.39042,33.997041],[115.42475,33.988388],[115.450466,33.987562],[115.45648,34.00026],[115.455453,34.011706],[115.46699,34.00804],[115.482307,34.021431],[115.493313,34.015325],[115.510907,34.021632],[115.520687,34.015185],[115.533733,34.022228],[115.531568,34.031358],[115.544103,34.040652],[115.543027,34.079521],[115.535901,34.082969],[115.539651,34.08598],[115.551265,34.092627],[115.57887,34.083061],[115.58463,34.0834],[115.585514,34.088748],[115.613148,34.082348],[115.618202,34.083886],[115.617399,34.08776],[115.627486,34.089766],[115.640574,34.082276],[115.644472,34.066902],[115.635757,34.044979],[115.629234,34.039173],[115.601425,34.038174],[115.59433,34.033966],[115.597122,34.014267],[115.58226,33.996204],[115.579804,33.977821],[115.564316,33.948509],[115.549286,33.891666],[115.541969,33.88493],[115.556656,33.874317],[115.569572,33.87965],[115.588638,33.868969],[115.619583,33.881683],[115.626327,33.87212],[115.626312,33.837936],[115.61039,33.784306],[115.598946,33.77821],[115.574631,33.787113],[115.56076,33.778694],[115.564278,33.764969],[115.591743,33.726927],[115.594307,33.670918],[115.626045,33.614311],[115.63195,33.586838],[115.569504,33.579567],[115.551697,33.559376],[115.481087,33.555885],[115.462356,33.561848],[115.452049,33.570942],[115.407524,33.559216],[115.403221,33.528523],[115.392547,33.50555],[115.367462,33.522037],[115.357926,33.519672],[115.339592,33.504055],[115.344368,33.468555],[115.339966,33.455189],[115.313812,33.4491],[115.30851,33.440079],[115.310276,33.426447],[115.32682,33.397881],[115.310913,33.385963],[115.31031,33.374714],[115.336624,33.37117],[115.343857,33.34993],[115.356651,33.33794],[115.357918,33.328781],[115.353706,33.320232],[115.339653,33.311787],[115.333069,33.298847],[115.334969,33.270424],[115.321564,33.228485],[115.292602,33.201702],[115.286781,33.178448],[115.287025,33.137615],[115.255531,33.130749],[115.241179,33.139835],[115.22419,33.130299],[115.178818,33.122295],[115.16832,33.115944],[115.157898,33.092846],[115.150345,33.089058],[115.10659,33.083576],[115.055023,33.086441],[115.039024,33.09491],[115.025826,33.088272],[115.012268,33.097233],[114.989777,33.103519],[114.983368,33.109611],[114.982002,33.121521],[114.96431,33.132011],[114.973375,33.144737],[114.956123,33.155739],[114.92878,33.158951],[114.921028,33.140694],[114.898651,33.129761],[114.889824,33.088535],[114.89462,33.081588],[114.850503,33.079502],[114.853053,33.062057],[114.848347,33.050941],[114.825327,33.061135],[114.815721,33.057495],[114.809331,33.063779],[114.798886,33.056895],[114.793486,33.060019],[114.797638,33.065022],[114.791052,33.070668],[114.767881,33.069457],[114.755002,33.114179],[114.745408,33.113088],[114.738328,33.106851],[114.729215,33.125592],[114.714822,33.129985],[114.710438,33.149737],[114.699296,33.149478],[114.699284,33.160901],[114.688305,33.172432],[114.674215,33.177477],[114.694375,33.198849],[114.690456,33.206442],[114.709034,33.216779],[114.719355,33.239974],[114.718305,33.253021],[114.72533,33.253554],[114.724753,33.265543],[114.716118,33.282523],[114.724716,33.283364],[114.723756,33.292888],[114.715169,33.299034],[114.708735,33.302249],[114.689335,33.295559],[114.679154,33.298393],[114.678844,33.317132],[114.668529,33.317983],[114.666161,33.308938],[114.65799,33.310959],[114.664468,33.322273],[114.661989,33.34513],[114.650881,33.348531],[114.650151,33.355855],[114.644869,33.357277],[114.628176,33.343039],[114.618023,33.34194],[114.602549,33.359348],[114.581451,33.36189],[114.565487,33.38115],[114.571135,33.390226],[114.566155,33.399582],[114.571705,33.412871],[114.568022,33.41917],[114.560439,33.418641],[114.556528,33.425772],[114.528854,33.42756],[114.527272,33.418492],[114.487423,33.418214],[114.480877,33.446514],[114.462495,33.441886],[114.460725,33.433834],[114.452653,33.440524],[114.454605,33.459504],[114.440933,33.46491],[114.431621,33.464459],[114.423803,33.458118],[114.408093,33.463248],[114.37627,33.454816],[114.356075,33.457204],[114.348232,33.454623],[114.347482,33.448712],[114.343046,33.45004],[114.345254,33.463692],[114.321942,33.469913],[114.320006,33.47537],[114.30264,33.486712],[114.27896,33.476886],[114.270808,33.515403],[114.288845,33.527745],[114.290873,33.561135],[114.278228,33.5606],[114.271916,33.565572],[114.25672,33.590599],[114.255069,33.598945],[114.272416,33.606169],[114.279677,33.614474],[114.27924,33.621917],[114.256751,33.630743],[114.254103,33.637508],[114.258548,33.659362],[114.252163,33.670331],[114.263975,33.679873],[114.263526,33.684494],[114.245432,33.687142],[114.245211,33.706294],[114.213916,33.698456],[114.20732,33.692168],[114.193259,33.692994],[114.18055,33.683921],[114.180945,33.677213],[114.168502,33.666318],[114.15619,33.671287],[114.148044,33.665699],[114.145519,33.652586],[114.113365,33.654011],[114.110088,33.657107],[114.113434,33.671872],[114.109775,33.684796],[114.091719,33.684277],[114.094649,33.697389],[114.084674,33.720187],[114.087731,33.72021],[114.087752,33.733431],[114.101707,33.733299],[114.103724,33.74263],[114.091236,33.760983],[114.092002,33.766246],[114.136426,33.767227],[114.129629,33.801141],[114.135104,33.810817],[114.14119,33.806034],[114.152131,33.806856],[114.159157,33.798739],[114.171046,33.807598],[114.194108,33.798374],[114.206249,33.79979],[114.212988,33.794449],[114.235832,33.791352],[114.238615,33.782111],[114.258986,33.782179],[114.263462,33.774099],[114.276757,33.768349],[114.304126,33.784463],[114.307897,33.806324],[114.320947,33.812672],[114.317809,33.833293],[114.294663,33.843491],[114.294561,33.853859],[114.305815,33.854724],[114.308119,33.861147],[114.310179,33.882897],[114.30033,33.890253],[114.292521,33.950316],[114.297089,33.961049],[114.301251,33.961232],[114.30178,33.979827],[114.30737,33.981194],[114.305274,33.995733],[114.2828,34.007465],[114.282621,34.04588],[114.268558,34.047683],[114.267343,34.066509],[114.261998,34.066727],[114.260996,34.087757],[114.251293,34.094096],[114.253883,34.100043],[114.26938,34.100158],[114.268021,34.111994],[114.275369,34.116036],[114.287195,34.133126],[114.272123,34.159554],[114.269584,34.176976],[114.271425,34.194874],[114.280882,34.204988],[114.281369,34.217173],[114.254814,34.252782],[114.266092,34.261028],[114.271717,34.271739],[114.283232,34.274998],[114.323311,34.265465],[114.341302,34.251826],[114.380878,34.244009],[114.401382,34.247073],[114.407355,34.25223],[114.409846,34.267944],[114.424657,34.266394],[114.43317,34.273474],[114.437401,34.285608],[114.434321,34.295518],[114.419804,34.305814],[114.407621,34.306021],[114.409484,34.3098],[114.428958,34.31549],[114.431655,34.328686],[114.422433,34.335165],[114.425027,34.338648],[114.4346,34.337793],[114.433224,34.32962]]]]}},{"type":"Feature","properties":{"name":"东营市","code":"370500","gb":"156370500","province":"山东省","label":[118.60052504185727,37.62876837399936]},"geometry":{"type":"MultiPolygon","coordinates":[[[[118.847249,38.144071],[118.846194,38.121315],[118.872685,38.123572],[118.886516,38.133027],[118.948485,38.098734],[118.964754,38.056358],[118.981411,38.029042],[118.968623,38.007413],[118.991704,37.977507],[119.002587,37.950634],[119.030768,37.950154],[119.089039,37.912598],[119.096705,37.852201],[119.071184,37.83609],[119.069551,37.816502],[119.097992,37.806156],[119.090966,37.785884],[119.112489,37.779879],[119.155269,37.787657],[119.171674,37.771066],[119.19539,37.797646],[119.206862,37.798441],[119.228352,37.779281],[119.257727,37.798068],[119.283741,37.794892],[119.27697,37.772833],[119.240487,37.751441],[119.200666,37.762689],[119.178419,37.748634],[119.245628,37.705265],[119.238308,37.682571],[119.170949,37.722522],[119.157258,37.715195],[119.114036,37.718453],[119.091517,37.708801],[119.057091,37.727637],[119.028051,37.724679],[119.035142,37.684542],[119.009872,37.655985],[118.963877,37.618216],[118.950437,37.592938],[118.931338,37.535032],[118.904248,37.527255],[118.92197,37.488393],[118.927545,37.478214],[118.912792,37.419535],[118.935859,37.375555],[118.942739,37.344236],[118.960555,37.313286],[118.771914,37.279492],[118.707204,37.24313],[118.66049,37.225357],[118.66888,37.217021],[118.666209,37.203776],[118.654777,37.187356],[118.643785,37.188532],[118.637503,37.174495],[118.628085,37.170786],[118.630766,37.160843],[118.640067,37.158864],[118.64585,37.162821],[118.646078,37.150493],[118.666186,37.138368],[118.662711,37.101171],[118.658271,37.101661],[118.656354,37.094522],[118.662911,37.088103],[118.659474,37.081401],[118.626682,37.069946],[118.626443,37.066375],[118.605422,37.062623],[118.586163,37.068106],[118.554964,37.062032],[118.550488,37.040545],[118.539838,37.038059],[118.538967,37.024649],[118.582919,37.017035],[118.583749,37.001362],[118.562069,37.006105],[118.560652,36.998511],[118.568424,36.996016],[118.572498,37.000301],[118.575022,36.996826],[118.569548,36.993604],[118.558156,36.993811],[118.552523,37.002882],[118.54861,37.000952],[118.546864,36.979316],[118.552695,36.979306],[118.551381,36.965513],[118.556571,36.95098],[118.548749,36.937952],[118.539291,36.93612],[118.515833,36.943498],[118.497631,36.943647],[118.497992,36.951076],[118.480411,36.955879],[118.468571,36.955377],[118.461756,36.945167],[118.46029,36.94062],[118.426727,36.94406],[118.401053,36.941146],[118.379664,36.94815],[118.381608,36.970535],[118.377052,36.974048],[118.34628,36.9743],[118.344849,36.966037],[118.338331,36.960086],[118.318797,36.964164],[118.312185,36.972275],[118.287793,36.966058],[118.283107,36.999252],[118.284714,37.009228],[118.319119,37.033162],[118.319191,37.045717],[118.33229,37.05362],[118.332373,37.074194],[118.326859,37.08138],[118.331645,37.088518],[118.337138,37.088669],[118.332232,37.097895],[118.336603,37.102255],[118.344374,37.101619],[118.341198,37.114759],[118.337491,37.118443],[118.33368,37.116222],[118.338371,37.133896],[118.371698,37.153443],[118.378277,37.185428],[118.369706,37.205377],[118.360065,37.210256],[118.355859,37.220136],[118.349843,37.219771],[118.340916,37.23167],[118.343314,37.243106],[118.355116,37.24414],[118.35829,37.253857],[118.36971,37.257514],[118.36969,37.261006],[118.362624,37.278825],[118.352765,37.278709],[118.349534,37.286184],[118.336407,37.286237],[118.336355,37.290702],[118.341602,37.29068],[118.336289,37.29404],[118.320482,37.294078],[118.32041,37.30001],[118.311731,37.305588],[118.309655,37.351929],[118.283272,37.354316],[118.286153,37.357701],[118.280698,37.362389],[118.256108,37.363508],[118.252229,37.37884],[118.240051,37.376037],[118.240368,37.366644],[118.216674,37.367112],[118.212035,37.370588],[118.210904,37.385032],[118.155715,37.36178],[118.149407,37.377118],[118.135307,37.375345],[118.129593,37.384628],[118.137973,37.391915],[118.154931,37.389291],[118.158279,37.416649],[118.144286,37.435828],[118.134826,37.440654],[118.10878,37.438869],[118.111815,37.454298],[118.117447,37.458561],[118.10585,37.464709],[118.114531,37.479875],[118.122293,37.482461],[118.128546,37.496396],[118.130332,37.515659],[118.167119,37.545819],[118.170017,37.556283],[118.167014,37.562774],[118.15033,37.562838],[118.138539,37.555761],[118.127894,37.557521],[118.123573,37.583772],[118.142424,37.592368],[118.151483,37.619315],[118.168961,37.646339],[118.171288,37.656909],[118.178326,37.660751],[118.207274,37.666066],[118.232681,37.655393],[118.249337,37.65371],[118.278521,37.66119],[118.295183,37.681682],[118.312906,37.715133],[118.31504,37.72734],[118.330925,37.728565],[118.331453,37.739893],[118.347608,37.749001],[118.347043,37.757192],[118.334891,37.762926],[118.336053,37.776435],[118.343139,37.790788],[118.355372,37.791004],[118.354875,37.798243],[118.350532,37.804461],[118.345233,37.804463],[118.350382,37.819955],[118.338859,37.827165],[118.321672,37.864669],[118.307285,37.860439],[118.297247,37.866739],[118.252438,37.843404],[118.249078,37.868998],[118.241639,37.870934],[118.240731,37.85552],[118.233185,37.868132],[118.237275,37.894539],[118.22682,37.921692],[118.219728,37.922626],[118.216515,37.969466],[118.222255,38.041658],[118.193637,38.082689],[118.179164,38.11787],[118.169118,38.113986],[118.170819,38.10523],[118.166705,38.107891],[118.167153,38.138537],[118.22182,38.134898],[118.23378,38.125507],[118.266425,38.130779],[118.301889,38.120769],[118.326748,38.12122],[118.337045,38.106378],[118.416092,38.106],[118.421697,38.101891],[118.487427,38.096321],[118.512253,38.083905],[118.527766,38.061662],[118.554154,38.056985],[118.5642,38.044127],[118.577574,38.066095],[118.614962,38.087022],[118.647342,38.08603],[118.643959,38.103029],[118.670985,38.102117],[118.680575,38.109784],[118.692511,38.142124],[118.712899,38.131254],[118.722006,38.106228],[118.752897,38.088771],[118.768818,38.11467],[118.76728,38.13161],[118.801738,38.146502],[118.847249,38.144071]]]]}},{"type":"Feature","properties":{"name":"鹤壁市","code":"410600","gb":"156410600","province":"河南省","label":[114.31139162978906,35.7213145616612]},"geometry":{"type":"MultiPolygon","coordinates":[[[[114.164596,35.998477],[114.176477,35.982758],[114.189748,35.984324],[114.192071,35.988591],[114.2112,35.994083],[114.239134,35.972605],[114.275367,35.974968],[114.272526,35.948019],[114.282314,35.948341],[114.289198,35.960231],[114.303814,35.959212],[114.302193,35.948841],[114.289397,35.940583],[114.297477,35.931131],[114.294383,35.925309],[114.271771,35.925936],[114.265978,35.909635],[114.264929,35.90018],[114.268535,35.895878],[114.286442,35.892994],[114.256352,35.871001],[114.248134,35.875194],[114.242579,35.872871],[114.242621,35.863365],[114.224902,35.854671],[114.225112,35.849416],[114.229474,35.848892],[114.231622,35.809504],[114.236358,35.807382],[114.239151,35.793806],[114.246482,35.793711],[114.257998,35.777241],[114.250696,35.774505],[114.250055,35.767392],[114.263857,35.761198],[114.275391,35.769599],[114.270475,35.780669],[114.28501,35.787799],[114.288763,35.796038],[114.324084,35.795994],[114.328986,35.799031],[114.335719,35.817545],[114.39465,35.816282],[114.405651,35.826782],[114.418963,35.826722],[114.436154,35.818624],[114.440486,35.8231],[114.468514,35.828349],[114.469884,35.83607],[114.487927,35.841282],[114.511592,35.838758],[114.5455,35.826609],[114.553281,35.830301],[114.557592,35.838182],[114.581849,35.84246],[114.58865,35.828592],[114.62006,35.7974],[114.6566,35.790893],[114.662837,35.78356],[114.699022,35.788789],[114.712874,35.778947],[114.725257,35.779223],[114.744755,35.758472],[114.746725,35.73943],[114.736857,35.715653],[114.720917,35.697466],[114.702557,35.694736],[114.68316,35.685677],[114.66814,35.652239],[114.657568,35.649475],[114.64104,35.65506],[114.613632,35.64727],[114.608021,35.631484],[114.582357,35.617468],[114.576619,35.621265],[114.571765,35.616179],[114.554646,35.614352],[114.545304,35.617704],[114.538332,35.601007],[114.531599,35.602885],[114.519693,35.598635],[114.493956,35.609741],[114.48784,35.596347],[114.494933,35.591259],[114.49671,35.581824],[114.48741,35.587384],[114.480311,35.586582],[114.467621,35.564316],[114.425148,35.541588],[114.38849,35.513695],[114.386653,35.510149],[114.398016,35.495698],[114.413815,35.483069],[114.41389,35.474711],[114.404497,35.469694],[114.389843,35.478735],[114.382502,35.477929],[114.373011,35.46322],[114.34889,35.467888],[114.338173,35.46262],[114.335111,35.451873],[114.321819,35.44414],[114.29942,35.449877],[114.293587,35.459747],[114.26381,35.465607],[114.265617,35.481826],[114.277857,35.490876],[114.283424,35.501076],[114.261581,35.501515],[114.252522,35.496756],[114.237663,35.510611],[114.218335,35.517689],[114.217217,35.522955],[114.206378,35.527037],[114.185075,35.525544],[114.183587,35.521942],[114.149949,35.528062],[114.113298,35.552177],[114.093768,35.556149],[114.075483,35.566681],[114.066393,35.580191],[114.064276,35.592531],[114.054902,35.598021],[114.05032,35.625122],[114.058275,35.636755],[114.046013,35.64584],[114.05008,35.660642],[114.045061,35.675209],[114.021604,35.682924],[114.023739,35.692554],[113.997523,35.698713],[113.990707,35.706205],[113.993014,35.723201],[114.013797,35.72626],[114.037037,35.745442],[114.05249,35.749608],[114.061915,35.757314],[114.065133,35.7672],[114.060028,35.775542],[114.074961,35.782068],[114.070918,35.799759],[114.078959,35.803712],[114.062462,35.805414],[114.04008,35.797269],[114.017393,35.797107],[114.016291,35.803696],[114.027657,35.822008],[114.001741,35.857759],[114.038922,35.859209],[114.048644,35.868513],[114.062385,35.871246],[114.079421,35.908834],[114.073211,35.916949],[114.026482,35.941264],[114.02378,35.96575],[114.027678,35.975147],[114.063731,35.960656],[114.067672,35.975346],[114.070454,35.971665],[114.103306,35.983868],[114.097652,35.997211],[114.114134,36.028085],[114.139517,36.033893],[114.146249,36.046534],[114.169857,36.05208],[114.173917,36.037422],[114.164596,35.998477]]]]}},{"type":"Feature","properties":{"name":"包头市","code":"150200","gb":"156150200","province":"内蒙古自治区","label":[110.25974669612492,41.55026723298812]},"geometry":{"type":"MultiPolygon","coordinates":[[[[110.471305,42.65067],[110.515738,42.62431],[110.571211,42.571951],[110.632895,42.490065],[110.698535,42.469139],[110.723904,42.440838],[110.716987,42.391958],[110.744466,42.292808],[110.767424,42.261164],[110.776933,42.238186],[110.778349,42.174556],[110.843962,42.109607],[110.917281,42.017762],[110.963953,41.943576],[110.979304,41.933381],[111.030528,41.823384],[111.072285,41.784169],[111.092684,41.782231],[111.114079,41.76948],[111.144143,41.732995],[111.237073,41.667721],[111.264666,41.657956],[111.292503,41.657754],[111.297007,41.645155],[111.306785,41.640089],[111.332714,41.646313],[111.355638,41.642155],[111.373289,41.626304],[111.375881,41.600265],[111.386662,41.593013],[111.404881,41.561562],[111.427897,41.54035],[111.437976,41.495551],[111.439202,41.469211],[111.426991,41.423353],[111.415461,41.40999],[111.396489,41.39848],[111.379872,41.378236],[111.417603,41.345073],[111.418587,41.316806],[111.38844,41.309993],[111.348495,41.311165],[111.340887,41.301367],[111.34355,41.297297],[111.330532,41.287173],[111.322787,41.286632],[111.317182,41.301296],[111.273256,41.288704],[111.246254,41.262025],[111.253052,41.255832],[111.253562,41.246159],[111.229444,41.238473],[111.155879,41.281593],[111.130997,41.283967],[111.128989,41.28905],[111.111839,41.297424],[111.112598,41.301085],[111.095744,41.306259],[111.085861,41.284969],[111.025486,41.29867],[111.025186,41.311428],[111.018383,41.32288],[111.004341,41.333368],[110.990205,41.334844],[110.977776,41.345526],[110.960934,41.346318],[110.955115,41.327803],[110.941209,41.316549],[110.893587,41.332372],[110.869577,41.355371],[110.815362,41.356678],[110.815752,41.364348],[110.82322,41.373458],[110.820435,41.381387],[110.809876,41.38444],[110.75594,41.372263],[110.737036,41.379218],[110.733112,41.385488],[110.716856,41.383358],[110.699663,41.371764],[110.704127,41.360479],[110.691773,41.360763],[110.648555,41.337143],[110.629003,41.317055],[110.606084,41.316827],[110.576938,41.330293],[110.566562,41.330969],[110.557938,41.327543],[110.567944,41.31936],[110.567462,41.312546],[110.54721,41.287621],[110.53504,41.293078],[110.512679,41.291776],[110.511691,41.286698],[110.521404,41.277591],[110.558822,41.260943],[110.56346,41.246055],[110.550958,41.22958],[110.556196,41.221463],[110.578316,41.216139],[110.595054,41.219189],[110.607912,41.20596],[110.61716,41.184988],[110.619691,41.165226],[110.650192,41.164343],[110.648848,41.152596],[110.639534,41.145181],[110.640118,41.103845],[110.649447,41.094272],[110.648681,41.086861],[110.659229,41.063618],[110.667006,41.061181],[110.672104,41.05309],[110.654659,41.039152],[110.651131,41.031674],[110.65263,41.006491],[110.638841,40.992773],[110.622763,40.987761],[110.618744,40.979614],[110.627532,40.962749],[110.623337,40.941622],[110.627698,40.930416],[110.640225,40.918506],[110.658046,40.919678],[110.675667,40.927844],[110.696278,40.926375],[110.708327,40.938461],[110.71893,40.936335],[110.718728,40.932416],[110.738984,40.917674],[110.740628,40.904895],[110.733363,40.897949],[110.720209,40.862104],[110.729615,40.856449],[110.72704,40.835752],[110.723304,40.823614],[110.713496,40.814802],[110.704678,40.804486],[110.715308,40.791209],[110.726896,40.784939],[110.743797,40.793106],[110.779525,40.790113],[110.775217,40.784279],[110.784168,40.777684],[110.790576,40.743907],[110.785819,40.734806],[110.786219,40.723016],[110.80379,40.706784],[110.797631,40.697667],[110.782061,40.687937],[110.792937,40.639652],[110.790508,40.63599],[110.801046,40.61346],[110.79669,40.611207],[110.825481,40.585405],[110.847985,40.59251],[110.853706,40.599176],[110.859872,40.583816],[110.875383,40.582499],[110.862631,40.561172],[110.8459,40.558454],[110.848543,40.543959],[110.83703,40.534271],[110.838714,40.524156],[110.883471,40.507937],[110.8775,40.502726],[110.88874,40.484473],[110.894436,40.48251],[110.905708,40.480791],[110.9284,40.487968],[110.938282,40.497815],[110.952902,40.497864],[110.959534,40.471507],[110.984052,40.464227],[110.989549,40.451388],[110.995575,40.450252],[111.013362,40.458017],[111.025727,40.456085],[111.027577,40.451071],[111.022847,40.446],[111.027241,40.432758],[111.022555,40.429935],[111.02605,40.424012],[111.034042,40.421525],[111.048559,40.429262],[111.074606,40.424577],[111.082867,40.402924],[111.101108,40.381133],[111.09858,40.378318],[111.115256,40.37857],[111.117946,40.367097],[111.113367,40.362553],[111.104107,40.36222],[111.106388,40.331886],[111.081893,40.334012],[111.039375,40.314104],[111.028782,40.314925],[111.021955,40.30448],[111.027031,40.295694],[111.006699,40.283537],[110.992519,40.260011],[110.964561,40.260728],[110.945936,40.271915],[110.916164,40.245701],[110.908206,40.244055],[110.88425,40.26191],[110.856754,40.271927],[110.854743,40.286486],[110.847389,40.291219],[110.826384,40.286165],[110.812247,40.266795],[110.800921,40.263823],[110.777389,40.272315],[110.760445,40.300043],[110.719292,40.310712],[110.700967,40.323704],[110.685029,40.322501],[110.658993,40.307973],[110.636274,40.306178],[110.599018,40.333767],[110.566783,40.338187],[110.543156,40.366604],[110.506845,40.387702],[110.499195,40.386274],[110.48488,40.367799],[110.473362,40.380347],[110.475064,40.398958],[110.470109,40.403329],[110.462454,40.402406],[110.455756,40.392741],[110.448599,40.390594],[110.42053,40.400509],[110.400152,40.423044],[110.372742,40.438202],[110.354559,40.461274],[110.315218,40.443145],[110.290808,40.49172],[110.282187,40.490757],[110.252719,40.470983],[110.24713,40.471011],[110.242794,40.476655],[110.244569,40.512455],[110.238032,40.52641],[110.225852,40.536389],[110.177408,40.550905],[110.168329,40.549798],[110.165653,40.545364],[110.176147,40.526818],[110.174696,40.520434],[110.135328,40.506602],[110.108516,40.508585],[110.079826,40.52862],[110.065181,40.534066],[110.052521,40.525118],[110.03407,40.520143],[110.007288,40.525428],[109.990136,40.509319],[109.977734,40.509199],[109.941287,40.527455],[109.905606,40.528449],[109.858429,40.508656],[109.798326,40.509135],[109.744779,40.491876],[109.724101,40.475989],[109.710981,40.473884],[109.697935,40.479187],[109.679118,40.496355],[109.650773,40.502367],[109.634792,40.542819],[109.623758,40.544159],[109.597987,40.537568],[109.581929,40.549091],[109.567105,40.55367],[109.541205,40.537882],[109.515895,40.515697],[109.441488,40.51921],[109.435603,40.515423],[109.428157,40.508181],[109.419316,40.515409],[109.440477,40.536549],[109.417456,40.547949],[109.427108,40.55429],[109.412228,40.591772],[109.413085,40.595972],[109.425582,40.60115],[109.424429,40.622],[109.402245,40.628202],[109.394479,40.640279],[109.40554,40.645542],[109.410027,40.660797],[109.403134,40.690619],[109.406415,40.70252],[109.433771,40.714527],[109.435268,40.724953],[109.456688,40.739195],[109.465619,40.736635],[109.472299,40.739881],[109.473237,40.748611],[109.505159,40.733692],[109.522826,40.731546],[109.540019,40.74167],[109.607555,40.736607],[109.63504,40.73896],[109.697394,40.751269],[109.715364,40.749164],[109.749517,40.757913],[109.763671,40.758349],[109.768051,40.752663],[109.786097,40.758148],[109.797979,40.775632],[109.792522,40.793238],[109.794422,40.801109],[109.814943,40.811846],[109.823873,40.81516],[109.834721,40.834039],[109.862938,40.84053],[109.869166,40.854562],[109.861653,40.877183],[109.87672,40.890883],[109.88139,40.923283],[109.872142,40.919112],[109.852584,40.935078],[109.830675,40.943364],[109.819818,40.966413],[109.823473,40.980449],[109.81974,40.992753],[109.806859,41.007153],[109.792463,41.004986],[109.784506,40.994057],[109.76987,41.000822],[109.755349,40.996939],[109.745555,41.005434],[109.740827,41.022611],[109.730927,41.034817],[109.695838,41.03552],[109.675218,41.056306],[109.678237,41.070765],[109.670289,41.087931],[109.673106,41.097394],[109.652359,41.11429],[109.652114,41.118852],[109.694341,41.112133],[109.718926,41.113899],[109.703996,41.150335],[109.678545,41.176658],[109.65321,41.211881],[109.651111,41.228894],[109.633679,41.243528],[109.632409,41.255221],[109.613955,41.276295],[109.615669,41.28277],[109.625011,41.285787],[109.629821,41.292341],[109.619993,41.304587],[109.635042,41.316215],[109.647233,41.307058],[109.653396,41.32031],[109.693025,41.322257],[109.686324,41.331792],[109.684539,41.349622],[109.692934,41.351938],[109.695856,41.358776],[109.688172,41.378339],[109.680346,41.380052],[109.677679,41.391334],[109.655463,41.395993],[109.647441,41.403085],[109.649173,41.409165],[109.620493,41.430314],[109.643818,41.44509],[109.648263,41.465164],[109.664323,41.481523],[109.658095,41.497603],[109.475601,41.497916],[109.443204,41.50453],[109.451646,41.513299],[109.441936,41.532703],[109.422464,41.549895],[109.429347,41.558956],[109.430331,41.574343],[109.425061,41.586189],[109.420617,41.627688],[109.422566,41.647665],[109.398504,41.658909],[109.389065,41.676156],[109.388952,41.696012],[109.335494,41.740579],[109.361672,41.763837],[109.340092,41.793166],[109.31111,41.806652],[109.28852,41.849948],[109.276614,41.861401],[109.25426,41.866818],[109.257125,41.887225],[109.291681,41.88829],[109.330019,41.896781],[109.341018,41.904892],[109.339076,41.915149],[109.34355,41.920556],[109.368554,41.930823],[109.482005,42.075573],[109.509643,42.137641],[109.533564,42.145498],[109.501732,42.262911],[109.466705,42.314371],[109.471028,42.343496],[109.439712,42.376493],[109.43893,42.396977],[109.431442,42.404901],[109.427414,42.42569],[109.380917,42.442833],[109.38052,42.446165],[109.388222,42.447243],[109.398851,42.448328],[109.427338,42.451237],[109.444374,42.452976],[109.480075,42.45662],[109.480705,42.456684],[109.485448,42.459728],[109.49321,42.464709],[109.497125,42.467221],[109.498878,42.468346],[109.510719,42.469341],[109.534481,42.470395],[109.538345,42.470566],[109.550518,42.478741],[109.55584,42.482315],[109.569603,42.491137],[109.581058,42.49848],[109.58383,42.500257],[109.592552,42.505848],[109.636215,42.533237],[109.661725,42.547834],[109.678017,42.557156],[109.693186,42.563312],[109.695914,42.564418],[109.727417,42.577202],[109.777588,42.593483],[109.827782,42.609741],[109.876839,42.626785],[109.900299,42.634022],[109.927422,42.635067],[109.931809,42.63523],[109.985634,42.63723],[110.043243,42.640182],[110.089584,42.642029],[110.097625,42.641129],[110.102097,42.640629],[110.109917,42.647923],[110.12074,42.659452],[110.122193,42.661],[110.13311,42.67263],[110.180092,42.688244],[110.230453,42.704739],[110.282021,42.719982],[110.331192,42.735958],[110.390411,42.711429],[110.431816,42.688355],[110.471305,42.65067]]]]}},{"type":"Feature","properties":{"name":"锡林郭勒盟","code":"152500","gb":"156152500","province":"内蒙古自治区","label":[115.48340827456855,44.19306557074791]},"geometry":{"type":"MultiPolygon","coordinates":[[[[118.90757,46.773277],[118.912018,46.767281],[118.916084,46.747025],[118.914658,46.740093],[118.905762,46.731747],[118.920616,46.722801],[118.931015,46.723854],[118.944168,46.720516],[118.953026,46.728321],[118.961243,46.733761],[118.974007,46.736759],[118.992607,46.742455],[119.004173,46.743881],[119.008057,46.735989],[119.033638,46.707031],[119.066643,46.67448],[119.075104,46.668816],[119.094177,46.652695],[119.096901,46.647507],[119.097244,46.639977],[119.115677,46.640896],[119.127457,46.649834],[119.13726,46.650482],[119.14492,46.656311],[119.153557,46.656578],[119.164383,46.653248],[119.175308,46.65308],[119.193504,46.646465],[119.211906,46.646183],[119.220657,46.650009],[119.255653,46.647083],[119.256577,46.640331],[119.261047,46.636299],[119.273453,46.628971],[119.283127,46.626041],[119.295502,46.617916],[119.306122,46.609028],[119.318687,46.606842],[119.350677,46.617405],[119.360207,46.610508],[119.366783,46.601288],[119.383263,46.612099],[119.411446,46.628254],[119.424408,46.636745],[119.438751,46.635704],[119.453033,46.633076],[119.468154,46.631063],[119.479539,46.628237],[119.480263,46.628372],[119.484451,46.627365],[119.495506,46.630733],[119.501439,46.632328],[119.501855,46.632406],[119.508426,46.633633],[119.551346,46.632088],[119.559296,46.629562],[119.577286,46.618927],[119.59214,46.616665],[119.602547,46.61805],[119.618202,46.621319],[119.628067,46.623505],[119.639595,46.624077],[119.64994,46.623875],[119.655502,46.619408],[119.666832,46.615227],[119.675323,46.603569],[119.676224,46.59206],[119.670677,46.583057],[119.696404,46.593643],[119.714996,46.598423],[119.719307,46.605072],[119.725845,46.610092],[119.732887,46.613514],[119.743835,46.614086],[119.755363,46.614643],[119.763214,46.615917],[119.770538,46.619881],[119.776703,46.624115],[119.783157,46.632301],[119.786369,46.64016],[119.793633,46.648327],[119.800232,46.654533],[119.806526,46.666683],[119.803993,46.674664],[119.797318,46.679951],[119.821846,46.674686],[119.842369,46.670292],[119.852631,46.668091],[119.896286,46.665966],[119.903663,46.667751],[119.90395,46.65139],[119.945143,46.602154],[119.901082,46.535496],[119.942412,46.492025],[119.903216,46.427442],[119.925893,46.428461],[119.954571,46.41797],[119.977825,46.41716],[119.954976,46.394002],[119.927631,46.400754],[119.894468,46.401994],[119.869865,46.397009],[119.831113,46.373906],[119.839715,46.350701],[119.867465,46.34394],[119.859812,46.326574],[119.846348,46.318823],[119.831258,46.319069],[119.831649,46.305759],[119.838417,46.298079],[119.83846,46.283185],[119.830927,46.276999],[119.829173,46.233717],[119.862371,46.22464],[119.882684,46.20859],[119.843949,46.181504],[119.844343,46.176318],[119.856379,46.173939],[119.859505,46.155572],[119.872806,46.142833],[119.87012,46.122377],[119.848701,46.106503],[119.835522,46.026482],[119.827536,46.002824],[119.801366,45.989831],[119.806249,45.981828],[119.823277,45.972983],[119.80102,45.818312],[119.744707,45.761086],[119.713558,45.75251],[119.693664,45.734748],[119.70223,45.701344],[119.674403,45.66788],[119.651011,45.672624],[119.589654,45.668344],[119.559013,45.654062],[119.539754,45.633728],[119.552645,45.614372],[119.48914,45.5484],[119.38941,45.510461],[119.297344,45.466242],[119.312919,45.440322],[119.300066,45.433824],[119.306436,45.383584],[119.241411,45.301572],[119.314844,45.244119],[119.315379,45.243721],[119.318919,45.235213],[119.314963,45.217957],[119.30485,45.210248],[119.300204,45.190059],[119.314039,45.178457],[119.326891,45.176959],[119.355413,45.16284],[119.357687,45.15471],[119.348712,45.150779],[119.360136,45.134462],[119.364206,45.117677],[119.362831,45.098657],[119.340828,45.082844],[119.338195,45.076263],[119.333504,45.074197],[119.28664,45.085194],[119.281482,45.119542],[119.272228,45.126683],[119.21908,45.141787],[119.209236,45.151032],[119.197878,45.147363],[119.152071,45.098047],[119.149776,45.072542],[119.172005,45.056026],[119.176719,45.046054],[119.204629,45.047932],[119.214543,45.043096],[119.189999,45.030593],[119.205176,45.024816],[119.214921,45.026271],[119.223903,45.017123],[119.215844,45.009013],[119.216996,45.000186],[119.204078,44.996312],[119.162164,45.013483],[119.153109,45.004333],[119.149444,44.989178],[119.158798,44.979787],[119.165414,44.978909],[119.16746,44.965906],[119.178576,44.951701],[119.190186,44.95329],[119.210748,44.944074],[119.222838,44.932662],[119.219288,44.921291],[119.222507,44.914856],[119.217952,44.907998],[119.138825,44.923071],[119.120951,44.917568],[119.100361,44.918607],[119.075011,44.936223],[119.064959,44.923211],[119.072809,44.909557],[119.061742,44.866666],[119.07684,44.85255],[119.115965,44.83216],[119.1421,44.824158],[119.145205,44.80039],[119.161533,44.779532],[119.17542,44.77503],[119.165628,44.75846],[119.118901,44.760263],[119.110553,44.743385],[119.142895,44.740011],[119.140769,44.729455],[119.086422,44.723554],[119.06753,44.715543],[119.063941,44.709144],[118.989964,44.713832],[118.962523,44.729068],[118.945092,44.728683],[118.935983,44.721483],[118.924313,44.719211],[118.920824,44.700618],[118.934309,44.702262],[118.961551,44.6894],[118.968229,44.681218],[118.967356,44.667987],[118.982724,44.664533],[118.99226,44.650637],[118.993484,44.63296],[118.983489,44.620048],[118.971883,44.579856],[118.967102,44.574759],[118.974741,44.564653],[118.971457,44.555446],[118.959159,44.545961],[118.903674,44.523549],[118.899813,44.517188],[118.879471,44.512864],[118.857919,44.4987],[118.850063,44.49891],[118.844067,44.504325],[118.828304,44.491226],[118.809768,44.488495],[118.798726,44.470788],[118.789726,44.46897],[118.779978,44.454678],[118.774589,44.45401],[118.768134,44.453209],[118.743976,44.466542],[118.734962,44.465896],[118.702617,44.455067],[118.671747,44.450735],[118.645006,44.439685],[118.637621,44.443817],[118.638848,44.457393],[118.627709,44.462187],[118.599631,44.461039],[118.580367,44.432839],[118.5659,44.43709],[118.548091,44.43157],[118.553341,44.413961],[118.547769,44.40032],[118.520007,44.39482],[118.50331,44.397398],[118.489925,44.388036],[118.479007,44.390525],[118.471558,44.386358],[118.467125,44.365813],[118.475342,44.357843],[118.468364,44.340684],[118.446007,44.344079],[118.433512,44.337727],[118.410678,44.31175],[118.398061,44.305845],[118.391585,44.305533],[118.376678,44.316756],[118.338605,44.307572],[118.302019,44.320526],[118.298006,44.318444],[118.300037,44.315451],[118.291906,44.315725],[118.249164,44.326737],[118.239907,44.324355],[118.220924,44.3059],[118.244262,44.278805],[118.238713,44.266458],[118.241634,44.245989],[118.255306,44.238912],[118.238569,44.232503],[118.217232,44.246571],[118.218429,44.257606],[118.204429,44.254632],[118.186777,44.239356],[118.179191,44.218754],[118.173618,44.215925],[118.166954,44.202368],[118.151784,44.20371],[118.145654,44.208777],[118.137444,44.207307],[118.12483,44.195434],[118.12266,44.16643],[118.113103,44.147992],[118.113395,44.138871],[118.09634,44.124173],[118.070716,44.116803],[118.054596,44.098427],[118.046039,44.105599],[118.022696,44.109227],[118.003514,44.108345],[117.993225,44.103546],[117.955435,44.119355],[117.901558,44.120892],[117.861925,44.094374],[117.848876,44.07174],[117.829247,44.066717],[117.814646,44.049907],[117.79128,44.036769],[117.787002,44.028547],[117.790483,44.020864],[117.783698,44.017743],[117.753672,44.021351],[117.727235,44.012562],[117.694394,44.014498],[117.67743,44.023305],[117.652672,44.025233],[117.637775,44.035147],[117.636941,44.04075],[117.651435,44.055699],[117.664447,44.081998],[117.679708,44.093675],[117.643368,44.118746],[117.626623,44.112653],[117.614494,44.124363],[117.627996,44.146699],[117.603576,44.159836],[117.593493,44.170116],[117.544534,44.185047],[117.548812,44.19005],[117.537619,44.207742],[117.51603,44.224984],[117.497862,44.223936],[117.445433,44.233133],[117.199667,44.218308],[117.157257,44.190192],[117.113703,44.177226],[117.004678,44.055779],[116.95511,44.022916],[116.964658,43.98634],[117.015046,43.967796],[117.025843,43.952693],[117.024909,43.940697],[117.009518,43.932485],[116.993094,43.910176],[117.003691,43.897923],[116.990917,43.873949],[117.006716,43.848511],[116.979527,43.838318],[116.994389,43.780424],[117.047281,43.751008],[116.965573,43.671441],[116.926348,43.670822],[116.914101,43.662485],[116.903084,43.665795],[116.852029,43.655387],[116.855888,43.645851],[116.838645,43.637912],[116.835449,43.629955],[116.838087,43.622754],[116.832201,43.613132],[116.820081,43.608914],[116.805832,43.610488],[116.799666,43.605471],[116.798043,43.589398],[116.804597,43.572163],[116.798226,43.563073],[116.824261,43.504649],[116.7835,43.481787],[116.727838,43.506749],[116.683703,43.513423],[116.615817,43.503093],[116.61656,43.496748],[116.605984,43.481691],[116.596497,43.441307],[116.599655,43.417713],[116.530031,43.373183],[116.42983,43.326191],[116.412704,43.290021],[116.406942,43.253986],[116.390835,43.243251],[116.363567,43.241172],[116.349877,43.154571],[116.364271,43.149059],[116.386955,43.122515],[116.396101,43.104016],[116.412684,43.101819],[116.429538,43.075743],[116.487864,43.051664],[116.497484,43.046998],[116.494477,43.013072],[116.574633,42.983487],[116.658587,42.931135],[116.667916,42.887511],[116.664981,42.833558],[116.659844,42.81463],[116.667696,42.759273],[116.65532,42.748515],[116.636665,42.705569],[116.613271,42.669652],[116.602666,42.634683],[116.574821,42.611832],[116.580904,42.599865],[116.629343,42.612741],[116.633577,42.574356],[116.66208,42.554768],[116.669876,42.567825],[116.667615,42.573483],[116.692816,42.590091],[116.692053,42.593226],[116.746446,42.58265],[116.795083,42.581011],[116.822987,42.556525],[116.818299,42.550118],[116.821774,42.544888],[116.879425,42.532799],[116.871102,42.516402],[116.87247,42.474744],[116.903113,42.436556],[116.899904,42.421859],[116.8874,42.4065],[116.884318,42.391131],[116.892123,42.382904],[116.880707,42.366837],[116.877624,42.348305],[116.903099,42.280357],[116.899239,42.240208],[116.912262,42.227982],[116.916229,42.207005],[116.913139,42.192333],[116.897163,42.188953],[116.817085,42.195839],[116.775696,42.20546],[116.815849,42.152954],[116.840561,42.153728],[116.861198,42.120194],[116.879089,42.108471],[116.884338,42.095669],[116.880478,42.089809],[116.884331,42.08157],[116.869499,42.067894],[116.877548,42.062202],[116.878784,42.054493],[116.872879,42.045349],[116.877952,42.038586],[116.867813,42.034077],[116.875702,42.024494],[116.875137,42.016041],[116.857903,41.999603],[116.834557,41.996876],[116.78157,41.970947],[116.768043,41.979401],[116.764664,41.990677],[116.751137,41.990112],[116.728592,41.967003],[116.720833,41.944271],[116.689086,41.941504],[116.659302,41.945507],[116.639656,41.940735],[116.634018,41.929577],[116.628998,41.928394],[116.59173,41.933613],[116.584114,41.932823],[116.585594,41.925735],[116.581162,41.922783],[116.569351,41.924557],[116.53923,41.930462],[116.526237,41.943451],[116.5289,41.948769],[116.520927,41.956741],[116.488449,41.979771],[116.447388,41.943749],[116.420982,41.936649],[116.390289,41.939602],[116.381386,41.944393],[116.409462,41.971207],[116.412414,41.987152],[116.367225,42.007694],[116.325897,42.006641],[116.310402,41.997192],[116.295341,41.970619],[116.239243,41.941975],[116.226067,41.939121],[116.215912,41.930462],[116.212074,41.907429],[116.199967,41.888828],[116.204399,41.881447],[116.190521,41.861366],[116.180916,41.859467],[116.165421,41.870224],[116.147408,41.858414],[116.132355,41.868454],[116.119652,41.864616],[116.101051,41.848671],[116.099281,41.828297],[116.118767,41.812351],[116.121132,41.805561],[116.097214,41.77869],[116.073467,41.772841],[116.063347,41.771778],[116.048737,41.777966],[116.031517,41.770969],[116.007965,41.772804],[115.993378,41.798241],[115.990417,41.827],[115.948135,41.87233],[115.916434,41.934518],[115.910172,41.943234],[115.890243,41.940388],[115.869766,41.92931],[115.85231,41.925556],[115.827965,41.936161],[115.809029,41.926682],[115.804512,41.910297],[115.795183,41.909552],[115.752983,41.884735],[115.734817,41.891476],[115.725937,41.88982],[115.721375,41.88636],[115.720314,41.871037],[115.715477,41.864376],[115.706612,41.861801],[115.681725,41.865727],[115.652977,41.846363],[115.647545,41.827095],[115.642075,41.822941],[115.624451,41.823063],[115.592346,41.806107],[115.567757,41.80349],[115.541908,41.781921],[115.513252,41.76577],[115.494011,41.762779],[115.435089,41.7416],[115.412583,41.728741],[115.30648,41.700443],[115.308403,41.6908],[115.329628,41.672791],[115.352776,41.663788],[115.33799,41.632923],[115.36821,41.599483],[115.357926,41.594337],[115.303261,41.589836],[115.290398,41.611702],[115.274964,41.618774],[115.255028,41.612343],[115.258888,41.588551],[115.251175,41.579548],[115.19651,41.56797],[115.1978,41.594337],[115.19072,41.600124],[115.142967,41.602478],[115.139847,41.613693],[115.118042,41.612446],[115.083145,41.621792],[115.077537,41.62117],[115.07692,41.610577],[115.045761,41.595623],[115.025826,41.59874],[115.010246,41.612446],[114.939667,41.611923],[114.891868,41.60532],[114.876481,41.592207],[114.857429,41.589745],[114.854454,41.599075],[114.896301,41.639137],[114.892952,41.739655],[114.879135,41.782375],[114.858612,41.80164],[114.860703,41.811691],[114.89798,41.814625],[114.910965,41.820068],[114.931488,41.84478],[114.925621,41.853992],[114.910965,41.857346],[114.904259,41.871166],[114.917664,41.902576],[114.907616,41.910118],[114.908447,41.933571],[114.924362,41.93441],[114.925202,41.940689],[114.907616,41.956188],[114.906647,41.985561],[114.893471,42.013325],[114.881706,42.011444],[114.867592,42.018501],[114.87841,42.030266],[114.875122,42.038265],[114.853004,42.051914],[114.853004,42.100266],[114.824768,42.129204],[114.819824,42.145439],[114.800975,42.145901],[114.796486,42.174486],[114.790588,42.179332],[114.802826,42.198297],[114.752147,42.21601],[114.670349,42.196115],[114.68074,42.218871],[114.663206,42.247135],[114.682953,42.26244],[114.677952,42.271843],[114.665232,42.278887],[114.643465,42.267556],[114.569593,42.295096],[114.560945,42.288605],[114.553071,42.268888],[114.542764,42.262185],[114.529957,42.240915],[114.508114,42.227866],[114.499158,42.22644],[114.486579,42.216995],[114.471584,42.216977],[114.398118,42.198145],[114.4076,42.186591],[114.440694,42.169122],[114.459192,42.167535],[114.472162,42.125931],[114.472575,42.112132],[114.451448,42.107546],[114.439994,42.096872],[114.400009,42.097684],[114.371075,42.107146],[114.369015,42.149812],[114.365092,42.155607],[114.313484,42.187567],[114.314916,42.17917],[114.288992,42.188788],[114.251408,42.173902],[114.219814,42.147484],[114.206654,42.123335],[114.202329,42.128007],[114.177847,42.128882],[114.164849,42.123651],[114.164281,42.117739],[114.134345,42.114488],[114.093087,42.123733],[114.086753,42.063142],[114.058193,42.041742],[114.098751,41.981224],[114.075761,41.988056],[114.068833,41.998197],[114.062234,41.997122],[114.060658,41.966098],[114.050547,41.948028],[114.036063,41.960107],[114.021547,41.963186],[114.012653,41.989562],[113.977382,41.963345],[113.980492,41.951749],[113.922612,41.97458],[113.908391,41.976495],[113.903176,42.021865],[113.8887,42.056341],[113.862772,42.059338],[113.833209,42.054467],[113.806836,42.065216],[113.794545,42.061074],[113.775898,42.065249],[113.769912,42.07934],[113.750344,42.074749],[113.736327,42.081616],[113.726901,42.099913],[113.702402,42.127995],[113.688044,42.127735],[113.674501,42.117338],[113.625333,42.102914],[113.614285,42.114101],[113.565973,42.129923],[113.559032,42.116951],[113.549305,42.123414],[113.526685,42.132837],[113.370087,42.141169],[113.324406,42.117274],[113.282064,42.082172],[113.27753,42.070042],[113.255502,42.047433],[113.213092,42.012661],[113.157364,41.98818],[113.141249,41.976296],[113.14749,41.964099],[113.162921,41.962004],[113.164761,41.948096],[113.156387,41.942006],[113.134344,41.940659],[113.119831,41.951815],[113.077906,41.930874],[113.071832,41.932078],[113.052652,41.957338],[113.051402,41.969931],[113.03515,41.983838],[112.994818,41.986512],[112.957142,41.996472],[112.942364,42.007444],[112.849275,42.115172],[112.821018,42.118598],[112.782879,42.136788],[112.730991,42.142478],[112.683018,42.252625],[112.630048,42.278579],[112.647795,42.314149],[112.619977,42.332041],[112.581925,42.345358],[112.390963,42.385285],[112.247437,42.480978],[112.171342,42.509063],[112.173396,42.532605],[112.023085,42.58224],[112.019157,42.600935],[111.930117,42.703295],[111.900359,42.744971],[111.851484,42.816361],[111.848932,42.838115],[111.745231,42.985485],[111.651088,43.022133],[111.611926,43.05242],[111.496288,43.176472],[111.372505,43.17999],[111.209917,43.273851],[111.141283,43.377095],[111.143829,43.377964],[111.15844,43.384602],[111.176544,43.39386],[111.20298,43.400627],[111.259384,43.415474],[111.289383,43.42226],[111.309105,43.426132],[111.346779,43.433846],[111.347685,43.434626],[111.348502,43.43533],[111.358414,43.443867],[111.390355,43.468594],[111.392799,43.470486],[111.398111,43.472765],[111.405121,43.475773],[111.439796,43.488163],[111.449196,43.492126],[111.459267,43.49136],[111.478471,43.489719],[111.504883,43.487461],[111.54805,43.488693],[111.557518,43.488342],[111.567497,43.493595],[111.599167,43.51194],[111.635783,43.540848],[111.636909,43.541737],[111.639915,43.544365],[111.67318,43.573448],[111.711845,43.606457],[111.748802,43.637291],[111.786957,43.669838],[111.795615,43.669957],[111.842728,43.670605],[111.863328,43.671335],[111.881767,43.671989],[111.884537,43.672089],[111.894121,43.676893],[111.896347,43.678009],[111.910469,43.683552],[111.915685,43.684914],[111.927129,43.687901],[111.929482,43.688515],[111.943703,43.69117],[111.948341,43.702824],[111.959366,43.7313],[111.963387,43.746395],[111.961044,43.775455],[111.959651,43.799252],[111.959526,43.80138],[111.959346,43.801915],[111.959235,43.802242],[111.958524,43.804352],[111.957848,43.806356],[111.952805,43.821312],[111.923004,43.86013],[111.901352,43.888268],[111.876953,43.921886],[111.863197,43.938465],[111.844536,43.95174],[111.815094,43.974056],[111.807999,43.978882],[111.801353,43.983597],[111.782379,44],[111.774574,44.004765],[111.7659,44.008736],[111.754494,44.010723],[111.740517,44.013645],[111.724297,44.020782],[111.694931,44.032196],[111.675064,44.045391],[111.655785,44.059448],[111.63942,44.076962],[111.602112,44.112801],[111.595901,44.119858],[111.591965,44.131668],[111.588608,44.13604],[111.577698,44.142719],[111.571022,44.148758],[111.558357,44.162357],[111.55201,44.169628],[111.542908,44.186905],[111.534401,44.204971],[111.528625,44.229015],[111.526573,44.237209],[111.525688,44.248196],[111.526909,44.260406],[111.518898,44.274532],[111.499435,44.292435],[111.482887,44.300949],[111.475883,44.30341],[111.421112,44.317535],[111.419167,44.325691],[111.408432,44.355274],[111.419746,44.392376],[111.433662,44.419178],[111.441795,44.434311],[111.447029,44.443821],[111.464516,44.474094],[111.470894,44.487057],[111.507233,44.505871],[111.515358,44.523579],[111.523361,44.548595],[111.535049,44.555325],[111.553787,44.564335],[111.562645,44.57473],[111.56131,44.582893],[111.556427,44.624577],[111.554306,44.634453],[111.553352,44.645435],[111.561218,44.664818],[111.578262,44.704266],[111.59404,44.734604],[111.599693,44.737694],[111.599113,44.744453],[111.604919,44.755753],[111.617393,44.776897],[111.642822,44.807705],[111.648224,44.815838],[111.670113,44.843071],[111.68483,44.858562],[111.698944,44.881008],[111.722389,44.920181],[111.726135,44.928722],[111.739548,44.944046],[111.751282,44.959202],[111.756973,44.967659],[111.768105,44.97543],[111.792694,44.990601],[111.839348,45.019081],[111.882469,45.043861],[111.89621,45.050659],[111.927238,45.062771],[111.940628,45.06723],[111.953735,45.072887],[111.954066,45.072815],[111.955104,45.073478],[111.968948,45.079453],[111.979724,45.083405],[111.995232,45.089092],[112.04847,45.092239],[112.057762,45.093412],[112.063454,45.094131],[112.083786,45.083179],[112.102339,45.073183],[112.10601,45.071205],[112.156158,45.069901],[112.165401,45.069441],[112.17012,45.069206],[112.193815,45.068568],[112.232155,45.067535],[112.284025,45.066109],[112.294189,45.06583],[112.356216,45.063725],[112.388779,45.06266],[112.408173,45.071133],[112.415239,45.072064],[112.421059,45.07283],[112.429853,45.070062],[112.431152,45.069653],[112.450646,45.055856],[112.465286,45.045494],[112.475688,45.038735],[112.502487,45.021324],[112.51075,45.016193],[112.533203,44.999523],[112.547646,44.982304],[112.554863,44.974606],[112.579079,44.94529],[112.584494,44.938829],[112.592674,44.92907],[112.624405,44.91338],[112.651601,44.901347],[112.675888,44.890602],[112.704704,44.877731],[112.732491,44.868889],[112.791649,44.852634],[112.832275,44.843002],[112.843277,44.839081],[112.845441,44.839097],[112.845714,44.83893],[112.84605,44.838772],[112.84605,44.838772],[112.846273,44.838768],[112.846442,44.838765],[112.864137,44.83923],[112.900223,44.839489],[112.930595,44.83865],[112.956299,44.83342],[112.989864,44.827488],[113,44.825433],[113.000672,44.825296],[113.002642,44.82523],[113.003899,44.825008],[113.013306,44.824677],[113.030167,44.820782],[113.060089,44.812084],[113.107292,44.797928],[113.121231,44.795177],[113.164345,44.792484],[113.209091,44.791119],[113.220398,44.790318],[113.238396,44.789471],[113.276947,44.787388],[113.332985,44.784431],[113.387466,44.781464],[113.399292,44.781006],[113.443489,44.778458],[113.458078,44.777788],[113.458078,44.777788],[113.493365,44.775974],[113.496422,44.775814],[113.497487,44.775432],[113.501317,44.774058],[113.518402,44.767929],[113.527358,44.76184],[113.533142,44.757908],[113.537697,44.757402],[113.551102,44.755913],[113.604919,44.74662],[113.62381,44.743958],[113.653976,44.7575],[113.704704,44.786476],[113.747009,44.816437],[113.755135,44.8223],[113.770027,44.832542],[113.782562,44.841694],[113.791458,44.847824],[113.819054,44.855782],[113.840637,44.85899],[113.854607,44.861759],[113.857239,44.86924],[113.870331,44.873299],[113.877655,44.877975],[113.877869,44.887131],[113.882645,44.892937],[113.895668,44.898643],[113.896355,44.90596],[113.896782,44.911736],[113.900146,44.913609],[113.915611,44.913422],[113.941414,44.914204],[113.967911,44.921291],[113.988647,44.920677],[114,44.925842],[114.044548,44.929146],[114.057747,44.929317],[114.084045,44.94389],[114.109276,44.954998],[114.139435,44.984428],[114.150909,44.992596],[114.166573,45.027084],[114.170937,45.034309],[114.183678,45.034821],[114.306297,45.10553],[114.326195,45.114941],[114.340004,45.1175],[114.351646,45.129116],[114.385574,45.162243],[114.402267,45.177589],[114.427338,45.19384],[114.452477,45.211472],[114.466255,45.22686],[114.494743,45.262825],[114.512611,45.281956],[114.522621,45.30122],[114.532776,45.324299],[114.53788,45.343647],[114.544289,45.38588],[114.59388,45.402012],[114.648514,45.413864],[114.70224,45.427097],[114.738091,45.436481],[114.863892,45.402077],[114.91391,45.384392],[114.928787,45.381123],[114.957909,45.376534],[114.967216,45.375298],[114.976669,45.377525],[115.007881,45.381721],[115.016754,45.381878],[115.072853,45.387348],[115.096599,45.389543],[115.129555,45.39259],[115.160675,45.394314],[115.166169,45.394191],[115.170517,45.394093],[115.187027,45.394062],[115.244102,45.392387],[115.301208,45.391384],[115.357338,45.390373],[115.412094,45.40152],[115.46698,45.414726],[115.523338,45.42717],[115.579544,45.43856],[115.633926,45.448624],[115.692673,45.457745],[115.73278,45.486855],[115.774368,45.515213],[115.816017,45.543903],[115.857132,45.571209],[115.894455,45.600689],[115.929901,45.631256],[115.989014,45.648582],[116.019699,45.659157],[116.028351,45.683205],[116.04142,45.686283],[116.085899,45.684589],[116.108253,45.677654],[116.118774,45.678841],[116.131523,45.685272],[116.167313,45.686646],[116.18605,45.701286],[116.210533,45.72049],[116.216148,45.745483],[116.254219,45.774139],[116.279976,45.773315],[116.277809,45.7813],[116.274162,45.814243],[116.270996,45.82951],[116.281929,45.837147],[116.274986,45.841629],[116.267685,45.847324],[116.258026,45.862019],[116.236153,45.874367],[116.237663,45.889946],[116.243584,45.91407],[116.248978,45.925613],[116.264801,45.964996],[116.406952,46.132175],[116.432564,46.135845],[116.442612,46.146236],[116.529366,46.230991],[116.566559,46.25745],[116.578537,46.290817],[116.599324,46.302773],[116.602295,46.304482],[116.620785,46.309454],[116.643265,46.315498],[116.659932,46.321294],[116.666565,46.323601],[116.674698,46.323662],[116.691903,46.323788],[116.694572,46.323807],[116.695281,46.323898],[116.698332,46.324289],[116.707695,46.325489],[116.715766,46.325649],[116.724121,46.325814],[116.738556,46.326099],[116.751671,46.328171],[116.752628,46.32851],[116.757362,46.330189],[116.760599,46.332124],[116.764732,46.334595],[116.76696,46.338966],[116.770717,46.344302],[116.772003,46.34613],[116.779961,46.349747],[116.788002,46.350195],[116.795967,46.350639],[116.806213,46.354271],[116.80628,46.354409],[116.810669,46.363407],[116.812378,46.366368],[116.81904,46.377905],[116.819618,46.378906],[116.827583,46.382519],[116.839615,46.381405],[116.857414,46.376759],[116.870033,46.374058],[116.89695,46.371834],[117.014885,46.363308],[117.074432,46.356426],[117.089882,46.355297],[117.132187,46.357822],[117.240257,46.365257],[117.252274,46.364098],[117.35582,46.359928],[117.364403,46.358353],[117.367249,46.365486],[117.376053,46.393215],[117.367981,46.414593],[117.384483,46.461342],[117.39077,46.470852],[117.405945,46.489109],[117.440002,46.526337],[117.412369,46.580181],[117.430748,46.583363],[117.449127,46.584957],[117.471519,46.594074],[117.488182,46.598827],[117.497765,46.596165],[117.508049,46.595459],[117.532951,46.597923],[117.55024,46.598423],[117.559425,46.595249],[117.573784,46.591675],[117.588745,46.601963],[117.603676,46.598782],[117.61573,46.59441],[117.622849,46.59013],[117.632347,46.577362],[117.634048,46.566666],[117.633926,46.55666],[117.642616,46.549229],[117.666092,46.530979],[117.674103,46.525421],[117.696442,46.515087],[117.711937,46.51506],[117.729729,46.517399],[117.740639,46.520149],[117.753868,46.526455],[117.76252,46.535942],[117.779152,46.533524],[117.788338,46.533501],[117.806099,46.529095],[117.821602,46.530636],[117.833092,46.532581],[117.844597,46.536903],[117.858421,46.544384],[117.863617,46.548328],[117.859077,46.55666],[117.85569,46.56459],[117.861496,46.574078],[117.869553,46.576427],[117.883354,46.578758],[117.891457,46.586651],[117.895538,46.595348],[117.907402,46.606396],[117.917793,46.611504],[117.933907,46.614216],[117.946556,46.614563],[117.968956,46.612885],[117.975281,46.613255],[117.980637,46.619431],[117.985779,46.629845],[118.039246,46.629597],[118.049614,46.631523],[118.0606,46.637409],[118.069305,46.64489],[118.078011,46.651581],[118.094215,46.660603],[118.116837,46.676323],[118.143936,46.68092],[118.161232,46.680035],[118.175583,46.680336],[118.185379,46.681068],[118.200554,46.685913],[118.21199,46.691597],[118.231499,46.707706],[118.249397,46.710758],[118.267876,46.714195],[118.281807,46.721622],[118.30912,46.737667],[118.372948,46.730053],[118.386177,46.72876],[118.40284,46.726269],[118.427879,46.709011],[118.439278,46.702576],[118.454231,46.701656],[118.501251,46.69915],[118.566925,46.693893],[118.578964,46.691399],[118.606964,46.70475],[118.61213,46.707858],[118.628848,46.717917],[118.631958,46.719788],[118.64521,46.720047],[118.654343,46.715992],[118.668904,46.697822],[118.670029,46.696419],[118.687828,46.694057],[118.722351,46.693474],[118.727727,46.692112],[118.733795,46.690575],[118.741381,46.689819],[118.754034,46.688558],[118.756195,46.688343],[118.772227,46.686358],[118.780876,46.685287],[118.787067,46.686712],[118.79071,46.68755],[118.79193,46.692094],[118.792618,46.694656],[118.792162,46.696956],[118.791595,46.699818],[118.782043,46.710052],[118.781044,46.715786],[118.785767,46.720486],[118.79171,46.727943],[118.807579,46.740433],[118.82013,46.753147],[118.827682,46.760796],[118.832497,46.765049],[118.83483,46.767109],[118.838303,46.770176],[118.846556,46.769868],[118.85528,46.769542],[118.86779,46.769075],[118.86998,46.768993],[118.879829,46.770855],[118.891983,46.772682],[118.90757,46.773277]]]]}},{"type":"Feature","properties":{"name":"长治市","code":"140400","gb":"156140400","province":"山西省","label":[112.91561652365019,36.47560648074762]},"geometry":{"type":"MultiPolygon","coordinates":[[[[112.552639,37.087291],[112.587687,37.077993],[112.601688,37.097088],[112.628306,37.105269],[112.627724,37.116719],[112.636111,37.119761],[112.642658,37.120267],[112.66611,37.100768],[112.702907,37.094939],[112.715155,37.082805],[112.7208,37.082601],[112.735511,37.059237],[112.730705,37.047203],[112.745593,37.050888],[112.761543,37.038579],[112.765688,37.028038],[112.779966,37.022579],[112.778009,37.005283],[112.797686,37.002816],[112.820914,37.007121],[112.847472,36.986222],[112.871198,36.981906],[112.874603,36.974264],[112.873079,36.961044],[112.858594,36.947466],[112.861961,36.935072],[112.877581,36.93114],[112.868185,36.895069],[112.876088,36.893858],[112.899683,36.864191],[112.908251,36.862958],[112.929079,36.871561],[112.9318,36.881685],[112.956799,36.889837],[112.952529,36.904931],[112.975509,36.909854],[113.004752,36.934252],[113.01354,36.929872],[113.078388,36.92543],[113.090807,36.917406],[113.129896,36.927159],[113.1409,36.924535],[113.147568,36.916662],[113.148648,36.95192],[113.163331,36.94555],[113.167847,36.954642],[113.175458,36.929033],[113.200707,36.927467],[113.207128,36.941698],[113.214724,36.94291],[113.216476,36.932255],[113.225549,36.929877],[113.230032,36.937356],[113.248476,36.944701],[113.255706,36.940886],[113.264686,36.954632],[113.278005,36.958536],[113.289499,36.981803],[113.298933,36.979449],[113.314982,36.959954],[113.313371,36.949841],[113.361737,36.926892],[113.359211,36.912697],[113.366784,36.905382],[113.35492,36.877952],[113.363267,36.875003],[113.38148,36.877464],[113.385912,36.865323],[113.416239,36.858379],[113.443784,36.838893],[113.452912,36.822961],[113.491179,36.803075],[113.500001,36.784584],[113.496733,36.775437],[113.50474,36.760359],[113.527464,36.749486],[113.540919,36.749372],[113.529808,36.73222],[113.492821,36.74033],[113.483765,36.737541],[113.458702,36.707447],[113.460274,36.698967],[113.470886,36.696976],[113.500526,36.704639],[113.495476,36.681328],[113.470436,36.654938],[113.472496,36.640392],[113.480278,36.634987],[113.529053,36.629158],[113.537926,36.623405],[113.533371,36.594032],[113.5634,36.585911],[113.581894,36.562763],[113.581673,36.548447],[113.553749,36.536705],[113.54895,36.529789],[113.545883,36.502583],[113.548599,36.496063],[113.569443,36.490021],[113.575653,36.483845],[113.578186,36.466934],[113.588196,36.457596],[113.622993,36.45475],[113.663917,36.425129],[113.702011,36.423309],[113.723236,36.381577],[113.724342,36.360001],[113.722366,36.341423],[113.730042,36.324673],[113.718483,36.30574],[113.702103,36.296093],[113.699264,36.265163],[113.68795,36.253139],[113.692154,36.245308],[113.690346,36.23555],[113.677941,36.220173],[113.695885,36.208847],[113.688347,36.202683],[113.66568,36.200153],[113.692322,36.187935],[113.690766,36.181618],[113.655914,36.177799],[113.65091,36.165821],[113.668747,36.161217],[113.675293,36.151989],[113.691696,36.152847],[113.69738,36.149025],[113.697731,36.13118],[113.678902,36.125717],[113.657044,36.135593],[113.647163,36.123425],[113.665298,36.113472],[113.6548,36.112003],[113.649948,36.106487],[113.662857,36.099613],[113.665741,36.083363],[113.678406,36.064022],[113.677696,36.057621],[113.655197,36.043053],[113.654198,36.034828],[113.66394,36.029663],[113.688866,36.026871],[113.692749,36.022541],[113.674469,36.014938],[113.685074,36.006214],[113.689011,35.995667],[113.680183,35.986568],[113.672546,35.985924],[113.637039,35.992992],[113.631638,35.988674],[113.630676,35.976093],[113.64125,35.964545],[113.648247,35.917419],[113.631218,35.870152],[113.633667,35.860298],[113.650673,35.836864],[113.648934,35.830921],[113.635048,35.822762],[113.617653,35.831783],[113.603233,35.82568],[113.580022,35.826669],[113.529365,35.853753],[113.499415,35.851683],[113.447976,35.864133],[113.426044,35.856573],[113.422956,35.844774],[113.408563,35.841456],[113.392452,35.823796],[113.373589,35.847905],[113.37067,35.862898],[113.365002,35.868398],[113.353445,35.869395],[113.334231,35.887789],[113.285521,35.874167],[113.278766,35.865934],[113.270736,35.863518],[113.228261,35.900001],[113.225439,35.885953],[113.217554,35.887915],[113.218349,35.893588],[113.214276,35.896408],[113.20512,35.890814],[113.194624,35.89524],[113.160239,35.883087],[113.148522,35.867458],[113.137632,35.870014],[113.08969,35.892161],[113.05467,35.890421],[113.042303,35.894157],[113.030809,35.913995],[113.015996,35.912768],[113.002608,35.920603],[112.992496,35.933234],[112.971401,35.922471],[112.961819,35.927035],[112.899283,35.924149],[112.883141,35.927822],[112.870863,35.936693],[112.869055,35.95154],[112.876038,35.960323],[112.865714,35.97426],[112.830832,35.986847],[112.810835,35.98569],[112.79562,35.978717],[112.788025,35.980476],[112.776914,35.994617],[112.739298,35.990627],[112.72794,36.007616],[112.710859,36.01503],[112.702592,36.014845],[112.695151,36.007189],[112.685712,36.005514],[112.670509,36.009323],[112.647024,36.048797],[112.638393,36.0492],[112.610192,36.067466],[112.596064,36.050712],[112.585043,36.054077],[112.567141,36.044939],[112.540555,36.04506],[112.524483,36.038171],[112.520163,36.029869],[112.488354,36.032369],[112.491936,36.044444],[112.484914,36.066878],[112.503826,36.088317],[112.517989,36.092865],[112.52616,36.102386],[112.539834,36.10259],[112.562551,36.121711],[112.56499,36.130612],[112.546868,36.162009],[112.549406,36.17126],[112.567166,36.190975],[112.553943,36.200696],[112.551717,36.215315],[112.567199,36.257601],[112.566643,36.273941],[112.558219,36.27329],[112.54516,36.259374],[112.527341,36.255199],[112.501836,36.258848],[112.484813,36.268717],[112.463241,36.267739],[112.461139,36.291625],[112.44766,36.304951],[112.447039,36.330275],[112.437896,36.339235],[112.414908,36.345295],[112.369312,36.343652],[112.358041,36.339712],[112.337987,36.342365],[112.332246,36.346169],[112.335255,36.353849],[112.332443,36.35826],[112.277896,36.382672],[112.270374,36.396646],[112.256107,36.408011],[112.241862,36.413559],[112.227808,36.406935],[112.204981,36.405321],[112.201672,36.409992],[112.205254,36.421321],[112.200674,36.431122],[112.193971,36.430783],[112.186623,36.437135],[112.179516,36.453689],[112.180301,36.462125],[112.173307,36.47094],[112.17651,36.488951],[112.164747,36.49679],[112.161794,36.511501],[112.154681,36.516597],[112.142651,36.517001],[112.101031,36.545652],[112.082747,36.56619],[112.085534,36.576027],[112.076668,36.581849],[112.046598,36.584203],[112.039304,36.59143],[112.029965,36.606138],[112.036178,36.644071],[112.017536,36.655758],[112.016212,36.672364],[112.008072,36.685805],[111.990949,36.691647],[111.988303,36.70075],[111.995272,36.711604],[111.990563,36.729849],[112.002547,36.739814],[111.9917,36.75819],[111.977707,36.764821],[111.982957,36.780434],[111.976465,36.799624],[111.983437,36.811439],[112.001947,36.820554],[112.003903,36.826558],[111.99933,36.838508],[112.018764,36.85867],[112.016078,36.87928],[112.031818,36.88584],[112.061124,36.877441],[112.077193,36.880611],[112.081843,36.885708],[112.081696,36.895855],[112.067784,36.89884],[112.064729,36.90586],[112.065784,36.911216],[112.077132,36.920166],[112.081208,36.931619],[112.059299,36.957878],[112.057067,36.97019],[112.110652,36.978713],[112.120715,36.98519],[112.131411,36.980255],[112.148238,36.998341],[112.162614,37.00005],[112.166687,37.005869],[112.218033,37.008329],[112.224175,36.988907],[112.241846,36.983537],[112.248859,36.976718],[112.267529,36.978665],[112.290982,36.955577],[112.300629,36.957077],[112.317459,36.948275],[112.327291,36.933141],[112.342148,36.941712],[112.342578,36.951832],[112.348865,36.953667],[112.367902,36.948997],[112.388765,36.952066],[112.393707,36.945592],[112.421669,36.931531],[112.45401,36.938041],[112.462041,36.95206],[112.471303,36.955858],[112.509546,36.94527],[112.515862,36.95973],[112.528582,36.959007],[112.545184,36.973785],[112.538226,36.988675],[112.529023,36.985323],[112.511916,36.996875],[112.500553,37.016049],[112.49776,37.032959],[112.477848,37.040602],[112.470774,37.052144],[112.485912,37.05924],[112.481081,37.088174],[112.432128,37.110721],[112.442232,37.115878],[112.465107,37.11592],[112.486981,37.124785],[112.525355,37.119173],[112.534932,37.087836],[112.552639,37.087291]]]]}},{"type":"Feature","properties":{"name":"保定市","code":"130600","gb":"156130600","province":"河北省","label":[115.17059498824202,39.02145524242428]},"geometry":{"type":"MultiPolygon","coordinates":[[[[115.549294,39.797451],[115.509079,39.789021],[115.500649,39.782532],[115.488319,39.792911],[115.475998,39.796154],[115.451996,39.780586],[115.432892,39.78199],[115.417496,39.774384],[115.432533,39.750099],[115.459778,39.739071],[115.478592,39.740368],[115.484428,39.735828],[115.485726,39.698853],[115.492211,39.690418],[115.481186,39.680687],[115.47924,39.672256],[115.483131,39.667713],[115.472107,39.658634],[115.47081,39.648254],[115.491562,39.650848],[115.514915,39.637875],[115.516212,39.618416],[115.505837,39.608036],[115.506485,39.589226],[115.537407,39.615486],[115.556435,39.605442],[115.564865,39.589874],[115.571998,39.587925],[115.57914,39.587925],[115.583031,39.593765],[115.597946,39.60025],[115.611572,39.602196],[115.623894,39.596359],[115.628433,39.602848],[115.647247,39.598305],[115.660873,39.607388],[115.681663,39.599796],[115.691658,39.566181],[115.704155,39.560211],[115.717155,39.56152],[115.750107,39.51173],[115.766884,39.507528],[115.805328,39.508694],[115.820534,39.505367],[115.822914,39.507744],[115.814835,39.529133],[115.821014,39.538639],[115.839073,39.542442],[115.840027,39.549095],[115.847626,39.552898],[115.866165,39.544819],[115.881851,39.550995],[115.886131,39.554798],[115.883278,39.567158],[115.898483,39.564781],[115.907211,39.574467],[115.90799,39.581417],[115.901337,39.58284],[115.899437,39.58807],[115.903236,39.598526],[115.923203,39.591873],[115.949341,39.560028],[115.971207,39.570484],[115.969261,39.589996],[115.972252,39.59399],[115.984741,39.591492],[115.988235,39.575512],[115.998718,39.575512],[116.008591,39.584305],[116.015999,39.583244],[116.0177,39.574017],[116.025185,39.570019],[116.084808,39.572132],[116.098106,39.576908],[116.102272,39.568955],[116.131912,39.568424],[116.14154,39.571018],[116.147034,39.584503],[116.169502,39.584003],[116.180077,39.589596],[116.195427,39.584835],[116.200966,39.576511],[116.214266,39.575841],[116.218079,39.565784],[116.237907,39.55714],[116.235123,39.5499],[116.237986,39.51603],[116.218252,39.507622],[116.200069,39.509791],[116.194797,39.501614],[116.176385,39.49525],[116.155576,39.471314],[116.14541,39.469586],[116.128913,39.43574],[116.134335,39.429871],[116.126352,39.429754],[116.125803,39.398297],[116.120689,39.384666],[116.111517,39.37724],[116.11114,39.365973],[116.129341,39.353456],[116.17525,39.350346],[116.179733,39.356793],[116.190625,39.354045],[116.202401,39.322892],[116.195374,39.302744],[116.199517,39.279228],[116.203779,39.278358],[116.200927,39.26847],[116.190051,39.261826],[116.181646,39.234363],[116.186187,39.224984],[116.172276,39.214449],[116.201303,39.209675],[116.204108,39.205886],[116.197876,39.184405],[116.198089,39.167506],[116.204594,39.165263],[116.210944,39.147664],[116.226362,39.148285],[116.226345,39.144482],[116.240733,39.142811],[116.251324,39.138402],[116.254114,39.13184],[116.260113,39.132199],[116.255806,39.13103],[116.257003,39.11921],[116.274171,39.115502],[116.273583,39.1064],[116.29486,39.103397],[116.303157,39.084366],[116.312682,39.081996],[116.312355,39.07555],[116.306118,39.070155],[116.312573,39.03658],[116.324805,39.038319],[116.318452,39.031787],[116.299993,39.030688],[116.295677,39.021593],[116.305177,39.02079],[116.303095,39.015142],[116.293771,39.01779],[116.287827,39.006419],[116.293646,38.99272],[116.315816,38.997098],[116.327788,38.989359],[116.32558,38.986832],[116.329264,38.983138],[116.309434,38.961953],[116.292493,38.974114],[116.285269,38.964741],[116.285505,38.947808],[116.28134,38.945019],[116.231377,38.92695],[116.231261,38.930656],[116.239528,38.933],[116.239589,38.944678],[116.237743,38.948508],[116.229483,38.947763],[116.222346,38.941437],[116.221346,38.928853],[116.226255,38.928392],[116.226398,38.924562],[116.202958,38.921004],[116.146334,38.947404],[116.131241,38.93663],[116.116206,38.934171],[116.116222,38.918701],[116.1055,38.912386],[116.098533,38.90895],[116.079896,38.909878],[116.035025,38.893477],[116.032563,38.890518],[116.036869,38.879444],[116.044283,38.874083],[116.042354,38.858814],[116.029434,38.828693],[116.039299,38.817465],[116.034062,38.810825],[116.021551,38.813436],[116.009013,38.806995],[115.990636,38.790179],[115.971528,38.763176],[115.961852,38.755088],[115.955085,38.75579],[115.938222,38.734816],[115.944862,38.719438],[115.960207,38.708634],[115.955706,38.701665],[115.949097,38.702173],[115.949851,38.690384],[115.959499,38.667005],[115.967303,38.666963],[115.964238,38.65644],[115.968169,38.63572],[115.94429,38.627203],[115.958592,38.60899],[115.955072,38.583107],[115.960275,38.572261],[115.955989,38.571434],[115.948426,38.570179],[115.92899,38.551493],[115.934942,38.529981],[115.926273,38.531566],[115.891472,38.523651],[115.884363,38.525835],[115.886359,38.53127],[115.873409,38.535162],[115.86737,38.527984],[115.852623,38.529733],[115.847399,38.526074],[115.863475,38.524234],[115.875854,38.514677],[115.868272,38.50969],[115.814044,38.527225],[115.804903,38.525743],[115.803187,38.518369],[115.775051,38.503301],[115.773407,38.48273],[115.74158,38.483472],[115.735992,38.466882],[115.709191,38.450024],[115.708255,38.438882],[115.717919,38.431649],[115.715427,38.412216],[115.726531,38.403319],[115.727476,38.383011],[115.704042,38.376641],[115.699279,38.366917],[115.697307,38.355215],[115.688347,38.347263],[115.66466,38.347015],[115.658893,38.341107],[115.644225,38.340304],[115.645605,38.330505],[115.63995,38.325804],[115.615646,38.329749],[115.615924,38.332511],[115.599014,38.328642],[115.585061,38.333623],[115.58563,38.337456],[115.579824,38.339929],[115.567809,38.341509],[115.570658,38.326345],[115.558553,38.325426],[115.549483,38.334475],[115.545259,38.332969],[115.542047,38.317795],[115.516313,38.31548],[115.510472,38.318548],[115.510764,38.356723],[115.489008,38.36187],[115.488816,38.341891],[115.484603,38.338341],[115.471866,38.34091],[115.470266,38.337727],[115.468656,38.333799],[115.476713,38.333887],[115.477338,38.327518],[115.470709,38.330884],[115.456091,38.326548],[115.430133,38.330285],[115.41452,38.337109],[115.401192,38.334098],[115.39614,38.319292],[115.385413,38.323635],[115.384299,38.327796],[115.375464,38.326714],[115.371098,38.31821],[115.375178,38.317048],[115.376764,38.297982],[115.383279,38.298673],[115.38784,38.29149],[115.386162,38.283229],[115.365974,38.281011],[115.349912,38.270981],[115.34873,38.254373],[115.343231,38.247237],[115.323298,38.243867],[115.323491,38.247461],[115.31848,38.247408],[115.302711,38.244254],[115.297488,38.234963],[115.269372,38.238765],[115.265405,38.241721],[115.268048,38.256047],[115.255102,38.264714],[115.25503,38.272214],[115.260483,38.274963],[115.259988,38.287045],[115.247412,38.289395],[115.239882,38.285444],[115.233673,38.278899],[115.216723,38.277573],[115.213966,38.250811],[115.20135,38.234579],[115.184014,38.238429],[115.161647,38.259301],[115.144277,38.256078],[115.144,38.250061],[115.133265,38.251767],[115.134675,38.258301],[115.125617,38.263968],[115.109933,38.26648],[115.108317,38.262213],[115.095028,38.261641],[115.087184,38.265436],[115.080039,38.281452],[115.070715,38.281462],[115.065166,38.296904],[115.056076,38.300247],[115.049865,38.289145],[115.058923,38.278419],[115.059578,38.26263],[115.040283,38.255079],[115.032263,38.265426],[115.022177,38.266807],[115.000816,38.259779],[114.995833,38.253229],[114.986152,38.254434],[114.983511,38.269102],[114.968977,38.278822],[114.944938,38.277028],[114.925848,38.283112],[114.910074,38.272642],[114.910703,38.264493],[114.903596,38.261667],[114.88037,38.264837],[114.876848,38.268437],[114.877602,38.284551],[114.897693,38.294627],[114.901075,38.309061],[114.917013,38.315017],[114.929674,38.327483],[114.93695,38.343311],[114.927364,38.346555],[114.92225,38.353367],[114.924027,38.368309],[114.919879,38.369324],[114.914946,38.391391],[114.904478,38.396249],[114.884282,38.419075],[114.868875,38.418766],[114.868882,38.426607],[114.853067,38.432945],[114.850511,38.452982],[114.845349,38.451002],[114.841104,38.460183],[114.835249,38.460468],[114.831359,38.434018],[114.823099,38.43334],[114.82337,38.438694],[114.812094,38.450603],[114.813923,38.457926],[114.820255,38.457335],[114.825584,38.464811],[114.806968,38.486197],[114.794072,38.496276],[114.782405,38.490993],[114.755618,38.48908],[114.739066,38.502346],[114.733269,38.493003],[114.732889,38.478552],[114.718387,38.478814],[114.713467,38.49722],[114.707553,38.502709],[114.700935,38.502346],[114.693511,38.488354],[114.669276,38.469355],[114.654415,38.496262],[114.618622,38.526643],[114.583394,38.580151],[114.578469,38.595133],[114.535063,38.593051],[114.52395,38.583812],[114.522488,38.592006],[114.546229,38.608191],[114.532082,38.631571],[114.530418,38.64863],[114.499481,38.661926],[114.496359,38.674511],[114.454986,38.702376],[114.415507,38.694538],[114.410931,38.700977],[114.390547,38.703253],[114.383519,38.688961],[114.352874,38.682322],[114.345054,38.691198],[114.330788,38.693765],[114.322419,38.707651],[114.307286,38.711276],[114.298861,38.703232],[114.288437,38.704269],[114.279262,38.698808],[114.250083,38.698819],[114.241529,38.69242],[114.209872,38.692727],[114.189312,38.683248],[114.180072,38.684156],[114.171498,38.670032],[114.164872,38.670335],[114.140315,38.677861],[114.119476,38.659415],[114.102796,38.657002],[114.078626,38.658895],[114.07313,38.670198],[114.059008,38.672547],[114.045929,38.685553],[114.03244,38.679263],[114.025268,38.684784],[114.006837,38.68436],[113.989313,38.676177],[113.972059,38.68313],[113.960479,38.698014],[113.925144,38.701168],[113.927046,38.714079],[113.904693,38.723797],[113.89886,38.733189],[113.881782,38.741695],[113.856789,38.7463],[113.839046,38.744035],[113.830878,38.748019],[113.825464,38.75634],[113.833122,38.75779],[113.830101,38.795334],[113.847229,38.809574],[113.851227,38.817726],[113.849129,38.82835],[113.829155,38.841919],[113.810486,38.845413],[113.794746,38.854156],[113.769562,38.884891],[113.760887,38.958836],[113.770088,38.986137],[113.778554,38.988979],[113.803009,38.98803],[113.811844,39.011223],[113.828964,39.014538],[113.838905,39.025032],[113.848297,39.026138],[113.857964,39.04105],[113.868729,39.044361],[113.879227,39.066177],[113.891655,39.06839],[113.912361,39.059826],[113.920647,39.065628],[113.923683,39.075569],[113.938049,39.091034],[113.957604,39.099232],[113.968941,39.089733],[113.978416,39.089733],[113.988869,39.098225],[113.989845,39.107368],[113.998337,39.118473],[114.037201,39.13121],[114.05777,39.103779],[114.056793,39.093002],[114.077042,39.091694],[114.08847,39.085487],[114.10186,39.072426],[114.103821,39.054138],[114.114921,39.047932],[114.132881,39.045975],[114.15052,39.050873],[114.160316,39.062302],[114.167831,39.061321],[114.18383,39.049564],[114.200813,39.048912],[114.207672,39.054138],[114.208,39.06263],[114.234123,39.064587],[114.244903,39.071774],[114.261231,39.069813],[114.29258,39.077324],[114.313484,39.069813],[114.341359,39.07643],[114.361458,39.105301],[114.361633,39.119431],[114.352417,39.139313],[114.371933,39.147057],[114.368111,39.155941],[114.375366,39.172333],[114.399254,39.176548],[114.414009,39.170929],[114.435318,39.172333],[114.439453,39.189838],[114.456398,39.18615],[114.462112,39.191864],[114.468109,39.21402],[114.465996,39.218235],[114.459442,39.224087],[114.426354,39.228142],[114.407837,39.240971],[114.429817,39.258633],[114.417641,39.275257],[114.416939,39.283688],[114.425598,39.292355],[114.422325,39.304768],[114.430519,39.317413],[114.440826,39.318817],[114.444801,39.327484],[114.458153,39.327717],[114.459328,39.335915],[114.471733,39.344345],[114.472206,39.348793],[114.461197,39.354649],[114.467285,39.40617],[114.490578,39.437431],[114.496216,39.468624],[114.524239,39.488396],[114.53112,39.510178],[114.548355,39.531719],[114.555564,39.555488],[114.568525,39.580152],[114.578352,39.584847],[114.589933,39.579215],[114.610826,39.558987],[114.628207,39.55509],[114.638739,39.574344],[114.640629,39.593202],[114.650762,39.600007],[114.657036,39.597045],[114.649072,39.586757],[114.653363,39.580463],[114.662419,39.58944],[114.683917,39.584553],[114.70041,39.587784],[114.706421,39.592055],[114.706957,39.61811],[114.713438,39.620145],[114.732377,39.609596],[114.753641,39.61681],[114.76401,39.609738],[114.773812,39.609565],[114.789902,39.597383],[114.801297,39.608242],[114.816087,39.608293],[114.828195,39.598887],[114.83311,39.586471],[114.849509,39.58316],[114.846195,39.599317],[114.861135,39.604848],[114.874028,39.616222],[114.878702,39.621942],[114.875821,39.630019],[114.880922,39.635519],[114.906077,39.639878],[114.909125,39.649871],[114.925092,39.656154],[114.928185,39.674062],[114.952494,39.659955],[114.971325,39.674091],[115.01117,39.674233],[115.012348,39.681926],[115.021495,39.686522],[115.024206,39.695539],[115.039381,39.706585],[115.049048,39.701369],[115.061782,39.705454],[115.092801,39.704071],[115.163155,39.671662],[115.174672,39.683743],[115.172582,39.701794],[115.19341,39.70025],[115.204637,39.704399],[115.240068,39.735758],[115.277448,39.744989],[115.28566,39.761034],[115.306617,39.782299],[115.334125,39.791557],[115.323686,39.805271],[115.337076,39.815913],[115.337518,39.838991],[115.352232,39.851464],[115.358638,39.862957],[115.355323,39.876204],[115.358184,39.883873],[115.394947,39.887631],[115.388312,39.900775],[115.395152,39.910619],[115.403468,39.914079],[115.410416,39.940622],[115.42145,39.951924],[115.447777,39.948845],[115.508324,39.911968],[115.513123,39.90237],[115.510224,39.885204],[115.523033,39.877228],[115.510338,39.856831],[115.512772,39.843338],[115.525002,39.831928],[115.560684,39.818977],[115.562799,39.812417],[115.549294,39.797451]]]]}},{"type":"Feature","properties":{"name":"菏泽市","code":"371700","gb":"156371700","province":"山东省","label":[115.69061112387,35.15242566991683]},"geometry":{"type":"MultiPolygon","coordinates":[[[[115.869525,35.864996],[115.871348,35.846589],[115.873747,35.840925],[115.879741,35.839545],[115.86796,35.814187],[115.886171,35.805548],[115.911229,35.810304],[115.918546,35.805949],[115.9187,35.797352],[115.934254,35.796927],[115.96895,35.772606],[115.989309,35.775101],[116.009646,35.759315],[116.00891,35.752805],[116.036686,35.754577],[116.038216,35.738716],[116.06666,35.724408],[116.068984,35.703179],[116.087367,35.700776],[116.091053,35.687505],[116.085994,35.680308],[116.098293,35.679203],[116.101562,35.688247],[116.108507,35.687416],[116.11467,35.675977],[116.109248,35.665906],[116.110535,35.645808],[116.1257,35.642413],[116.129016,35.633143],[116.126048,35.626425],[116.112042,35.619961],[116.107496,35.598622],[116.103368,35.597712],[116.13069,35.588704],[116.127498,35.581647],[116.117015,35.582832],[116.105884,35.56678],[116.122538,35.532444],[116.122412,35.507583],[116.118536,35.507321],[116.112856,35.490165],[116.125902,35.490569],[116.128877,35.471646],[116.155133,35.471692],[116.151151,35.446993],[116.153986,35.446073],[116.172717,35.450399],[116.169512,35.463183],[116.182357,35.477399],[116.20038,35.443262],[116.198828,35.436281],[116.211371,35.432327],[116.213269,35.415351],[116.205128,35.400558],[116.208742,35.394097],[116.214639,35.393599],[116.225957,35.365274],[116.221937,35.3574],[116.213416,35.355708],[116.209702,35.343198],[116.194123,35.33418],[116.192468,35.319218],[116.184238,35.315018],[116.183256,35.307506],[116.192156,35.30527],[116.2127,35.278965],[116.217856,35.265089],[116.241186,35.266511],[116.248091,35.272292],[116.259423,35.272986],[116.268858,35.268371],[116.273601,35.253201],[116.281077,35.245028],[116.281273,35.235856],[116.27739,35.235165],[116.267182,35.201155],[116.259173,35.190473],[116.247098,35.188796],[116.226831,35.205383],[116.22469,35.191845],[116.206872,35.194502],[116.208019,35.180842],[116.218875,35.173075],[116.193587,35.140189],[116.190421,35.129806],[116.199347,35.126921],[116.181689,35.113205],[116.152904,35.109843],[116.144144,35.105128],[116.134779,35.100565],[116.133584,35.091105],[116.146075,35.085713],[116.144677,35.074529],[116.140639,35.067808],[116.135256,35.067703],[116.133773,35.056311],[116.12665,35.048059],[116.116772,35.047863],[116.107263,35.053638],[116.107218,35.02555],[116.109033,35.019569],[116.118765,35.01829],[116.126217,35.006603],[116.125572,35.00011],[116.137074,34.99183],[116.147225,34.993451],[116.147834,34.978318],[116.165388,34.968247],[116.160982,34.957789],[116.149269,34.950739],[116.149336,34.941724],[116.176125,34.939528],[116.18929,34.935527],[116.196976,34.913616],[116.214886,34.907753],[116.230638,34.896358],[116.240057,34.897537],[116.239715,34.902125],[116.246539,34.905489],[116.254527,34.905551],[116.259215,34.902],[116.260627,34.891111],[116.269692,34.88908],[116.271847,34.877064],[116.304625,34.870152],[116.319372,34.872297],[116.331577,34.86119],[116.380948,34.858684],[116.387944,34.849803],[116.40591,34.850833],[116.402222,34.831936],[116.404907,34.816303],[116.396599,34.811665],[116.392937,34.796276],[116.398186,34.782078],[116.39801,34.766937],[116.390152,34.765392],[116.388756,34.758865],[116.395584,34.755688],[116.395744,34.750244],[116.358231,34.750477],[116.356132,34.747448],[116.354965,34.738361],[116.363121,34.72974],[116.353805,34.719486],[116.359863,34.713661],[116.374542,34.718323],[116.387589,34.69875],[116.36895,34.680573],[116.374306,34.675446],[116.374023,34.660988],[116.358986,34.652348],[116.368698,34.640724],[116.362511,34.626755],[116.33403,34.621635],[116.326035,34.624516],[116.319,34.620674],[116.323799,34.612675],[116.322197,34.606277],[116.312012,34.597923],[116.295784,34.600918],[116.293724,34.605957],[116.27211,34.605282],[116.276665,34.593208],[116.275299,34.582958],[116.257988,34.582733],[116.248192,34.573395],[116.251152,34.567471],[116.240906,34.553577],[116.232681,34.552643],[116.220482,34.561588],[116.211624,34.576252],[116.203018,34.581985],[116.185913,34.579468],[116.143341,34.557632],[116.128853,34.560715],[116.112213,34.590691],[116.095558,34.60672],[116.076942,34.60923],[116.049446,34.596378],[116.031944,34.594067],[115.997757,34.624958],[115.982201,34.622646],[115.976097,34.611412],[115.975838,34.594227],[115.968071,34.590092],[115.947235,34.590061],[115.910599,34.57991],[115.83036,34.573994],[115.824554,34.564129],[115.794716,34.574385],[115.793244,34.574891],[115.775726,34.58345],[115.712608,34.595207],[115.693619,34.603725],[115.686142,34.595982],[115.686493,34.579716],[115.681541,34.568699],[115.671303,34.561329],[115.612061,34.580326],[115.575157,34.575806],[115.531532,34.579025],[115.508148,34.588299],[115.459641,34.640244],[115.446762,34.661793],[115.438087,34.662582],[115.445976,34.698586],[115.437042,34.700687],[115.44072,34.711201],[115.420959,34.726303],[115.421219,34.733276],[115.437752,34.736633],[115.444466,34.744644],[115.437492,34.756268],[115.436203,34.769699],[115.421219,34.787525],[115.424057,34.804318],[115.411919,34.808708],[115.394097,34.832733],[115.367683,34.828533],[115.364708,34.833183],[115.348434,34.83654],[115.33268,34.849072],[115.321182,34.851913],[115.309425,34.862503],[115.289665,34.861729],[115.286697,34.851265],[115.26693,34.858501],[115.259956,34.854755],[115.261505,34.844421],[115.252533,34.839706],[115.237572,34.843224],[115.228607,34.870125],[115.229507,34.884533],[115.249008,34.9021],[115.24762,34.909584],[115.230042,34.914963],[115.208878,34.904201],[115.182335,34.915321],[115.184776,34.924511],[115.214973,34.946171],[115.21759,34.953663],[115.208153,34.96014],[115.197868,34.959858],[115.184631,34.952679],[115.178154,34.960281],[115.150131,34.959297],[115.141083,34.974506],[115.124222,34.981323],[115.125218,34.994855],[115.126335,35.001125],[115.119987,35.007057],[115.103485,35.00531],[115.079918,34.994839],[115.052567,34.995365],[115.046059,34.985306],[115.02668,34.98],[115.02755,34.96909],[115.021606,34.968151],[115.003113,34.977383],[115.001488,34.988068],[114.949425,34.994968],[114.936783,34.989166],[114.920631,34.969528],[114.899254,34.976948],[114.900459,34.989552],[114.874703,34.997524],[114.877129,35.022488],[114.86985,35.025608],[114.861527,35.023182],[114.849739,35.001686],[114.804321,35.011394],[114.807265,35.011653],[114.831703,35.018558],[114.845711,35.029343],[114.848129,35.037556],[114.844582,35.042061],[114.826874,35.042545],[114.814964,35.04818],[114.810615,35.068466],[114.812866,35.075226],[114.866684,35.08659],[114.878151,35.105412],[114.871391,35.120224],[114.840477,35.154675],[114.841446,35.169163],[114.854965,35.182365],[114.871712,35.190735],[114.924515,35.196854],[114.926117,35.245579],[114.961128,35.273003],[114.959511,35.28653],[114.991295,35.311813],[115.007485,35.332268],[115.009727,35.323875],[115.015037,35.323875],[115.013641,35.332648],[115.009773,35.360989],[115.013924,35.369518],[115.025864,35.375858],[115.066574,35.378052],[115.079536,35.392715],[115.076561,35.410225],[115.082413,35.414372],[115.087288,35.415344],[115.089485,35.408764],[115.108742,35.398769],[115.105812,35.419243],[115.113861,35.423878],[115.114586,35.396088],[115.122391,35.397793],[115.124092,35.425339],[115.128723,35.427532],[115.156517,35.428993],[115.186013,35.417852],[115.227325,35.423634],[115.255112,35.448738],[115.259262,35.455917],[115.257301,35.462631],[115.263733,35.467106],[115.279579,35.464428],[115.292015,35.472206],[115.296722,35.470303],[115.317909,35.485886],[115.345741,35.494812],[115.349419,35.501114],[115.342766,35.529476],[115.358345,35.538929],[115.337868,35.547394],[115.339828,35.55159],[115.34906,35.551868],[115.347145,35.566589],[115.3601,35.574291],[115.369377,35.572365],[115.397568,35.594048],[115.401825,35.625362],[115.421097,35.619617],[115.430176,35.621841],[115.425827,35.627903],[115.419945,35.627903],[115.421837,35.640556],[115.424805,35.646671],[115.441665,35.650375],[115.414017,35.65707],[115.458168,35.667454],[115.446174,35.674713],[115.461876,35.675388],[115.471161,35.698685],[115.494629,35.711349],[115.502998,35.724518],[115.551231,35.726276],[115.552284,35.732616],[115.581856,35.724869],[115.581856,35.735783],[115.611427,35.737896],[115.657125,35.750461],[115.685348,35.750568],[115.695915,35.804428],[115.708587,35.801262],[115.708229,35.813229],[115.719147,35.813934],[115.727388,35.831787],[115.75396,35.837318],[115.766304,35.853683],[115.809204,35.843914],[115.813805,35.85289],[115.833687,35.847801],[115.833961,35.855251],[115.856659,35.856426],[115.869525,35.864996]]]]}},{"type":"Feature","properties":{"name":"驻马店市","code":"411700","gb":"156411700","province":"河南省","label":[114.14951532664188,32.92364883033078]},"geometry":{"type":"MultiPolygon","coordinates":[[[[114.094115,33.532685],[114.094103,33.52231],[114.08835,33.525718],[114.081468,33.512372],[114.091923,33.506386],[114.110285,33.511501],[114.113992,33.506838],[114.098081,33.500823],[114.097444,33.493353],[114.109826,33.49013],[114.125208,33.496459],[114.127667,33.485687],[114.123527,33.47643],[114.142691,33.470719],[114.141059,33.463081],[114.180392,33.46196],[114.184356,33.456933],[114.181759,33.447248],[114.16252,33.443637],[114.186216,33.433751],[114.18971,33.436753],[114.189491,33.452371],[114.205225,33.452366],[114.206102,33.44904],[114.239765,33.452714],[114.247912,33.461904],[114.260622,33.462865],[114.27896,33.476886],[114.30264,33.486712],[114.320006,33.47537],[114.321942,33.469913],[114.345254,33.463692],[114.343046,33.45004],[114.347482,33.448712],[114.348232,33.454623],[114.356075,33.457204],[114.37627,33.454816],[114.408093,33.463248],[114.423803,33.458118],[114.431621,33.464459],[114.440933,33.46491],[114.454605,33.459504],[114.452653,33.440524],[114.460725,33.433834],[114.462495,33.441886],[114.480877,33.446514],[114.487423,33.418214],[114.527272,33.418492],[114.528854,33.42756],[114.556528,33.425772],[114.560439,33.418641],[114.568022,33.41917],[114.571705,33.412871],[114.566155,33.399582],[114.571135,33.390226],[114.565487,33.38115],[114.581451,33.36189],[114.602549,33.359348],[114.618023,33.34194],[114.628176,33.343039],[114.644869,33.357277],[114.650151,33.355855],[114.650881,33.348531],[114.661989,33.34513],[114.664468,33.322273],[114.65799,33.310959],[114.666161,33.308938],[114.668529,33.317983],[114.678844,33.317132],[114.679154,33.298393],[114.689335,33.295559],[114.708735,33.302249],[114.715169,33.299034],[114.723756,33.292888],[114.724716,33.283364],[114.716118,33.282523],[114.724753,33.265543],[114.72533,33.253554],[114.718305,33.253021],[114.719355,33.239974],[114.709034,33.216779],[114.690456,33.206442],[114.694375,33.198849],[114.674215,33.177477],[114.688305,33.172432],[114.699284,33.160901],[114.699296,33.149478],[114.710438,33.149737],[114.714822,33.129985],[114.729215,33.125592],[114.738328,33.106851],[114.745408,33.113088],[114.755002,33.114179],[114.767881,33.069457],[114.791052,33.070668],[114.797638,33.065022],[114.793486,33.060019],[114.798886,33.056895],[114.809331,33.063779],[114.815721,33.057495],[114.825327,33.061135],[114.848347,33.050941],[114.853053,33.062057],[114.850503,33.079502],[114.89462,33.081588],[114.90551,33.070908],[114.911636,33.042103],[114.924103,33.021664],[114.889137,33.01487],[114.887558,33.001308],[114.878197,32.994492],[114.875145,32.985489],[114.885498,32.973736],[114.907394,32.969496],[114.919075,32.95779],[114.927948,32.939129],[114.933998,32.936478],[114.999153,32.942375],[115.029907,32.929794],[115.031761,32.919727],[115.01857,32.91378],[115.025482,32.908615],[115.066506,32.910412],[115.099388,32.898998],[115.124847,32.903976],[115.133911,32.899525],[115.138275,32.885826],[115.156959,32.863396],[115.191345,32.856792],[115.194641,32.841469],[115.177856,32.838467],[115.186035,32.824135],[115.1819,32.813751],[115.198089,32.792191],[115.177643,32.796249],[115.174171,32.793217],[115.177276,32.774448],[115.173653,32.686752],[115.176163,32.666447],[115.191978,32.670013],[115.195068,32.65736],[115.20652,32.660473],[115.202446,32.640533],[115.188942,32.645702],[115.184509,32.639542],[115.189537,32.629395],[115.180748,32.62212],[115.192657,32.619495],[115.196655,32.613953],[115.179197,32.605617],[115.172775,32.610521],[115.163101,32.60872],[115.164455,32.595801],[115.152701,32.60047],[115.145096,32.596802],[115.144714,32.585278],[115.137788,32.579657],[115.131882,32.583653],[115.136898,32.600998],[115.133437,32.605893],[115.115394,32.611058],[115.111235,32.605811],[115.10487,32.609269],[115.089967,32.639878],[115.072734,32.635816],[115.058599,32.629062],[115.025837,32.652241],[114.982179,32.662361],[114.952225,32.663931],[114.920724,32.647623],[114.908385,32.656146],[114.892638,32.654987],[114.897858,32.649588],[114.898776,32.634421],[114.885832,32.618146],[114.871078,32.61838],[114.865525,32.624882],[114.854221,32.624884],[114.850542,32.620958],[114.816304,32.629573],[114.809048,32.627253],[114.810609,32.60512],[114.806251,32.605278],[114.801249,32.616119],[114.78377,32.61289],[114.786614,32.584733],[114.794778,32.587023],[114.80052,32.582376],[114.806506,32.56507],[114.797193,32.55451],[114.782178,32.554529],[114.774895,32.541568],[114.780207,32.52467],[114.788636,32.522284],[114.78261,32.508069],[114.756532,32.515477],[114.755403,32.528041],[114.733818,32.524489],[114.73284,32.518087],[114.725529,32.517896],[114.720714,32.528634],[114.721963,32.54205],[114.715505,32.550999],[114.695961,32.543961],[114.6981,32.520016],[114.663005,32.515236],[114.66074,32.531197],[114.654048,32.531778],[114.633928,32.52853],[114.627315,32.517662],[114.61647,32.517391],[114.614937,32.512315],[114.586582,32.516997],[114.565332,32.512058],[114.563677,32.498678],[114.568223,32.498131],[114.569567,32.480986],[114.566186,32.480848],[114.564777,32.471751],[114.581607,32.458427],[114.563466,32.438854],[114.565912,32.429563],[114.569346,32.42543],[114.590459,32.42309],[114.594082,32.412481],[114.631117,32.397935],[114.640046,32.387164],[114.641244,32.378517],[114.616039,32.371039],[114.613187,32.363207],[114.618151,32.353131],[114.607932,32.348529],[114.601322,32.334194],[114.591898,32.327723],[114.574665,32.323608],[114.569798,32.317952],[114.574408,32.311642],[114.562773,32.308826],[114.544212,32.287572],[114.536125,32.286289],[114.526783,32.290221],[114.52087,32.300943],[114.511508,32.303326],[114.492668,32.301171],[114.488623,32.286611],[114.482768,32.283974],[114.466438,32.296505],[114.442646,32.281087],[114.42758,32.290973],[114.416736,32.279574],[114.393998,32.293615],[114.376331,32.293344],[114.363632,32.29849],[114.365269,32.309607],[114.361204,32.316846],[114.342525,32.327048],[114.342898,32.349047],[114.337022,32.367584],[114.30943,32.374884],[114.284197,32.367363],[114.272406,32.409275],[114.281703,32.423083],[114.27548,32.424951],[114.27298,32.416526],[114.265083,32.410257],[114.25754,32.410953],[114.253933,32.423189],[114.242655,32.432833],[114.242793,32.460213],[114.225105,32.458594],[114.213413,32.444721],[114.192983,32.45418],[114.191001,32.493906],[114.18633,32.494616],[114.163727,32.492531],[114.159048,32.481602],[114.15869,32.462887],[114.145459,32.460379],[114.12871,32.46578],[114.128396,32.453474],[114.121508,32.447812],[114.114585,32.452512],[114.100979,32.448021],[114.077397,32.452791],[114.07199,32.460865],[114.072288,32.474593],[114.083399,32.485816],[114.061959,32.50997],[114.068781,32.515975],[114.068861,32.521432],[114.06061,32.526075],[114.061276,32.536318],[114.055806,32.546583],[114.047581,32.544869],[114.047865,32.52658],[114.057187,32.526803],[114.060056,32.522239],[114.041943,32.520511],[114.041112,32.510742],[114.036288,32.510473],[114.029085,32.522233],[114.009839,32.52002],[114.009097,32.512914],[114.000065,32.506615],[113.955255,32.505685],[113.947081,32.512043],[113.949648,32.528323],[113.942475,32.532787],[113.932547,32.575283],[113.921574,32.588458],[113.911626,32.58839],[113.908439,32.592252],[113.914853,32.598396],[113.914733,32.608014],[113.881446,32.607492],[113.862068,32.627793],[113.845637,32.619555],[113.839634,32.625315],[113.815921,32.622676],[113.816675,32.603181],[113.807463,32.602039],[113.791501,32.62393],[113.779493,32.628334],[113.77771,32.639039],[113.781339,32.645515],[113.77681,32.655532],[113.75242,32.655531],[113.717304,32.676683],[113.712277,32.686902],[113.691192,32.698535],[113.680146,32.698108],[113.674317,32.693523],[113.66438,32.695352],[113.644241,32.710612],[113.621903,32.705806],[113.61067,32.715335],[113.604887,32.699872],[113.61461,32.691819],[113.614256,32.671034],[113.59079,32.663419],[113.596128,32.659892],[113.59628,32.647406],[113.579938,32.641192],[113.566036,32.62508],[113.560753,32.604021],[113.535826,32.589822],[113.523137,32.596261],[113.508661,32.584093],[113.508437,32.571789],[113.484499,32.570274],[113.452948,32.588759],[113.441298,32.585897],[113.416528,32.608608],[113.397619,32.615878],[113.387933,32.611601],[113.360031,32.571187],[113.353405,32.575812],[113.341782,32.574293],[113.324598,32.57916],[113.314663,32.590374],[113.306318,32.585661],[113.273553,32.598713],[113.247762,32.597662],[113.242864,32.594346],[113.239597,32.581689],[113.220405,32.572655],[113.198429,32.572937],[113.194962,32.588579],[113.197708,32.596563],[113.191245,32.605931],[113.195792,32.626727],[113.20196,32.633627],[113.181557,32.643921],[113.180471,32.652128],[113.195589,32.660528],[113.205004,32.681532],[113.220736,32.684832],[113.219242,32.688441],[113.232081,32.686094],[113.231765,32.679265],[113.241026,32.669545],[113.244673,32.653097],[113.252649,32.64888],[113.263889,32.66551],[113.260858,32.673086],[113.255972,32.671808],[113.24214,32.681728],[113.231423,32.700087],[113.199683,32.705789],[113.203669,32.728648],[113.189013,32.71187],[113.183563,32.720386],[113.200361,32.754011],[113.171544,32.776467],[113.180467,32.787573],[113.179111,32.802059],[113.172569,32.8065],[113.178936,32.823301],[113.161309,32.839094],[113.1598,32.849243],[113.172305,32.853104],[113.181664,32.869123],[113.19221,32.873446],[113.201587,32.886905],[113.193507,32.897931],[113.201648,32.91903],[113.195075,32.921678],[113.1875,32.916994],[113.175586,32.917698],[113.168851,32.920992],[113.169198,32.926764],[113.151416,32.933627],[113.141669,32.943357],[113.13456,32.931817],[113.106194,32.93517],[113.099619,32.947637],[113.089987,32.953549],[113.106993,32.979083],[113.116276,33.009987],[113.147589,33.032483],[113.152502,33.047133],[113.163308,33.055041],[113.180355,33.054676],[113.187943,33.068942],[113.197159,33.072203],[113.219295,33.069046],[113.233194,33.079143],[113.25494,33.084912],[113.267335,33.081469],[113.297574,33.089133],[113.300988,33.082474],[113.319703,33.082841],[113.352711,33.09412],[113.380738,33.12139],[113.380288,33.130562],[113.391792,33.150559],[113.447453,33.162267],[113.479956,33.153831],[113.50737,33.16462],[113.519977,33.154992],[113.526914,33.15445],[113.542262,33.140611],[113.550884,33.148909],[113.553664,33.161739],[113.585517,33.157084],[113.596545,33.162614],[113.612227,33.14736],[113.618534,33.150269],[113.643356,33.182205],[113.640952,33.187388],[113.62254,33.186992],[113.616564,33.194267],[113.603305,33.222426],[113.604402,33.233271],[113.599283,33.234648],[113.599327,33.246364],[113.603872,33.250369],[113.619575,33.307691],[113.633478,33.323855],[113.633468,33.355759],[113.647932,33.371646],[113.671488,33.377843],[113.682458,33.40912],[113.68353,33.419911],[113.696524,33.41904],[113.71378,33.433704],[113.731592,33.431736],[113.785142,33.437218],[113.798546,33.432405],[113.796462,33.44356],[113.856387,33.481408],[113.879069,33.478013],[113.904259,33.486285],[113.910186,33.484552],[113.913052,33.470205],[113.94261,33.467053],[113.945024,33.474193],[113.986583,33.489368],[113.987677,33.501523],[114.004667,33.509299],[114.00439,33.521854],[114.010406,33.528365],[114.027071,33.525202],[114.033113,33.531221],[114.039742,33.5323],[114.056792,33.520992],[114.072649,33.519019],[114.084935,33.525175],[114.087561,33.532123],[114.094115,33.532685]]]]}},{"type":"Feature","properties":{"name":"锦州市","code":"210700","gb":"156210700","province":"辽宁省","label":[121.61356153411359,41.460829493837544]},"geometry":{"type":"MultiPolygon","coordinates":[[[[122.422416,42.093323],[122.423889,42.090099],[122.442171,42.092494],[122.445066,42.089638],[122.429336,42.080845],[122.429168,42.0755],[122.445503,42.070926],[122.456748,42.039867],[122.471267,42.039802],[122.468581,42.025821],[122.489913,42.003326],[122.498633,41.95555],[122.496908,41.939872],[122.500876,41.9346],[122.513106,41.932875],[122.511655,41.919663],[122.518263,41.897913],[122.449117,41.906161],[122.438283,41.899528],[122.433957,41.887275],[122.460309,41.878867],[122.453808,41.840659],[122.499318,41.821921],[122.524296,41.806223],[122.534825,41.798559],[122.537327,41.787848],[122.54781,41.784868],[122.549359,41.790373],[122.555203,41.787519],[122.557042,41.778955],[122.552601,41.772768],[122.556531,41.769083],[122.59126,41.770193],[122.594968,41.765178],[122.569737,41.748617],[122.563694,41.714593],[122.556759,41.712839],[122.54552,41.696596],[122.532329,41.668119],[122.512256,41.674715],[122.510638,41.655943],[122.520777,41.654367],[122.520709,41.650362],[122.513346,41.642213],[122.510554,41.627821],[122.496394,41.625486],[122.485628,41.611891],[122.479464,41.596018],[122.48514,41.584497],[122.480592,41.579508],[122.471544,41.578737],[122.482515,41.564605],[122.434494,41.549712],[122.358657,41.549225],[122.227597,41.493607],[122.207387,41.479245],[122.18931,41.457845],[122.188755,41.457371],[122.179635,41.446389],[122.172349,41.449616],[122.164162,41.4408],[122.131821,41.426034],[122.137726,41.420414],[122.088828,41.397683],[122.087817,41.393146],[122.074554,41.386635],[122.046866,41.376809],[122.039717,41.362965],[122.032385,41.368256],[122.012785,41.368932],[122.013518,41.380914],[121.947645,41.385373],[121.943716,41.369043],[121.90437,41.352899],[121.897014,41.341573],[121.899546,41.33683],[121.881169,41.320516],[121.864178,41.328546],[121.862614,41.339006],[121.836667,41.352197],[121.807751,41.351267],[121.806004,41.3463],[121.800472,41.348009],[121.798382,41.334062],[121.780284,41.334768],[121.769055,41.341436],[121.769947,41.327417],[121.762867,41.321772],[121.753269,41.322161],[121.753673,41.332068],[121.747028,41.334257],[121.733745,41.332869],[121.722407,41.322687],[121.721914,41.331067],[121.715747,41.317583],[121.721698,41.310278],[121.700801,41.309023],[121.681246,41.300791],[121.677867,41.3062],[121.672129,41.305239],[121.623636,41.277259],[121.621797,41.266062],[121.609735,41.266177],[121.603792,41.256217],[121.577546,41.242118],[121.574593,41.233672],[121.583581,41.225966],[121.573273,41.2162],[121.586091,41.208426],[121.617715,41.205305],[121.616858,41.19624],[121.610872,41.179016],[121.596474,41.178213],[121.583878,41.168879],[121.568772,41.166228],[121.563478,41.159742],[121.57106,41.111593],[121.577759,41.103956],[121.594925,41.110068],[121.608337,41.10298],[121.618126,41.107527],[121.628296,41.100355],[121.665581,41.095636],[121.685174,41.102556],[121.737084,41.10531],[121.737482,41.110238],[121.742117,41.107749],[121.75876,41.0986],[121.753137,41.086797],[121.70899,41.086711],[121.70854,41.093025],[121.679957,41.095509],[121.666368,41.090882],[121.668228,41.083726],[121.673823,41.083336],[121.660372,41.057809],[121.642258,41.060509],[121.644885,41.053677],[121.655641,41.046898],[121.6562,41.034744],[121.6699,41.025745],[121.664762,41.016643],[121.66636,40.96908],[121.660947,40.960399],[121.643275,40.951613],[121.639011,40.934145],[121.62356,40.917937],[121.621436,40.906306],[121.600881,40.885462],[121.581406,40.876725],[121.564294,40.878132],[121.530511,40.842871],[121.470962,40.858675],[121.476922,40.885396],[121.424919,40.884796],[121.426975,40.834105],[121.326689,40.852371],[121.318364,40.905412],[121.321682,40.922764],[121.315566,40.904794],[121.323187,40.851031],[121.290063,40.850598],[121.290954,40.862792],[121.270552,40.899738],[121.233993,40.883894],[121.233557,40.860582],[121.218373,40.852116],[121.195215,40.859575],[121.211781,40.888883],[121.175145,40.886899],[121.166167,40.876374],[121.138699,40.881591],[121.115668,40.876097],[121.085845,40.839518],[121.059121,40.823884],[121.0605,40.798706],[121.013216,40.79212],[121.004183,40.828926],[121.005315,40.835361],[120.995943,40.855994],[121.001363,40.863575],[121.018456,40.866956],[121.028815,40.877231],[121.03144,40.898098],[121.026588,40.913158],[121.031428,40.919236],[121.01816,40.92633],[121.031415,40.93205],[121.03147,40.935853],[121.019596,40.94833],[121.011392,40.9407],[121.00479,40.950691],[121.012095,40.960912],[121.007362,40.996895],[121.019279,41.019699],[121.026735,41.047535],[120.996383,41.032608],[120.977974,41.035904],[120.973335,41.044873],[120.957474,41.048573],[120.946639,41.044781],[120.939392,41.065495],[120.947166,41.070874],[120.949203,41.078335],[120.938263,41.098103],[120.937038,41.114717],[120.93222,41.122342],[120.925468,41.115766],[120.901527,41.120339],[120.892555,41.127557],[120.905899,41.133935],[120.902153,41.143945],[120.87062,41.154332],[120.836776,41.130163],[120.829269,41.129674],[120.814696,41.141695],[120.802581,41.141676],[120.800345,41.156191],[120.784003,41.159483],[120.779082,41.165792],[120.790443,41.180708],[120.781631,41.19919],[120.775725,41.200949],[120.766181,41.192194],[120.758963,41.191931],[120.764831,41.201155],[120.756965,41.209635],[120.737364,41.219256],[120.72164,41.216902],[120.711379,41.220095],[120.731154,41.235602],[120.764327,41.246634],[120.758483,41.259569],[120.737868,41.271181],[120.731986,41.268988],[120.727836,41.2741],[120.731819,41.286417],[120.743225,41.289572],[120.750053,41.299605],[120.743202,41.318102],[120.753052,41.355101],[120.764503,41.356734],[120.769234,41.365958],[120.762779,41.367968],[120.764855,41.373992],[120.777932,41.380087],[120.784854,41.39321],[120.796365,41.393897],[120.809609,41.402087],[120.810761,41.407328],[120.799729,41.417594],[120.806169,41.423907],[120.81479,41.419398],[120.818116,41.406847],[120.828057,41.396143],[120.838044,41.402892],[120.837137,41.416083],[120.840555,41.419997],[120.846307,41.421565],[120.855447,41.413306],[120.872461,41.416102],[120.878715,41.422061],[120.870737,41.433195],[120.872278,41.474539],[120.88254,41.47502],[120.892206,41.469492],[120.896342,41.471827],[120.899722,41.479231],[120.891512,41.484553],[120.89596,41.510844],[120.901423,41.519946],[120.90784,41.525214],[120.91968,41.523463],[120.931659,41.529318],[120.976,41.564978],[120.968349,41.581603],[120.970463,41.596117],[120.97588,41.59875],[120.988812,41.595236],[120.999638,41.602431],[121.03719,41.60903],[121.042691,41.613703],[121.041203,41.619387],[121.048573,41.611307],[121.051755,41.613516],[121.046315,41.614657],[121.044171,41.621535],[121.060941,41.626532],[121.069707,41.611757],[121.108602,41.617907],[121.116842,41.635012],[121.129248,41.644133],[121.141348,41.646906],[121.140028,41.657289],[121.150122,41.668497],[121.172278,41.662134],[121.188223,41.675798],[121.218985,41.675932],[121.221373,41.686182],[121.212333,41.687662],[121.227637,41.718687],[121.21788,41.725294],[121.210403,41.738131],[121.220985,41.760481],[121.253385,41.773414],[121.252136,41.784975],[121.257651,41.790094],[121.279244,41.782091],[121.292992,41.76742],[121.330735,41.769453],[121.33713,41.766144],[121.337929,41.746187],[121.323624,41.738882],[121.3246,41.733541],[121.358246,41.717859],[121.371491,41.718965],[121.387971,41.729554],[121.436677,41.731996],[121.440095,41.718091],[121.449052,41.716],[121.452905,41.695042],[121.465196,41.69262],[121.468438,41.693127],[121.471421,41.709893],[121.480485,41.717728],[121.499704,41.714558],[121.509572,41.718804],[121.509694,41.72778],[121.501101,41.741463],[121.51756,41.76632],[121.533147,41.771527],[121.529813,41.77382],[121.533842,41.781034],[121.563368,41.783154],[121.566626,41.788819],[121.605757,41.783074],[121.619917,41.790772],[121.625334,41.783745],[121.623869,41.77213],[121.628889,41.769318],[121.640677,41.772332],[121.653182,41.781907],[121.673003,41.777821],[121.674155,41.773342],[121.680251,41.778706],[121.681342,41.788018],[121.696578,41.797394],[121.70232,41.792022],[121.712976,41.790489],[121.72483,41.794125],[121.747009,41.788803],[121.748665,41.794579],[121.776009,41.803211],[121.8192,41.784827],[121.832466,41.79245],[121.836716,41.803745],[121.843713,41.806442],[121.858064,41.802661],[121.86345,41.809196],[121.85592,41.814205],[121.835038,41.81179],[121.822754,41.819175],[121.839715,41.827274],[121.844918,41.836963],[121.841752,41.844474],[121.88949,41.843597],[121.91971,41.861141],[121.928041,41.872386],[121.93648,41.870921],[121.953577,41.878532],[121.9593,41.891215],[121.980815,41.899085],[121.992129,41.909442],[121.988528,41.91508],[121.991535,41.928039],[122.014179,41.925258],[122.036213,41.932715],[122.0368,41.942889],[122.056728,41.958613],[122.0574,41.966502],[122.075703,41.965438],[122.092427,41.978606],[122.089474,41.983973],[122.108724,41.9971],[122.126348,41.997012],[122.146413,42.030005],[122.180059,42.026145],[122.179029,42.029646],[122.195433,42.031573],[122.207076,42.047911],[122.221884,42.045317],[122.280776,42.072581],[122.287933,42.084284],[122.301216,42.08819],[122.30587,42.08388],[122.338181,42.095282],[122.349366,42.09038],[122.362107,42.096063],[122.359429,42.10343],[122.420405,42.125923],[122.435165,42.118893],[122.442947,42.109753],[122.422416,42.093323]],[[120.770848,41.220167],[120.765368,41.218781],[120.765728,41.211535],[120.77304,41.208289],[120.770848,41.220167]],[[120.766526,41.207284],[120.766538,41.209156],[120.76524,41.207237],[120.766526,41.207284]],[[120.767217,41.208655],[120.768516,41.208587],[120.767476,41.210232],[120.767217,41.208655]],[[120.7673,41.200126],[120.76787,41.198931],[120.768992,41.200244],[120.7673,41.200126]],[[120.767244,41.198724],[120.76792,41.197465],[120.768165,41.198608],[120.767244,41.198724]]]]}},{"type":"Feature","properties":{"name":"青岛市","code":"370200","gb":"156370200","province":"山东省","label":[120.14197108269859,36.453372761312835]},"geometry":{"type":"MultiPolygon","coordinates":[[[[120.182971,35.750746],[120.15758,35.744254],[120.153207,35.76083],[120.17599,35.787541],[120.182971,35.750746]]],[[[120.543052,37.118243],[120.531588,37.084315],[120.537266,37.075238],[120.534814,37.059919],[120.528237,37.056131],[120.53105,37.048543],[120.544841,37.040979],[120.556161,37.047558],[120.56615,37.045922],[120.578314,37.058306],[120.582301,37.048147],[120.601614,37.04714],[120.609433,37.02607],[120.596037,36.991766],[120.589198,36.990884],[120.577898,37.0018],[120.571117,37.000067],[120.561725,36.967212],[120.555687,36.960346],[120.558505,36.951242],[120.569166,36.945466],[120.568497,36.927926],[120.588275,36.91187],[120.615034,36.912866],[120.617388,36.909255],[120.618147,36.890526],[120.571997,36.87955],[120.573908,36.859594],[120.591634,36.853795],[120.582032,36.839562],[120.607183,36.828789],[120.594982,36.801206],[120.562943,36.803752],[120.558941,36.800836],[120.554472,36.783763],[120.540162,36.769144],[120.539254,36.749623],[120.541664,36.744261],[120.559648,36.735351],[120.578303,36.735678],[120.592109,36.707391],[120.582608,36.695467],[120.611794,36.689676],[120.621418,36.677606],[120.622716,36.65966],[120.636492,36.665423],[120.644055,36.662236],[120.647612,36.649781],[120.655131,36.651105],[120.654754,36.630331],[120.642235,36.627688],[120.629788,36.588869],[120.632971,36.574125],[120.65424,36.580421],[120.695934,36.6029],[120.706641,36.621121],[120.720952,36.624143],[120.772451,36.601081],[120.775715,36.59431],[120.790812,36.589031],[120.80556,36.591554],[120.845394,36.61056],[120.877969,36.600045],[120.900504,36.562262],[120.955956,36.559142],[120.976076,36.540424],[120.955925,36.520725],[120.944171,36.489231],[120.961777,36.476857],[120.942233,36.459164],[120.910777,36.455825],[120.910103,36.430128],[120.8863,36.398459],[120.887464,36.377565],[120.868575,36.375219],[120.850982,36.384627],[120.858748,36.422952],[120.835163,36.436711],[120.84431,36.451142],[120.830047,36.466902],[120.743962,36.460698],[120.739628,36.443507],[120.708552,36.419797],[120.689688,36.393602],[120.692365,36.366497],[120.727744,36.345613],[120.723184,36.330721],[120.683152,36.331293],[120.665071,36.338364],[120.649225,36.322159],[120.660024,36.30063],[120.644097,36.292057],[120.651778,36.272525],[120.675181,36.276836],[120.667968,36.236766],[120.678714,36.228742],[120.687359,36.200668],[120.687545,36.153305],[120.633955,36.120175],[120.616993,36.127021],[120.601989,36.106667],[120.579834,36.117251],[120.543481,36.116015],[120.535857,36.106213],[120.494648,36.08921],[120.471183,36.094038],[120.420871,36.057142],[120.397763,36.052598],[120.379158,36.060583],[120.358226,36.048311],[120.30933,36.061723],[120.310217,36.073872],[120.309769,36.094326],[120.328953,36.133343],[120.355535,36.156585],[120.365493,36.174874],[120.363144,36.193939],[120.346177,36.207506],[120.321913,36.227187],[120.309494,36.253762],[120.281551,36.216631],[120.306019,36.185815],[120.274841,36.187872],[120.255377,36.201627],[120.22002,36.194887],[120.219333,36.221192],[120.179313,36.207858],[120.15227,36.186604],[120.127658,36.180061],[120.125839,36.140781],[120.100433,36.125644],[120.10625,36.100217],[120.146682,36.09086],[120.163365,36.070118],[120.186992,36.061737],[120.228579,36.062213],[120.221496,36.046484],[120.231505,36.012152],[120.271398,35.994467],[120.284193,36.015328],[120.305201,36.012507],[120.30085,35.983658],[120.287596,35.970138],[120.252894,35.966623],[120.199424,35.91973],[120.187541,35.899589],[120.168789,35.903584],[120.192848,35.933112],[120.170322,35.935687],[120.150003,35.909381],[120.126462,35.913635],[120.099872,35.904312],[120.083849,35.887801],[120.056054,35.874159],[120.032169,35.833392],[120.024022,35.807364],[120.038626,35.780815],[120.020492,35.755183],[120.008098,35.719284],[119.985302,35.727699],[119.954568,35.763642],[119.930812,35.768013],[119.910166,35.754402],[119.908415,35.739596],[119.937298,35.708494],[119.919105,35.702038],[119.906251,35.682808],[119.905319,35.658024],[119.91551,35.637284],[119.89095,35.634543],[119.868414,35.612538],[119.813811,35.642621],[119.791467,35.623135],[119.787805,35.603695],[119.763262,35.582703],[119.749432,35.588848],[119.749298,35.620189],[119.723207,35.623996],[119.658466,35.581824],[119.616294,35.603251],[119.604754,35.592055],[119.596292,35.59026],[119.593014,35.596967],[119.585222,35.599633],[119.571046,35.58585],[119.552837,35.592716],[119.534278,35.58892],[119.530895,35.592344],[119.53265,35.605469],[119.515894,35.610587],[119.51069,35.61652],[119.522553,35.654234],[119.522613,35.676243],[119.513594,35.684915],[119.508924,35.697463],[119.516024,35.708876],[119.511493,35.724078],[119.517869,35.733215],[119.519961,35.73068],[119.524736,35.721188],[119.541334,35.726109],[119.57079,35.713247],[119.584703,35.71673],[119.60025,35.711047],[119.608612,35.717756],[119.620039,35.712194],[119.621707,35.725995],[119.609746,35.733405],[119.600197,35.747521],[119.586661,35.753578],[119.593034,35.776711],[119.60594,35.775514],[119.612509,35.787637],[119.603336,35.798738],[119.604964,35.810729],[119.620235,35.81937],[119.625664,35.8366],[119.649773,35.845946],[119.660642,35.840937],[119.670355,35.841996],[119.6698,35.848238],[119.688364,35.864393],[119.69873,35.864288],[119.711684,35.853126],[119.731499,35.863615],[119.727299,35.896136],[119.714379,35.907112],[119.711194,35.928029],[119.696607,35.927533],[119.694572,35.946273],[119.680057,35.97684],[119.6836,35.991415],[119.679114,36.014828],[119.711543,36.041853],[119.704008,36.054494],[119.689146,36.052762],[119.670329,36.063251],[119.66139,36.058069],[119.654204,36.065776],[119.628229,36.067732],[119.62685,36.09168],[119.65176,36.100896],[119.65221,36.108851],[119.638282,36.12756],[119.649369,36.145243],[119.663856,36.168187],[119.663152,36.174972],[119.67556,36.181718],[119.6868,36.174809],[119.707969,36.175151],[119.707892,36.180097],[119.712983,36.180087],[119.727714,36.168488],[119.730411,36.159275],[119.742165,36.158484],[119.765368,36.167499],[119.783673,36.166923],[119.786914,36.171546],[119.806662,36.166974],[119.826567,36.180605],[119.818762,36.195039],[119.818622,36.211079],[119.811492,36.21499],[119.801991,36.23411],[119.814165,36.241989],[119.816998,36.252832],[119.833518,36.265644],[119.832292,36.282074],[119.857912,36.298621],[119.860127,36.309944],[119.893122,36.320981],[119.897313,36.333354],[119.890784,36.349875],[119.898261,36.354612],[119.89596,36.36911],[119.90148,36.3758],[119.899639,36.382746],[119.940617,36.384602],[119.93394,36.397013],[119.922454,36.402285],[119.918037,36.413565],[119.920097,36.41942],[119.929125,36.420062],[119.937594,36.428311],[119.941196,36.439264],[119.950887,36.446252],[119.989345,36.450172],[119.990293,36.443994],[120.006583,36.451948],[120.005189,36.467491],[120.001009,36.468847],[119.998837,36.477231],[120.003025,36.497806],[120.00461,36.508736],[119.994951,36.508415],[119.993601,36.503628],[119.969402,36.51568],[119.966611,36.522206],[119.940328,36.518366],[119.92567,36.495624],[119.918939,36.495176],[119.922385,36.523255],[119.82102,36.541036],[119.742522,36.571401],[119.722171,36.562361],[119.725124,36.581652],[119.721025,36.591681],[119.710626,36.592251],[119.690971,36.606174],[119.677356,36.606695],[119.615201,36.643146],[119.607901,36.663173],[119.590928,36.690073],[119.581953,36.696132],[119.573808,36.711915],[119.542967,36.725337],[119.530816,36.742777],[119.525724,36.76634],[119.537442,36.802863],[119.533898,36.805832],[119.544251,36.808876],[119.553153,36.803297],[119.561966,36.805022],[119.59196,36.857027],[119.594624,36.921372],[119.578387,36.950288],[119.604715,37.014792],[119.625534,37.015475],[119.682968,36.997229],[119.710798,37.006222],[119.716897,36.992591],[119.726559,36.987358],[119.753669,36.990437],[119.764563,36.995763],[119.766715,37.003808],[119.791335,37.013163],[119.803097,37.012422],[119.814894,36.998982],[119.879984,37.000079],[119.903465,36.992999],[119.919832,36.994363],[119.946715,37.010783],[119.984316,37.014695],[120.026713,36.996919],[120.037757,37.005707],[120.04371,37.019312],[120.085465,37.017505],[120.097045,37.013304],[120.132665,37.021439],[120.136308,37.020858],[120.136342,37.01454],[120.152645,37.011602],[120.162606,37.017607],[120.167727,37.033681],[120.185039,37.037517],[120.190538,37.033215],[120.20392,37.043672],[120.201177,37.045747],[120.211074,37.055878],[120.213155,37.07851],[120.218147,37.086587],[120.22475,37.088225],[120.228541,37.097261],[120.228856,37.121775],[120.252513,37.116678],[120.259101,37.114051],[120.275181,37.131302],[120.296751,37.131879],[120.29801,37.106632],[120.300449,37.114419],[120.308545,37.113899],[120.31491,37.105758],[120.324021,37.113664],[120.331997,37.103088],[120.33172,37.091349],[120.34235,37.076176],[120.352655,37.083506],[120.356264,37.100781],[120.364243,37.104309],[120.377997,37.105424],[120.392959,37.095606],[120.403758,37.094313],[120.411416,37.110357],[120.433802,37.115892],[120.435234,37.121969],[120.454165,37.113858],[120.487552,37.130125],[120.502275,37.146985],[120.520998,37.142908],[120.523166,37.136115],[120.538429,37.132166],[120.543052,37.118243]]]]}},{"type":"Feature","properties":{"name":"新乡市","code":"410700","gb":"156410700","province":"河南省","label":[114.08704493243462,35.26240386391582]},"geometry":{"type":"MultiPolygon","coordinates":[[[[113.695236,35.836126],[113.707437,35.820146],[113.734768,35.817663],[113.750382,35.795908],[113.755691,35.773399],[113.752026,35.768734],[113.769227,35.763598],[113.790687,35.74416],[113.799729,35.743477],[113.786106,35.701677],[113.788688,35.6956],[113.771811,35.686696],[113.779785,35.675092],[113.799888,35.673098],[113.806212,35.677234],[113.862862,35.681197],[113.877792,35.688375],[113.893819,35.677752],[113.919836,35.684454],[113.928937,35.704871],[113.960435,35.687172],[113.990707,35.706205],[113.997523,35.698713],[114.023739,35.692554],[114.021604,35.682924],[114.045061,35.675209],[114.05008,35.660642],[114.046013,35.64584],[114.058275,35.636755],[114.05032,35.625122],[114.054902,35.598021],[114.064276,35.592531],[114.066393,35.580191],[114.075483,35.566681],[114.093768,35.556149],[114.113298,35.552177],[114.149949,35.528062],[114.183587,35.521942],[114.185075,35.525544],[114.206378,35.527037],[114.217217,35.522955],[114.218335,35.517689],[114.237663,35.510611],[114.252522,35.496756],[114.261581,35.501515],[114.283424,35.501076],[114.277857,35.490876],[114.265617,35.481826],[114.26381,35.465607],[114.293587,35.459747],[114.29942,35.449877],[114.321819,35.44414],[114.335111,35.451873],[114.338173,35.46262],[114.34889,35.467888],[114.373011,35.46322],[114.382502,35.477929],[114.389843,35.478735],[114.404497,35.469694],[114.41389,35.474711],[114.422536,35.469837],[114.42581,35.45972],[114.416595,35.458106],[114.41125,35.440108],[114.400991,35.434026],[114.397373,35.422433],[114.40101,35.414441],[114.408647,35.410527],[114.410788,35.391248],[114.418923,35.382066],[114.407192,35.373105],[114.399385,35.356325],[114.418074,35.352164],[114.419913,35.33951],[114.432999,35.33662],[114.417169,35.325681],[114.395941,35.325328],[114.397464,35.315498],[114.411538,35.30904],[114.402438,35.293029],[114.392437,35.295869],[114.387495,35.292244],[114.401993,35.272767],[114.397878,35.266293],[114.389737,35.265803],[114.385212,35.254435],[114.388277,35.24295],[114.401834,35.239425],[114.395422,35.229756],[114.384383,35.226954],[114.388845,35.218407],[114.391311,35.226353],[114.404515,35.229003],[114.425565,35.221307],[114.423557,35.20911],[114.428649,35.206651],[114.442383,35.216139],[114.45514,35.218117],[114.481862,35.210958],[114.490358,35.225633],[114.513211,35.234476],[114.526509,35.230894],[114.536865,35.238937],[114.541594,35.24315],[114.543193,35.257094],[114.560255,35.275504],[114.582426,35.277392],[114.590636,35.287289],[114.622155,35.298547],[114.633314,35.299438],[114.665291,35.288774],[114.676116,35.291786],[114.678143,35.298819],[114.694169,35.304843],[114.695711,35.343312],[114.736136,35.346719],[114.753013,35.337054],[114.767715,35.342581],[114.796025,35.344722],[114.801821,35.349457],[114.803657,35.360701],[114.809504,35.357836],[114.81924,35.361949],[114.821687,35.368258],[114.854866,35.38926],[114.877028,35.392034],[114.944927,35.380755],[114.941543,35.37103],[114.95762,35.36272],[114.987347,35.335311],[115.013641,35.332648],[115.015037,35.323875],[115.009727,35.323875],[115.007485,35.332268],[114.991295,35.311813],[114.959511,35.28653],[114.961128,35.273003],[114.926117,35.245579],[114.924515,35.196854],[114.871712,35.190735],[114.854965,35.182365],[114.841446,35.169163],[114.840477,35.154675],[114.871391,35.120224],[114.878151,35.105412],[114.866684,35.08659],[114.812866,35.075226],[114.810615,35.068466],[114.814964,35.04818],[114.826874,35.042545],[114.844582,35.042061],[114.848129,35.037556],[114.845711,35.029343],[114.831703,35.018558],[114.807265,35.011653],[114.80437,35.011896],[114.794292,35.007227],[114.776617,34.99183],[114.750617,34.968826],[114.73943,34.949121],[114.776458,34.919009],[114.772881,34.906282],[114.763652,34.895798],[114.747415,34.890393],[114.692456,34.906427],[114.675782,34.899858],[114.652476,34.897911],[114.601227,34.906792],[114.58952,34.904988],[114.565067,34.915023],[114.536279,34.901298],[114.520764,34.899443],[114.496815,34.906985],[114.457749,34.910745],[114.428343,34.923018],[114.407807,34.936301],[114.392274,34.94069],[114.379498,34.935513],[114.365758,34.916373],[114.345776,34.903944],[114.277674,34.90498],[114.250552,34.895197],[114.240148,34.897612],[114.229881,34.90702],[114.206024,34.912568],[114.111419,34.952968],[114.03276,34.95014],[114.000779,34.940037],[113.93337,34.885089],[113.896996,34.8811],[113.850788,34.883219],[113.790847,34.890993],[113.717981,34.902877],[113.685494,34.918341],[113.63347,34.924113],[113.622249,34.930122],[113.594211,34.934377],[113.580032,34.945766],[113.606876,34.993112],[113.630816,35.000005],[113.635194,35.007406],[113.626984,35.016422],[113.641156,35.022727],[113.64348,35.034475],[113.624183,35.055111],[113.623351,35.063113],[113.615533,35.062899],[113.601438,35.085246],[113.595906,35.112517],[113.601069,35.12326],[113.598968,35.132094],[113.573761,35.126305],[113.574625,35.12335],[113.559868,35.124393],[113.559361,35.142923],[113.537858,35.141068],[113.525517,35.151219],[113.527501,35.176901],[113.513938,35.179308],[113.509398,35.187787],[113.514188,35.193697],[113.51139,35.210697],[113.518264,35.215047],[113.517377,35.220361],[113.541653,35.224118],[113.542579,35.228596],[113.524233,35.254061],[113.509625,35.254752],[113.505537,35.258988],[113.513528,35.273121],[113.514726,35.290657],[113.507564,35.290603],[113.503766,35.29811],[113.478356,35.298805],[113.480859,35.316883],[113.471167,35.325466],[113.477812,35.332994],[113.476638,35.337012],[113.459546,35.348259],[113.45833,35.364859],[113.470717,35.363784],[113.476748,35.373651],[113.457828,35.391359],[113.46376,35.39374],[113.465284,35.399868],[113.429061,35.44325],[113.392445,35.460316],[113.385084,35.473182],[113.385089,35.485496],[113.37913,35.494119],[113.373661,35.494569],[113.393578,35.511253],[113.441277,35.509014],[113.490547,35.530548],[113.500221,35.548817],[113.500343,35.566208],[113.523239,35.588074],[113.540314,35.61729],[113.543457,35.62574],[113.540466,35.640175],[113.544456,35.647709],[113.556557,35.648106],[113.596062,35.630054],[113.605614,35.630005],[113.618599,35.63657],[113.612061,35.66201],[113.599823,35.679695],[113.599693,35.697777],[113.581703,35.737003],[113.580643,35.744331],[113.589752,35.759388],[113.592979,35.775391],[113.569893,35.813263],[113.57193,35.821724],[113.580022,35.826669],[113.603233,35.82568],[113.617653,35.831783],[113.635048,35.822762],[113.648934,35.830921],[113.650673,35.836864],[113.667493,35.839732],[113.695236,35.836126]]]]}},{"type":"Feature","properties":{"name":"乌海市","code":"150300","gb":"156150300","province":"内蒙古自治区","label":[106.86897026036115,39.42695544935378]},"geometry":{"type":"MultiPolygon","coordinates":[[[[106.899791,39.832487],[106.87599,39.806502],[106.871334,39.795663],[106.876786,39.786047],[106.879463,39.756517],[106.895397,39.754374],[106.901442,39.722887],[106.911609,39.707232],[106.892248,39.68982],[106.908937,39.681368],[106.899196,39.67363],[106.887798,39.678877],[106.882712,39.67436],[106.89905,39.662718],[106.900665,39.648639],[106.907354,39.636575],[106.917453,39.634841],[106.939823,39.574738],[106.9368,39.550702],[106.942369,39.547299],[106.947201,39.53465],[106.943363,39.520035],[106.949814,39.506232],[106.955841,39.468581],[106.963768,39.451424],[106.952941,39.339808],[106.938948,39.311051],[106.938136,39.298892],[106.988238,39.267501],[107.030564,39.249172],[107.048471,39.235787],[107.054794,39.221553],[107.132071,39.279065],[107.134389,39.265609],[107.120298,39.250555],[107.121887,39.237718],[107.134375,39.22524],[107.112108,39.205229],[107.098646,39.136393],[107.082902,39.113197],[107.085995,39.080687],[107.072714,39.044892],[107.066349,39.046266],[107.05742,39.060302],[107.038179,39.056392],[107.040052,39.046182],[107.028485,39.036143],[107.014906,39.040421],[106.983862,39.039748],[106.96692,39.052074],[106.95977,39.053032],[106.931168,39.077278],[106.860678,39.089463],[106.842438,39.092735],[106.839783,39.108154],[106.852982,39.139214],[106.84153,39.146515],[106.831657,39.18116],[106.787308,39.235065],[106.788475,39.252064],[106.802536,39.278961],[106.796181,39.300381],[106.801498,39.318893],[106.788017,39.336441],[106.788727,39.358307],[106.777733,39.369984],[106.767525,39.375523],[106.754013,39.376007],[106.745617,39.384422],[106.735089,39.416011],[106.747744,39.427114],[106.746045,39.436048],[106.713666,39.441802],[106.630957,39.475284],[106.608102,39.512505],[106.605891,39.540484],[106.616006,39.553952],[106.63409,39.56577],[106.632845,39.573003],[106.771546,39.63585],[106.758171,39.645229],[106.763767,39.658693],[106.78745,39.677054],[106.789527,39.683604],[106.787243,39.68949],[106.758436,39.701687],[106.750548,39.714324],[106.747473,39.727908],[106.75388,39.747674],[106.751459,39.76833],[106.756575,39.78451],[106.747724,39.807231],[106.753851,39.828951],[106.74497,39.857624],[106.763851,39.86559],[106.773593,39.811147],[106.780929,39.811843],[106.858562,39.84494],[106.867319,39.865039],[106.888484,39.876527],[106.928136,39.914741],[106.964722,39.909695],[106.959121,39.900464],[106.960877,39.8586],[106.929785,39.858002],[106.918487,39.85146],[106.919858,39.839225],[106.899791,39.832487]]]]}},{"type":"Feature","properties":{"name":"晋城市","code":"140500","gb":"156140500","province":"山西省","label":[112.70604453749979,35.610210101521055]},"geometry":{"type":"MultiPolygon","coordinates":[[[[112.610192,36.067466],[112.638393,36.0492],[112.647024,36.048797],[112.670509,36.009323],[112.685712,36.005514],[112.695151,36.007189],[112.702592,36.014845],[112.710859,36.01503],[112.72794,36.007616],[112.739298,35.990627],[112.776914,35.994617],[112.788025,35.980476],[112.79562,35.978717],[112.810835,35.98569],[112.830832,35.986847],[112.865714,35.97426],[112.876038,35.960323],[112.869055,35.95154],[112.870863,35.936693],[112.883141,35.927822],[112.899283,35.924149],[112.961819,35.927035],[112.971401,35.922471],[112.992496,35.933234],[113.002608,35.920603],[113.015996,35.912768],[113.030809,35.913995],[113.042303,35.894157],[113.05467,35.890421],[113.08969,35.892161],[113.137632,35.870014],[113.148522,35.867458],[113.160239,35.883087],[113.194624,35.89524],[113.20512,35.890814],[113.214276,35.896408],[113.218349,35.893588],[113.217554,35.887915],[113.225439,35.885953],[113.228261,35.900001],[113.270736,35.863518],[113.278766,35.865934],[113.285521,35.874167],[113.334231,35.887789],[113.353445,35.869395],[113.365002,35.868398],[113.37067,35.862898],[113.373589,35.847905],[113.392452,35.823796],[113.408563,35.841456],[113.422956,35.844774],[113.426044,35.856573],[113.447976,35.864133],[113.499415,35.851683],[113.529365,35.853753],[113.580022,35.826669],[113.57193,35.821724],[113.569893,35.813263],[113.592979,35.775391],[113.589752,35.759388],[113.580643,35.744331],[113.581703,35.737003],[113.599693,35.697777],[113.599823,35.679695],[113.612061,35.66201],[113.618599,35.63657],[113.605614,35.630005],[113.596062,35.630054],[113.556557,35.648106],[113.544456,35.647709],[113.540466,35.640175],[113.543457,35.62574],[113.540314,35.61729],[113.523239,35.588074],[113.500343,35.566208],[113.500221,35.548817],[113.490547,35.530548],[113.441277,35.509014],[113.393578,35.511253],[113.373661,35.494569],[113.362556,35.482754],[113.343987,35.474117],[113.29435,35.477013],[113.291779,35.466263],[113.297333,35.454117],[113.289146,35.441322],[113.296669,35.429169],[113.293282,35.425289],[113.236152,35.445351],[113.202766,35.441994],[113.181831,35.423161],[113.176086,35.411957],[113.1605,35.413681],[113.161911,35.392605],[113.139053,35.369633],[113.137321,35.357594],[113.133789,35.350475],[113.126266,35.34737],[113.111107,35.334118],[113.092056,35.334827],[113.0737,35.34594],[113.024017,35.363503],[113.007767,35.360767],[112.986649,35.352043],[112.982313,35.314415],[112.993218,35.304501],[112.982521,35.29211],[112.935761,35.28891],[112.929603,35.263733],[112.921784,35.249996],[112.884079,35.241879],[112.860519,35.24556],[112.83329,35.255863],[112.81047,35.254391],[112.798691,35.238197],[112.789856,35.237461],[112.783966,35.244087],[112.771454,35.240406],[112.771454,35.222004],[112.751755,35.203852],[112.719002,35.210392],[112.710549,35.20454],[112.705345,35.188278],[112.701439,35.186977],[112.69574,35.203884],[112.699493,35.216896],[112.6894,35.217396],[112.675339,35.233112],[112.658791,35.238625],[112.646156,35.248119],[112.643745,35.257889],[112.632332,35.257889],[112.621292,35.271507],[112.610053,35.252537],[112.61393,35.24464],[112.634537,35.239487],[112.632698,35.231388],[112.620552,35.231388],[112.612457,35.221085],[112.565712,35.221451],[112.558357,35.211147],[112.544739,35.213722],[112.528542,35.223293],[112.502457,35.219933],[112.492363,35.227909],[112.447037,35.226364],[112.392631,35.247658],[112.385368,35.24625],[112.36869,35.229237],[112.352524,35.220463],[112.285957,35.218071],[112.279503,35.22216],[112.289108,35.246471],[112.28093,35.254444],[112.247467,35.239838],[112.210876,35.231621],[112.199058,35.239792],[112.202828,35.256752],[112.186607,35.256199],[112.1232,35.272282],[112.09803,35.270054],[112.061233,35.282619],[112.052877,35.279141],[112.050433,35.288283],[112.058114,35.293043],[112.063915,35.314656],[112.058629,35.323573],[112.049177,35.327401],[112.04658,35.342004],[112.020744,35.346959],[112.015091,35.352411],[112.019986,35.366539],[112.019677,35.392626],[112.003311,35.391271],[111.971365,35.426226],[111.956122,35.419227],[111.964866,35.429552],[111.966166,35.438786],[111.966097,35.452868],[111.956712,35.469291],[111.961437,35.480643],[111.937913,35.508087],[111.937715,35.51443],[111.95648,35.517949],[111.95743,35.52899],[111.951103,35.544943],[111.961286,35.565175],[111.954149,35.574372],[111.939674,35.578524],[111.940685,35.600141],[111.934151,35.606831],[111.936058,35.619573],[111.937712,35.627027],[111.954275,35.630999],[111.953295,35.66088],[111.957561,35.667315],[111.985854,35.666646],[111.988031,35.679949],[112.017284,35.694245],[112.027097,35.726543],[112.015151,35.736215],[112.016418,35.742346],[112.022873,35.754366],[112.051325,35.769683],[112.053195,35.785095],[112.025667,35.813247],[112.025961,35.824243],[112.032195,35.827411],[112.035903,35.841844],[112.032419,35.854348],[112.032329,35.86158],[112.038319,35.863145],[112.058767,35.844368],[112.080468,35.83546],[112.093744,35.838397],[112.12579,35.830109],[112.136923,35.823161],[112.17951,35.816397],[112.216653,35.82823],[112.218295,35.837917],[112.195137,35.865231],[112.170193,35.877922],[112.151951,35.870997],[112.145985,35.894742],[112.135665,35.897352],[112.136794,35.910178],[112.14902,35.906899],[112.181567,35.917599],[112.197755,35.906731],[112.235394,35.899038],[112.258407,35.90492],[112.277266,35.904824],[112.276963,35.900915],[112.284658,35.896532],[112.339892,35.900907],[112.357791,35.897682],[112.370152,35.888784],[112.40181,35.900312],[112.428,35.924919],[112.450825,35.931911],[112.453374,35.937386],[112.47926,35.948376],[112.488673,35.956866],[112.527451,35.968125],[112.530742,35.974638],[112.518816,36.007863],[112.520163,36.029869],[112.524483,36.038171],[112.540555,36.04506],[112.567141,36.044939],[112.585043,36.054077],[112.596064,36.050712],[112.610192,36.067466]]]]}},{"type":"Feature","properties":{"name":"张家口市","code":"130700","gb":"156130700","province":"河北省","label":[115.03122568944754,40.865080359881304]},"geometry":{"type":"MultiPolygon","coordinates":[[[[114.824768,42.129204],[114.853004,42.100266],[114.853004,42.051914],[114.875122,42.038265],[114.87841,42.030266],[114.867592,42.018501],[114.881706,42.011444],[114.893471,42.013325],[114.906647,41.985561],[114.907616,41.956188],[114.925202,41.940689],[114.924362,41.93441],[114.908447,41.933571],[114.907616,41.910118],[114.917664,41.902576],[114.904259,41.871166],[114.910965,41.857346],[114.925621,41.853992],[114.931488,41.84478],[114.910965,41.820068],[114.89798,41.814625],[114.860703,41.811691],[114.858612,41.80164],[114.879135,41.782375],[114.892952,41.739655],[114.896301,41.639137],[114.854454,41.599075],[114.857429,41.589745],[114.876481,41.592207],[114.891868,41.60532],[114.939667,41.611923],[115.010246,41.612446],[115.025826,41.59874],[115.045761,41.595623],[115.07692,41.610577],[115.077537,41.62117],[115.083145,41.621792],[115.118042,41.612446],[115.139847,41.613693],[115.142967,41.602478],[115.19072,41.600124],[115.1978,41.594337],[115.19651,41.56797],[115.251175,41.579548],[115.258888,41.588551],[115.255028,41.612343],[115.274964,41.618774],[115.290398,41.611702],[115.303261,41.589836],[115.357926,41.594337],[115.36821,41.599483],[115.33799,41.632923],[115.352776,41.663788],[115.329628,41.672791],[115.308403,41.6908],[115.30648,41.700443],[115.412583,41.728741],[115.435089,41.7416],[115.494011,41.762779],[115.513252,41.76577],[115.541908,41.781921],[115.567757,41.80349],[115.592346,41.806107],[115.624451,41.823063],[115.642075,41.822941],[115.647545,41.827095],[115.652977,41.846363],[115.681725,41.865727],[115.706612,41.861801],[115.715477,41.864376],[115.720314,41.871037],[115.721375,41.88636],[115.725937,41.88982],[115.734817,41.891476],[115.752983,41.884735],[115.795183,41.909552],[115.804512,41.910297],[115.809029,41.926682],[115.827965,41.936161],[115.85231,41.925556],[115.869766,41.92931],[115.890243,41.940388],[115.910172,41.943234],[115.916434,41.934518],[115.948135,41.87233],[115.990417,41.827],[115.993378,41.798241],[116.007965,41.772804],[116.031517,41.770969],[116.048737,41.777966],[116.063347,41.771778],[116.073467,41.772841],[116.042071,41.724628],[116.028079,41.720024],[115.945211,41.660599],[115.903483,41.642472],[115.92313,41.5942],[115.923917,41.579981],[115.917878,41.572921],[115.91896,41.564565],[115.941201,41.560857],[115.948728,41.551904],[115.965682,41.544446],[115.965565,41.535545],[115.979029,41.50872],[115.973324,41.496608],[115.983682,41.481461],[115.976607,41.468771],[115.995339,41.462949],[116.004928,41.455041],[116.004699,41.429126],[116.029613,41.419897],[116.033121,41.400371],[116.041149,41.387257],[116.074541,41.385114],[116.084069,41.38187],[116.096902,41.36932],[116.115131,41.366994],[116.130724,41.370285],[116.160249,41.358818],[116.191273,41.334868],[116.203684,41.319106],[116.198715,41.302385],[116.190325,41.291888],[116.187172,41.262361],[116.217733,41.217662],[116.231476,41.210002],[116.215554,41.175777],[116.225072,41.167863],[116.243188,41.163167],[116.240536,41.146355],[116.229725,41.12947],[116.237343,41.116654],[116.272731,41.089243],[116.273952,41.078952],[116.289974,41.060662],[116.278014,41.055685],[116.258582,41.036482],[116.270345,41.014105],[116.287756,41.005704],[116.287127,40.98862],[116.311385,40.980862],[116.339189,40.980629],[116.343256,40.960644],[116.354797,40.951617],[116.359322,40.939652],[116.334892,40.935162],[116.326439,40.922806],[116.324348,40.904289],[116.331009,40.894699],[116.366661,40.868454],[116.398064,40.833511],[116.429436,40.813873],[116.454452,40.790112],[116.458061,40.780285],[116.45414,40.773655],[116.442978,40.765423],[116.42218,40.763584],[116.411629,40.769062],[116.410423,40.782547],[116.404701,40.785061],[116.369125,40.770401],[116.318176,40.773308],[116.305527,40.767349],[116.30188,40.749718],[116.266968,40.760498],[116.262855,40.773335],[116.253044,40.782108],[116.244591,40.787346],[116.232231,40.786865],[116.225914,40.781136],[116.225334,40.770847],[116.210487,40.740475],[116.172729,40.709492],[116.157112,40.661552],[116.127327,40.664093],[116.117164,40.652107],[116.102997,40.645206],[116.105538,40.637581],[116.074842,40.620079],[116.065224,40.609615],[116.023827,40.595814],[116.022003,40.602715],[116.016922,40.604168],[116.008568,40.599083],[115.996948,40.58165],[115.979881,40.577293],[115.971527,40.580925],[115.964264,40.599812],[115.958084,40.60453],[115.904571,40.61697],[115.885986,40.608643],[115.870773,40.594162],[115.820015,40.588161],[115.811188,40.567539],[115.792038,40.558277],[115.771034,40.555176],[115.744812,40.53352],[115.733014,40.511594],[115.729225,40.501873],[115.731987,40.495495],[115.758392,40.497269],[115.774208,40.490234],[115.762794,40.466885],[115.766106,40.444519],[115.839149,40.373386],[115.852478,40.374065],[115.856323,40.358246],[115.910324,40.352146],[115.936981,40.290466],[115.955132,40.261818],[115.943825,40.252624],[115.916031,40.250198],[115.892273,40.228825],[115.875008,40.219818],[115.872498,40.197636],[115.838303,40.178017],[115.846185,40.148911],[115.835045,40.139832],[115.822502,40.140217],[115.80748,40.150639],[115.789513,40.156014],[115.780968,40.175842],[115.776161,40.178555],[115.752983,40.165836],[115.750976,40.157597],[115.755257,40.147568],[115.739273,40.133747],[115.723793,40.129303],[115.673279,40.135345],[115.634971,40.11792],[115.606308,40.118843],[115.597984,40.115807],[115.592216,40.099304],[115.586311,40.09446],[115.553726,40.099217],[115.501636,40.067546],[115.440819,40.026234],[115.436844,39.992279],[115.419098,39.971165],[115.413811,39.957645],[115.42145,39.951924],[115.410416,39.940622],[115.403468,39.914079],[115.395152,39.910619],[115.388312,39.900775],[115.394947,39.887631],[115.358184,39.883873],[115.355323,39.876204],[115.358638,39.862957],[115.352232,39.851464],[115.337518,39.838991],[115.337076,39.815913],[115.323686,39.805271],[115.334125,39.791557],[115.306617,39.782299],[115.28566,39.761034],[115.277448,39.744989],[115.240068,39.735758],[115.204637,39.704399],[115.19341,39.70025],[115.172582,39.701794],[115.174672,39.683743],[115.163155,39.671662],[115.092801,39.704071],[115.061782,39.705454],[115.049048,39.701369],[115.039381,39.706585],[115.024206,39.695539],[115.021495,39.686522],[115.012348,39.681926],[115.01117,39.674233],[114.971325,39.674091],[114.952494,39.659955],[114.928185,39.674062],[114.925092,39.656154],[114.909125,39.649871],[114.906077,39.639878],[114.880922,39.635519],[114.875821,39.630019],[114.878702,39.621942],[114.874028,39.616222],[114.861135,39.604848],[114.846195,39.599317],[114.849509,39.58316],[114.83311,39.586471],[114.828195,39.598887],[114.816087,39.608293],[114.801297,39.608242],[114.789902,39.597383],[114.773812,39.609565],[114.76401,39.609738],[114.753641,39.61681],[114.732377,39.609596],[114.713438,39.620145],[114.706957,39.61811],[114.706421,39.592055],[114.70041,39.587784],[114.683917,39.584553],[114.662419,39.58944],[114.653363,39.580463],[114.649072,39.586757],[114.657036,39.597045],[114.650762,39.600007],[114.640629,39.593202],[114.638739,39.574344],[114.628207,39.55509],[114.610826,39.558987],[114.589933,39.579215],[114.578352,39.584847],[114.568525,39.580152],[114.555564,39.555488],[114.560417,39.572224],[114.551803,39.578255],[114.524338,39.565529],[114.507851,39.565327],[114.497513,39.583424],[114.497994,39.598423],[114.48954,39.607025],[114.468414,39.612507],[114.431442,39.610012],[114.40435,39.645953],[114.399696,39.658382],[114.40126,39.729809],[114.395516,39.735584],[114.405823,39.748344],[114.401405,39.767979],[114.410728,39.775833],[114.406311,39.781723],[114.400917,39.780739],[114.389626,39.800865],[114.389137,39.81068],[114.382263,39.817062],[114.39846,39.830315],[114.390114,39.841602],[114.393097,39.847301],[114.384956,39.865295],[114.373787,39.867378],[114.339538,39.860546],[114.319656,39.863224],[114.281792,39.855576],[114.278351,39.856339],[114.278351,39.868576],[114.269173,39.872402],[114.259613,39.866283],[114.220604,39.857487],[114.216782,39.849838],[114.191544,39.873547],[114.195747,39.88311],[114.220245,39.895615],[114.216804,39.907227],[114.210663,39.913319],[114.205234,39.912985],[114.167564,39.896347],[114.0961,39.911495],[114.080055,39.90937],[114.06102,39.920975],[114.047203,39.920208],[114.042282,39.915474],[114.021591,39.958054],[114.022247,39.976387],[114.016472,39.992413],[113.995369,39.998756],[113.966766,39.993961],[113.934868,40.003303],[113.917374,40.002338],[113.90818,40.004951],[113.904198,40.010742],[113.904129,40.017601],[113.909691,40.023437],[113.940491,40.026279],[113.952331,40.032452],[113.972999,40.06937],[113.966004,40.096504],[113.971703,40.109798],[114.000524,40.104552],[114.010422,40.10091],[114.02639,40.076756],[114.027153,40.062325],[114.035889,40.05473],[114.051079,40.064983],[114.074241,40.068779],[114.082222,40.073338],[114.093613,40.097267],[114.092476,40.106381],[114.075768,40.129547],[114.059433,40.177021],[114.061737,40.185368],[114.097015,40.19178],[114.114655,40.185902],[114.113052,40.176277],[114.122047,40.172493],[114.139778,40.174675],[114.163994,40.18663],[114.188423,40.190712],[114.206596,40.188038],[114.213547,40.196056],[114.222099,40.192848],[114.229874,40.200783],[114.220497,40.211025],[114.232254,40.21637],[114.251495,40.234543],[114.25898,40.230801],[114.26165,40.22332],[114.269135,40.221714],[114.285172,40.229198],[114.30014,40.224922],[114.305878,40.235897],[114.32206,40.236149],[114.342026,40.246655],[114.357452,40.246372],[114.379028,40.237488],[114.406952,40.241657],[114.41584,40.250179],[114.423271,40.248184],[114.449031,40.25338],[114.472778,40.266499],[114.472053,40.272667],[114.4813,40.271397],[114.487648,40.276291],[114.494354,40.292069],[114.513397,40.305668],[114.519012,40.316364],[114.515388,40.32634],[114.524445,40.342129],[114.503685,40.355911],[114.489029,40.346241],[114.469093,40.342724],[114.462936,40.34536],[114.4562,40.359138],[114.438904,40.371155],[114.426887,40.363239],[114.411934,40.364708],[114.390099,40.348293],[114.375443,40.352688],[114.372803,40.36031],[114.360786,40.358845],[114.343922,40.366555],[114.305977,40.361481],[114.298057,40.36705],[114.296678,40.388685],[114.279007,40.422745],[114.280472,40.429192],[114.291023,40.43652],[114.290443,40.442966],[114.279007,40.44883],[114.275787,40.457916],[114.263763,40.45821],[114.259666,40.471985],[114.265526,40.487816],[114.274323,40.493385],[114.271683,40.499538],[114.277542,40.508625],[114.278419,40.52504],[114.288971,40.536472],[114.284577,40.549664],[114.265526,40.5523],[114.269043,40.574577],[114.279305,40.58337],[114.27549,40.595097],[114.266113,40.597145],[114.252922,40.610043],[114.243546,40.604179],[114.223023,40.606232],[114.203682,40.621475],[114.20163,40.627338],[114.208077,40.632614],[114.206024,40.638477],[114.194885,40.646389],[114.173157,40.673576],[114.164131,40.686153],[114.165748,40.694908],[114.156349,40.700424],[114.138351,40.731094],[114.124878,40.743649],[114.09639,40.755932],[114.0924,40.766716],[114.097587,40.7771],[114.095192,40.793877],[114.072029,40.787884],[114.051659,40.807854],[114.046066,40.823032],[114.036079,40.827824],[114.06723,40.852589],[114.044464,40.866169],[114.04393,40.891067],[114.033981,40.902191],[114.033394,40.915073],[114.038666,40.920929],[114.048615,40.9221],[114.045692,40.926201],[114.039444,40.931679],[113.99247,40.944729],[113.986252,40.936447],[113.973373,40.942596],[113.973084,40.972458],[113.968102,40.992367],[113.954048,40.990612],[113.948776,41.002617],[113.922722,41.011105],[113.915695,41.017986],[113.91452,41.031307],[113.908081,41.03643],[113.893501,41.037483],[113.879097,41.05312],[113.861824,41.058392],[113.861534,41.068344],[113.854797,41.076248],[113.834305,41.073029],[113.816444,41.093231],[113.817322,41.09938],[113.831963,41.106701],[113.875587,41.103184],[113.87291,41.126526],[113.893867,41.138798],[113.90448,41.164181],[113.91227,41.171001],[113.933746,41.17765],[113.951637,41.169468],[113.990486,41.179695],[113.994072,41.183784],[114.004295,41.230816],[113.997673,41.251408],[113.978348,41.266632],[113.968544,41.263264],[113.970039,41.252289],[113.965172,41.239841],[113.96225,41.236034],[113.95771,41.238232],[113.944481,41.258423],[113.948059,41.282963],[113.928635,41.292164],[113.909714,41.290119],[113.89184,41.312822],[113.917747,41.323357],[113.919502,41.331116],[113.91394,41.337265],[113.927994,41.354538],[113.928284,41.378105],[113.939117,41.387329],[113.909546,41.401089],[113.866631,41.408398],[113.863068,41.412811],[113.875099,41.435131],[113.901039,41.444168],[113.911255,41.45203],[113.924225,41.48386],[113.953308,41.487793],[113.969162,41.502525],[114.012207,41.517124],[114.031304,41.530308],[114.075333,41.528393],[114.098686,41.534901],[114.117447,41.534134],[114.130081,41.527626],[114.194016,41.516525],[114.206788,41.509018],[114.222603,41.511835],[114.223511,41.544498],[114.215271,41.558922],[114.213173,41.573753],[114.21376,41.580044],[114.228325,41.593258],[114.219429,41.606468],[114.218887,41.61591],[114.25071,41.620762],[114.207993,41.682163],[114.211067,41.697029],[114.22786,41.69495],[114.22786,41.706886],[114.199164,41.736355],[114.205177,41.74345],[114.205673,41.75341],[114.195717,41.760879],[114.194222,41.789757],[114.221344,41.815105],[114.232658,41.832119],[114.276695,41.853088],[114.289276,41.869862],[114.29409,41.888359],[114.322128,41.911522],[114.318642,41.926121],[114.33493,41.924324],[114.342857,41.93042],[114.339813,41.945053],[114.344078,41.951149],[114.35627,41.94566],[114.372116,41.954197],[114.413551,41.93969],[114.45311,41.949017],[114.469833,41.948696],[114.479477,41.964455],[114.502632,41.970242],[114.503601,41.978928],[114.476906,41.996292],[114.478836,42.011086],[114.460182,42.022667],[114.457932,42.034565],[114.471436,42.060616],[114.485268,42.05611],[114.49395,42.063831],[114.496681,42.075729],[114.4925,42.083126],[114.503761,42.098885],[114.504723,42.114002],[114.582878,42.12944],[114.618897,42.117218],[114.640122,42.102425],[114.660065,42.114002],[114.68193,42.119148],[114.706528,42.112415],[114.7603,42.117088],[114.781006,42.127911],[114.786049,42.146553],[114.800975,42.145901],[114.819824,42.145439],[114.824768,42.129204]]]]}},{"type":"Feature","properties":{"name":"德州市","code":"371400","gb":"156371400","province":"山东省","label":[116.64775501180108,37.24603897577824]},"geometry":{"type":"MultiPolygon","coordinates":[[[[117.533222,37.885922],[117.541768,37.880571],[117.560824,37.882071],[117.571716,37.877437],[117.575898,37.867361],[117.573712,37.860164],[117.600397,37.844435],[117.582088,37.822127],[117.560359,37.812226],[117.560783,37.800769],[117.55418,37.799821],[117.541311,37.766945],[117.515585,37.758732],[117.526244,37.747799],[117.538176,37.746961],[117.540253,37.725241],[117.550659,37.713084],[117.546993,37.711218],[117.541925,37.716533],[117.533481,37.712987],[117.533244,37.704749],[117.537339,37.703266],[117.525461,37.688409],[117.508581,37.688523],[117.500284,37.686007],[117.493748,37.677488],[117.489199,37.680055],[117.48237,37.676755],[117.473705,37.664664],[117.475731,37.656859],[117.468618,37.650561],[117.449994,37.661266],[117.445357,37.672082],[117.428333,37.669528],[117.399244,37.680758],[117.383948,37.657195],[117.358959,37.649577],[117.351234,37.65772],[117.35059,37.665059],[117.35909,37.67827],[117.359999,37.692617],[117.345308,37.706508],[117.340597,37.700106],[117.341002,37.677987],[117.32289,37.675885],[117.317519,37.666879],[117.308445,37.66443],[117.303883,37.642059],[117.298406,37.637453],[117.311679,37.629311],[117.313042,37.61904],[117.302897,37.600876],[117.302137,37.586446],[117.291006,37.584421],[117.284745,37.577485],[117.274984,37.577126],[117.278038,37.560381],[117.274875,37.545991],[117.258458,37.53786],[117.260997,37.528174],[117.257778,37.528205],[117.24225,37.528055],[117.227697,37.536759],[117.22132,37.514243],[117.206564,37.500602],[117.19401,37.496896],[117.193127,37.488857],[117.160815,37.484636],[117.148921,37.472556],[117.126184,37.478806],[117.120636,37.486287],[117.105967,37.481237],[117.105021,37.475452],[117.091924,37.467024],[117.096359,37.45814],[117.088663,37.434201],[117.073119,37.433234],[117.053631,37.424259],[117.039715,37.435798],[117.025321,37.438151],[117.025509,37.441984],[117.013425,37.436065],[117.00781,37.42327],[117.009005,37.409585],[117.021527,37.398859],[116.992613,37.392665],[117.003252,37.363394],[117.000713,37.354317],[116.986936,37.348725],[116.977471,37.337141],[116.977191,37.329219],[116.986267,37.316468],[116.986677,37.295463],[116.993286,37.293336],[116.996083,37.280029],[117.023802,37.274973],[117.033137,37.266634],[117.024547,37.26379],[117.026282,37.25247],[117.031382,37.252483],[117.03874,37.242676],[117.030508,37.236448],[117.026283,37.222548],[117.016168,37.214242],[117.031765,37.206617],[117.058361,37.182107],[117.055018,37.163505],[117.044386,37.160993],[117.048571,37.141035],[117.037927,37.130914],[117.036166,37.11637],[117.031054,37.121306],[117.017377,37.117396],[117.004544,37.1278],[116.989558,37.127526],[116.983833,37.116755],[116.972718,37.111096],[116.948953,37.112356],[116.943682,37.106081],[116.928734,37.101731],[116.91685,37.104391],[116.910728,37.074854],[116.918449,37.068804],[116.923683,37.047967],[116.941031,37.030452],[116.903685,37.021553],[116.890627,37.00495],[116.869333,36.998995],[116.881375,36.981551],[116.89315,36.97444],[116.892237,36.962493],[116.927349,36.95988],[116.925763,36.945433],[116.916876,36.934219],[116.95315,36.91517],[116.955186,36.910748],[116.948709,36.906063],[116.961562,36.894299],[116.957052,36.875653],[116.951211,36.870758],[116.950976,36.864171],[116.956826,36.8625],[116.959145,36.843485],[116.945187,36.840297],[116.929313,36.845046],[116.930257,36.829519],[116.925229,36.821783],[116.914941,36.820859],[116.881623,36.833233],[116.877038,36.821271],[116.882874,36.818208],[116.883211,36.811894],[116.86692,36.811613],[116.86005,36.777247],[116.864957,36.759135],[116.87865,36.758047],[116.882113,36.743978],[116.810619,36.715985],[116.796982,36.707139],[116.796198,36.697613],[116.790002,36.693062],[116.775273,36.694513],[116.774894,36.668414],[116.769154,36.658378],[116.756349,36.650247],[116.751666,36.630669],[116.71626,36.612679],[116.687101,36.607374],[116.686692,36.587284],[116.678698,36.581252],[116.653107,36.577399],[116.657285,36.563272],[116.653073,36.552838],[116.638639,36.543672],[116.63019,36.543384],[116.60472,36.52079],[116.604827,36.516405],[116.623031,36.507367],[116.623614,36.501481],[116.594908,36.494113],[116.58764,36.484727],[116.591198,36.478588],[116.606356,36.475127],[116.60617,36.456666],[116.616176,36.437363],[116.613787,36.429745],[116.595978,36.419687],[116.541037,36.408362],[116.539449,36.418705],[116.530721,36.418712],[116.526834,36.426757],[116.518243,36.423486],[116.50629,36.429894],[116.50169,36.448099],[116.485505,36.454712],[116.471061,36.443641],[116.455795,36.447889],[116.451232,36.461913],[116.456186,36.476011],[116.441005,36.492471],[116.392832,36.525178],[116.390936,36.540021],[116.397001,36.551965],[116.392008,36.575643],[116.402619,36.579432],[116.403143,36.600536],[116.410982,36.608046],[116.40928,36.617305],[116.397296,36.620125],[116.407674,36.653884],[116.399218,36.666246],[116.401004,36.677136],[116.390204,36.696353],[116.395602,36.70082],[116.39303,36.717712],[116.380468,36.722196],[116.388148,36.740798],[116.402216,36.744442],[116.394299,36.757015],[116.394202,36.784358],[116.390277,36.791926],[116.370669,36.796178],[116.375038,36.802918],[116.392567,36.809137],[116.403439,36.806562],[116.397161,36.825113],[116.403642,36.837753],[116.401189,36.846174],[116.406296,36.85866],[116.422111,36.863288],[116.428268,36.875263],[116.411596,36.878425],[116.415519,36.902327],[116.427926,36.907989],[116.435518,36.905916],[116.436365,36.899413],[116.449098,36.903708],[116.439076,36.923604],[116.440764,36.938832],[116.449135,36.936041],[116.464781,36.939465],[116.464928,36.946363],[116.450993,36.953897],[116.443662,36.952352],[116.434279,36.957242],[116.426345,36.967832],[116.429078,36.976842],[116.423046,36.977749],[116.409371,36.976268],[116.401553,36.97048],[116.38322,36.970994],[116.36872,36.961942],[116.359754,36.966208],[116.360685,36.971225],[116.341012,36.980345],[116.335454,36.979714],[116.332393,36.969802],[116.322877,36.969361],[116.316455,36.972842],[116.316819,36.980586],[116.308278,36.990148],[116.282559,36.996795],[116.273382,37.00504],[116.258856,37.010098],[116.248684,37.008019],[116.243755,37.014197],[116.244686,37.02503],[116.227515,37.031483],[116.220588,37.026948],[116.216537,37.009821],[116.229082,37.008032],[116.228529,37.000695],[116.204146,36.987413],[116.210753,36.979832],[116.205779,36.962617],[116.193422,36.965126],[116.167619,36.945765],[116.165363,36.933407],[116.168793,36.930693],[116.16361,36.919968],[116.140648,36.910618],[116.132721,36.899516],[116.118082,36.88979],[116.109579,36.897721],[116.091226,36.890559],[116.091083,36.883112],[116.076264,36.884093],[116.066671,36.890189],[116.06041,36.888367],[116.03411,36.89025],[116.001096,36.88139],[115.987292,36.883345],[115.973359,36.892811],[115.956884,36.881467],[115.944607,36.883865],[115.936219,36.89377],[115.929627,36.893357],[115.934082,36.890141],[115.928002,36.888701],[115.903877,36.891405],[115.899436,36.898261],[115.880091,36.904824],[115.875662,36.91808],[115.870412,36.916363],[115.867218,36.904569],[115.860783,36.900859],[115.84625,36.905989],[115.845523,36.908902],[115.852894,36.908129],[115.846522,36.915978],[115.826414,36.915046],[115.812395,36.908159],[115.786602,36.914101],[115.779326,36.910939],[115.77973,36.904006],[115.773739,36.904636],[115.773699,36.912812],[115.766875,36.919872],[115.759518,36.920363],[115.76819,36.934235],[115.789375,36.969643],[115.77536,36.992447],[115.805878,37.009468],[115.80896,37.026272],[115.819962,37.030434],[115.847008,37.054155],[115.862152,37.070548],[115.87159,37.104099],[115.881874,37.120155],[115.875816,37.144764],[115.879295,37.151264],[115.90892,37.171673],[115.900009,37.188194],[115.902252,37.197414],[115.921127,37.214359],[115.959023,37.228985],[115.969002,37.262905],[115.965813,37.279793],[115.976593,37.307541],[115.978851,37.332802],[116.052078,37.357822],[116.068703,37.367126],[116.109802,37.366646],[116.158829,37.378468],[116.171272,37.375751],[116.187088,37.35775],[116.236695,37.359153],[116.279999,37.399307],[116.278107,37.404537],[116.266449,37.409576],[116.261566,37.418655],[116.22657,37.425312],[116.224297,37.430584],[116.229897,37.454842],[116.225677,37.472263],[116.230331,37.481407],[116.236816,37.4841],[116.273346,37.464012],[116.278572,37.480862],[116.29557,37.489452],[116.297607,37.497742],[116.290131,37.50676],[116.275406,37.508297],[116.271759,37.514412],[116.271889,37.519226],[116.289772,37.527378],[116.283157,37.545349],[116.297287,37.563049],[116.315918,37.565941],[116.324577,37.574818],[116.329275,37.573943],[116.345161,37.570984],[116.370369,37.553699],[116.375694,37.535355],[116.374741,37.522762],[116.39621,37.508926],[116.413269,37.484341],[116.431961,37.469872],[116.436958,37.476151],[116.440636,37.497761],[116.452278,37.512875],[116.484627,37.519203],[116.493378,37.535175],[116.512888,37.547943],[116.567253,37.60181],[116.606339,37.626781],[116.655197,37.686508],[116.673927,37.720047],[116.699329,37.732854],[116.743492,37.753956],[116.755058,37.799049],[116.794418,37.831295],[116.806198,37.834229],[116.838402,37.829453],[116.882381,37.843033],[116.938732,37.838878],[117.035105,37.830495],[117.052643,37.840092],[117.079094,37.846859],[117.142876,37.83783],[117.186104,37.84433],[117.264839,37.838856],[117.274948,37.839203],[117.309224,37.853527],[117.338524,37.856644],[117.405815,37.84362],[117.431465,37.848694],[117.448257,37.86536],[117.452965,37.878239],[117.494901,37.938283],[117.514091,37.967495],[117.524048,37.999207],[117.533722,38.010754],[117.555226,38.003184],[117.563663,37.985244],[117.558913,37.960589],[117.56482,37.959857],[117.566831,37.953427],[117.543115,37.940964],[117.524144,37.924394],[117.523614,37.920137],[117.536523,37.905095],[117.533222,37.885922]]]]}},{"type":"Feature","properties":{"name":"抚顺市","code":"210400","gb":"156210400","province":"辽宁省","label":[124.65495399105909,41.83336620141714]},"geometry":{"type":"MultiPolygon","coordinates":[[[[125.192238,42.374336],[125.195206,42.364124],[125.185326,42.357208],[125.15963,42.353584],[125.160286,42.347984],[125.168854,42.343704],[125.168526,42.333824],[125.173797,42.326248],[125.165886,42.317024],[125.165886,42.307472],[125.204758,42.29792],[125.216614,42.298908],[125.23407,42.309776],[125.244614,42.305164],[125.255485,42.310108],[125.270637,42.293636],[125.290726,42.286392],[125.283455,42.275513],[125.268989,42.268604],[125.269974,42.259712],[125.278748,42.252033],[125.28048,42.240295],[125.268044,42.228554],[125.301544,42.216812],[125.287727,42.205765],[125.29084,42.197823],[125.272537,42.171581],[125.275986,42.167782],[125.288765,42.171581],[125.305687,42.194714],[125.313629,42.192989],[125.297745,42.143265],[125.311752,42.13866],[125.349541,42.142921],[125.34539,42.175034],[125.360588,42.17952],[125.376472,42.173996],[125.387642,42.162342],[125.408928,42.151897],[125.428093,42.148205],[125.452018,42.156724],[125.481819,42.132298],[125.440163,42.096588],[125.404098,42.097988],[125.408302,42.088188],[125.414253,42.085735],[125.414955,42.074535],[125.394303,42.047577],[125.355095,42.014671],[125.361397,41.999619],[125.343887,41.994366],[125.33374,41.996819],[125.328133,41.983864],[125.314835,41.980713],[125.309929,41.974415],[125.289978,41.970913],[125.2846,41.955969],[125.301735,41.952168],[125.307945,41.943096],[125.338982,41.935451],[125.343638,41.926025],[125.317017,41.92638],[125.300301,41.922081],[125.292404,41.901169],[125.293594,41.891121],[125.286011,41.876743],[125.292534,41.861561],[125.283615,41.839859],[125.296486,41.798031],[125.305931,41.794056],[125.317871,41.772636],[125.336372,41.759865],[125.326675,41.74757],[125.329254,41.736317],[125.318985,41.725861],[125.325668,41.713524],[125.309143,41.674595],[125.316567,41.667366],[125.322655,41.671551],[125.336159,41.669647],[125.342438,41.675735],[125.354805,41.674786],[125.369835,41.684299],[125.403702,41.688293],[125.423683,41.671932],[125.442329,41.670788],[125.446892,41.646816],[125.451271,41.640156],[125.462685,41.636162],[125.446129,41.618656],[125.442139,41.608383],[125.44442,41.588787],[125.455643,41.578133],[125.45508,41.565059],[125.448556,41.549238],[125.436448,41.548163],[125.431016,41.554312],[125.421975,41.54468],[125.404419,41.537947],[125.382088,41.558516],[125.373344,41.559519],[125.373336,41.544177],[125.365127,41.533125],[125.360885,41.529387],[125.347862,41.536715],[125.34188,41.534922],[125.352813,41.524233],[125.325217,41.510554],[125.324973,41.496821],[125.321189,41.494249],[125.289198,41.488886],[125.250951,41.50273],[125.242902,41.485197],[125.216084,41.477705],[125.203053,41.480929],[125.194249,41.499228],[125.17004,41.490454],[125.165859,41.482035],[125.143642,41.489279],[125.132991,41.498866],[125.12199,41.498839],[125.10255,41.491866],[125.070467,41.489993],[125.066401,41.48463],[125.070277,41.474833],[125.062006,41.470488],[125.010896,41.494758],[124.999734,41.485206],[124.991288,41.485496],[124.983514,41.489082],[124.976815,41.501602],[124.958848,41.506694],[124.959489,41.517078],[124.956238,41.517589],[124.94281,41.503688],[124.931092,41.498394],[124.91555,41.49855],[124.896232,41.473838],[124.882354,41.470809],[124.882346,41.454059],[124.875602,41.44287],[124.858176,41.440597],[124.850233,41.415442],[124.856863,41.398658],[124.851401,41.38626],[124.852102,41.371279],[124.862997,41.366881],[124.859289,41.358713],[124.86466,41.350992],[124.862203,41.332052],[124.866934,41.325434],[124.839641,41.32302],[124.830942,41.304955],[124.788968,41.293287],[124.780918,41.277677],[124.761549,41.268025],[124.739353,41.272814],[124.710529,41.261133],[124.683192,41.262636],[124.649233,41.241178],[124.63537,41.248411],[124.639162,41.262228],[124.633783,41.265757],[124.61197,41.261152],[124.591325,41.267847],[124.550538,41.29399],[124.546242,41.305396],[124.538025,41.311515],[124.515396,41.314811],[124.506714,41.325088],[124.489225,41.332671],[124.471974,41.330478],[124.463719,41.314231],[124.465375,41.305732],[124.422283,41.303672],[124.416355,41.325324],[124.407627,41.33612],[124.386478,41.341731],[124.386646,41.352153],[124.392544,41.358112],[124.379314,41.374237],[124.370876,41.379898],[124.35435,41.381653],[124.346278,41.389774],[124.342662,41.4123],[124.344738,41.431317],[124.354045,41.43261],[124.380734,41.455123],[124.371303,41.469628],[124.339656,41.466279],[124.326259,41.474786],[124.326541,41.486364],[124.301685,41.495103],[124.304111,41.502279],[124.313144,41.508123],[124.302974,41.513769],[124.30009,41.531267],[124.286494,41.541666],[124.255435,41.535063],[124.239664,41.542849],[124.225199,41.543211],[124.207674,41.531198],[124.195299,41.529341],[124.184007,41.533377],[124.15992,41.513304],[124.14003,41.517076],[124.121994,41.502668],[124.10794,41.509275],[124.101624,41.524931],[124.095398,41.529726],[124.063354,41.526633],[124.058135,41.531199],[124.037391,41.531729],[124.016966,41.546084],[124.002707,41.547858],[123.996054,41.556437],[123.980269,41.560725],[123.953413,41.556224],[123.949682,41.547564],[123.936254,41.546389],[123.928464,41.557963],[123.908948,41.56462],[123.886738,41.558768],[123.868763,41.560397],[123.852917,41.540328],[123.852916,41.532031],[123.859684,41.538817],[123.864506,41.534293],[123.856773,41.516408],[123.801608,41.501334],[123.781092,41.513881],[123.789294,41.528418],[123.790095,41.539935],[123.741877,41.525353],[123.729458,41.55008],[123.719441,41.554536],[123.716038,41.566632],[123.775602,41.588799],[123.786028,41.596793],[123.764402,41.606542],[123.758062,41.616784],[123.753561,41.61735],[123.745191,41.634023],[123.746832,41.639299],[123.773192,41.653909],[123.785574,41.670705],[123.784362,41.683377],[123.802337,41.694138],[123.806144,41.70712],[123.795043,41.717717],[123.795287,41.726815],[123.776123,41.749715],[123.782913,41.766256],[123.76651,41.771394],[123.778435,41.781846],[123.776398,41.791582],[123.751488,41.795377],[123.749847,41.7917],[123.757377,41.777528],[123.739868,41.781606],[123.71128,41.772623],[123.685584,41.781473],[123.663817,41.783335],[123.657943,41.796336],[123.679527,41.808771],[123.674545,41.823401],[123.669166,41.826254],[123.668762,41.834421],[123.702598,41.84104],[123.733986,41.862837],[123.73314,41.877977],[123.709954,41.88991],[123.722749,41.896067],[123.722726,41.905035],[123.731919,41.91667],[123.717454,41.943114],[123.724664,41.953936],[123.720865,41.956221],[123.722322,41.960089],[123.740374,41.968096],[123.769533,41.970068],[123.784286,41.98739],[123.79985,41.992063],[123.819341,42.002483],[123.814207,42.015927],[123.84316,42.017857],[123.879706,42.031517],[123.94561,42.012832],[123.957085,42.002956],[123.993622,42.002159],[124.000313,42.010875],[124.010823,42.012768],[124.036843,42.028976],[124.039232,42.035786],[124.034333,42.046089],[124.038446,42.052086],[124.049226,42.050083],[124.048997,42.059879],[124.054277,42.064186],[124.081286,42.062378],[124.086956,42.069319],[124.096194,42.070793],[124.146274,42.063095],[124.154514,42.053783],[124.184811,42.061573],[124.214222,42.052593],[124.233884,42.057869],[124.241359,42.069706],[124.259053,42.059787],[124.27715,42.022357],[124.274144,42.005038],[124.289006,42.003497],[124.317083,42.014243],[124.331381,42.014113],[124.336052,42.006972],[124.363013,42.018374],[124.35884,42.021991],[124.361006,42.029456],[124.404891,42.042895],[124.445715,42.067845],[124.513104,42.082927],[124.548002,42.117004],[124.548204,42.121238],[124.533473,42.126578],[124.535716,42.132179],[124.546767,42.145869],[124.56141,42.151477],[124.551454,42.171026],[124.531191,42.18001],[124.52766,42.193258],[124.514566,42.211335],[124.522878,42.219289],[124.521527,42.226292],[124.509436,42.236574],[124.517867,42.245942],[124.526064,42.24824],[124.535752,42.264874],[124.546388,42.264147],[124.559251,42.304071],[124.572846,42.318766],[124.572036,42.325351],[124.564858,42.330975],[124.568511,42.349242],[124.588356,42.349016],[124.599874,42.343216],[124.62835,42.344629],[124.620408,42.332565],[124.620366,42.325202],[124.645752,42.313657],[124.69118,42.315457],[124.714655,42.323477],[124.732645,42.336607],[124.754161,42.339212],[124.776256,42.335557],[124.782184,42.337705],[124.789851,42.356035],[124.780116,42.380075],[124.768542,42.380995],[124.769651,42.397118],[124.786472,42.410895],[124.800129,42.413664],[124.8134,42.40842],[124.816126,42.416109],[124.863423,42.407301],[124.880658,42.408064],[124.892858,42.396551],[124.905653,42.394506],[124.927755,42.400907],[124.938925,42.398695],[124.954863,42.38265],[124.950209,42.373105],[124.953146,42.368344],[124.966147,42.367078],[124.978942,42.37708],[124.996726,42.372575],[124.998588,42.376771],[124.99166,42.390287],[124.995101,42.397001],[125.033333,42.40561],[125.035316,42.412198],[125.03022,42.418275],[125.029755,42.435796],[125.06717,42.450101],[125.092358,42.475504],[125.100452,42.47529],[125.127678,42.46854],[125.141846,42.456024],[125.141182,42.44878],[125.132294,42.444168],[125.133278,42.441204],[125.17215,42.429672],[125.178078,42.424732],[125.178101,42.412041],[125.188286,42.407936],[125.177422,42.379936],[125.192238,42.374336]]]]}},{"type":"Feature","properties":{"name":"淄博市","code":"370300","gb":"156370300","province":"山东省","label":[118.05326603295802,36.60737539318644]},"geometry":{"type":"MultiPolygon","coordinates":[[[[117.942408,37.270532],[117.941256,37.26119],[117.960003,37.271065],[117.984688,37.261755],[117.990238,37.245152],[117.973532,37.233539],[117.967463,37.220733],[117.975398,37.209862],[117.986397,37.212545],[118.004815,37.206871],[118.013839,37.209713],[118.016795,37.2215],[118.02783,37.221236],[118.040022,37.215871],[118.04164,37.204958],[118.067953,37.203279],[118.073839,37.183364],[118.052875,37.157308],[118.058522,37.13927],[118.073131,37.120241],[118.050907,37.105391],[118.049256,37.109975],[118.03878,37.106057],[118.039361,37.101421],[118.056745,37.082511],[118.105518,37.095593],[118.126583,37.089673],[118.130063,37.064698],[118.152531,37.062147],[118.14544,37.046956],[118.132924,37.042283],[118.12804,37.026221],[118.132791,37.008414],[118.145405,36.987937],[118.155077,36.98132],[118.177302,36.977607],[118.186994,36.977135],[118.186478,36.970481],[118.199942,36.961746],[118.221963,36.973801],[118.22927,36.984751],[118.241379,36.985531],[118.245176,37.001598],[118.262995,37.006365],[118.276909,37.004887],[118.283107,36.999252],[118.287793,36.966058],[118.312185,36.972275],[118.318797,36.964164],[118.338331,36.960086],[118.344849,36.966037],[118.34628,36.9743],[118.377052,36.974048],[118.381608,36.970535],[118.379664,36.94815],[118.401053,36.941146],[118.426727,36.94406],[118.46029,36.94062],[118.461756,36.945167],[118.48414,36.943199],[118.491294,36.928568],[118.483629,36.913691],[118.469723,36.908518],[118.469073,36.904808],[118.477445,36.90023],[118.47703,36.878621],[118.459383,36.863022],[118.473904,36.85839],[118.475814,36.852316],[118.454203,36.844775],[118.455419,36.853729],[118.448315,36.857797],[118.444093,36.836908],[118.433602,36.836827],[118.432823,36.810379],[118.414075,36.79572],[118.382654,36.790568],[118.344114,36.767719],[118.31575,36.770501],[118.312124,36.779468],[118.292442,36.777134],[118.292176,36.753008],[118.276113,36.753554],[118.266001,36.742524],[118.278568,36.723093],[118.276405,36.719689],[118.257393,36.724108],[118.247409,36.731576],[118.229587,36.725563],[118.22148,36.717089],[118.228397,36.705897],[118.224053,36.701557],[118.232528,36.696821],[118.23271,36.691768],[118.221849,36.69402],[118.211219,36.680151],[118.209844,36.66997],[118.214614,36.667381],[118.216423,36.670454],[118.226254,36.663442],[118.211658,36.656214],[118.208362,36.646359],[118.195911,36.641631],[118.193945,36.637685],[118.204053,36.629785],[118.209805,36.617617],[118.174536,36.593312],[118.170297,36.584886],[118.17531,36.562139],[118.186152,36.545734],[118.217794,36.539981],[118.213871,36.529327],[118.204305,36.525185],[118.203909,36.50702],[118.210354,36.478279],[118.226855,36.463896],[118.227061,36.432732],[118.222396,36.429654],[118.219101,36.411984],[118.223754,36.407659],[118.233534,36.40924],[118.23572,36.414324],[118.244728,36.410948],[118.245771,36.401677],[118.229635,36.389467],[118.261443,36.339198],[118.287941,36.338351],[118.294295,36.333422],[118.291284,36.32431],[118.29851,36.321006],[118.313964,36.281968],[118.301147,36.251866],[118.312008,36.249616],[118.344704,36.263319],[118.381712,36.238678],[118.37629,36.2271],[118.376304,36.206826],[118.368268,36.199056],[118.38165,36.174339],[118.396503,36.161402],[118.396356,36.130257],[118.416166,36.123231],[118.4223,36.133027],[118.442356,36.140982],[118.456761,36.14048],[118.481943,36.131759],[118.486826,36.126793],[118.473458,36.117948],[118.478812,36.104825],[118.474694,36.073862],[118.483969,36.067755],[118.498513,36.068965],[118.502217,36.074913],[118.51088,36.067835],[118.516585,36.053133],[118.511504,36.028497],[118.496682,36.024593],[118.470705,36.031341],[118.464178,36.022729],[118.481394,36.005048],[118.484503,35.997581],[118.481708,35.985717],[118.49419,35.976175],[118.500373,35.966027],[118.498041,35.962066],[118.465571,35.960454],[118.452939,35.951659],[118.428555,35.966368],[118.406263,35.991585],[118.380547,35.98807],[118.371214,35.974478],[118.352654,35.967108],[118.349546,35.956602],[118.310922,35.94558],[118.300199,35.952185],[118.28798,35.939131],[118.275676,35.938055],[118.2543,35.923967],[118.229411,35.937823],[118.237331,35.947393],[118.228836,35.951206],[118.227075,35.944093],[118.210618,35.947513],[118.201134,35.965066],[118.190184,35.972092],[118.190402,35.977473],[118.198418,35.977795],[118.200732,35.984827],[118.183892,36.01021],[118.164072,36.02045],[118.133541,36.021742],[118.126755,36.030131],[118.112294,36.031764],[118.103185,36.029725],[118.084838,36.013309],[118.063251,36.007902],[118.036457,35.987438],[118.02817,35.978582],[118.014731,35.94745],[117.984601,35.947362],[117.979896,35.954782],[117.983945,35.969448],[117.980141,35.973068],[117.965232,35.969353],[117.951694,35.956332],[117.94335,35.956201],[117.93294,35.981393],[117.936223,35.988314],[117.933801,35.995535],[117.94273,35.998392],[117.944315,36.018745],[117.936725,36.043223],[117.926604,36.053746],[117.929992,36.060361],[117.943323,36.062974],[117.936045,36.07178],[117.941296,36.08107],[117.947346,36.081816],[117.948302,36.090186],[117.939387,36.098161],[117.931287,36.094343],[117.920268,36.099396],[117.900998,36.151931],[117.912103,36.163326],[117.898476,36.174917],[117.910348,36.19175],[117.912259,36.203767],[117.920309,36.200598],[117.943195,36.208734],[117.953366,36.204194],[117.962257,36.214074],[117.957728,36.225107],[117.960207,36.244194],[117.968935,36.263375],[117.967199,36.26835],[117.923786,36.274471],[117.915988,36.307745],[117.919617,36.315194],[117.913482,36.317641],[117.912978,36.323923],[117.92866,36.336462],[117.929323,36.342504],[117.92023,36.347995],[117.924621,36.352399],[117.922144,36.348986],[117.928855,36.344879],[117.924954,36.352682],[117.91886,36.355457],[117.919558,36.35113],[117.907229,36.350636],[117.898667,36.354115],[117.886524,36.335077],[117.887319,36.365787],[117.87648,36.356628],[117.875311,36.37096],[117.862778,36.385606],[117.850132,36.393023],[117.850522,36.412051],[117.823464,36.417879],[117.821271,36.427509],[117.827209,36.44295],[117.816553,36.44501],[117.81152,36.443222],[117.810967,36.43599],[117.793638,36.432129],[117.791279,36.439035],[117.784328,36.440923],[117.780609,36.435368],[117.785185,36.433648],[117.782575,36.429427],[117.774098,36.441044],[117.752108,36.442101],[117.74996,36.44542],[117.76008,36.466232],[117.746219,36.476431],[117.75133,36.492372],[117.729807,36.504926],[117.754138,36.509948],[117.748434,36.507883],[117.750354,36.505777],[117.760014,36.512552],[117.744424,36.524599],[117.736483,36.525553],[117.731423,36.540637],[117.717804,36.547019],[117.716272,36.556235],[117.687345,36.57002],[117.700922,36.579945],[117.70937,36.578353],[117.703084,36.588592],[117.709175,36.600376],[117.691875,36.599271],[117.684584,36.604684],[117.696635,36.605592],[117.707844,36.613801],[117.702993,36.651353],[117.690848,36.653705],[117.68556,36.66138],[117.696676,36.686171],[117.70969,36.690873],[117.712034,36.697561],[117.720544,36.689381],[117.741489,36.695101],[117.744606,36.701926],[117.751443,36.696627],[117.771827,36.694889],[117.775071,36.696587],[117.773,36.703644],[117.786338,36.707083],[117.791623,36.723365],[117.805154,36.738885],[117.811675,36.740853],[117.809498,36.757702],[117.813674,36.760955],[117.820091,36.762961],[117.82754,36.752137],[117.823776,36.746241],[117.827101,36.744572],[117.844217,36.747968],[117.844789,36.764336],[117.829362,36.779684],[117.8204,36.779916],[117.812522,36.797269],[117.816874,36.823963],[117.8231,36.8287],[117.826576,36.840768],[117.822173,36.855729],[117.85632,36.861186],[117.861584,36.866709],[117.872111,36.859538],[117.896303,36.86885],[117.907785,36.867694],[117.916369,36.885157],[117.934896,36.891911],[117.935254,36.899048],[117.944752,36.901122],[117.954741,36.910003],[117.956105,36.922264],[117.935656,36.928426],[117.926563,36.944088],[117.907747,36.953308],[117.903114,36.979737],[117.864638,36.985082],[117.860208,36.997066],[117.860608,37.0062],[117.865185,37.007882],[117.863581,37.018855],[117.860131,37.023263],[117.835882,37.026008],[117.8314,37.031598],[117.836727,37.04125],[117.839841,37.066031],[117.793917,37.070457],[117.73197,37.064214],[117.719536,37.068716],[117.667996,37.07285],[117.6129,37.089886],[117.577972,37.08559],[117.568908,37.088785],[117.562062,37.105512],[117.562113,37.109848],[117.567883,37.110446],[117.571113,37.116326],[117.567834,37.121588],[117.551248,37.123871],[117.545511,37.14551],[117.57159,37.153271],[117.579857,37.159797],[117.585591,37.169668],[117.590572,37.199835],[117.617933,37.221247],[117.626131,37.250552],[117.637649,37.264575],[117.650839,37.272468],[117.663964,37.272259],[117.697746,37.254845],[117.762333,37.245208],[117.777312,37.248494],[117.821625,37.279751],[117.850558,37.280324],[117.87243,37.271191],[117.883766,37.261678],[117.903894,37.264754],[117.934981,37.280442],[117.942408,37.270532]]]]}},{"type":"Feature","properties":{"name":"焦作市","code":"410800","gb":"156410800","province":"河南省","label":[113.12936220090093,35.11659571919281]},"geometry":{"type":"MultiPolygon","coordinates":[[[[113.385089,35.485496],[113.385084,35.473182],[113.392445,35.460316],[113.429061,35.44325],[113.465284,35.399868],[113.46376,35.39374],[113.457828,35.391359],[113.476748,35.373651],[113.470717,35.363784],[113.45833,35.364859],[113.459546,35.348259],[113.476638,35.337012],[113.477812,35.332994],[113.471167,35.325466],[113.480859,35.316883],[113.478356,35.298805],[113.503766,35.29811],[113.507564,35.290603],[113.514726,35.290657],[113.513528,35.273121],[113.505537,35.258988],[113.509625,35.254752],[113.524233,35.254061],[113.542579,35.228596],[113.541653,35.224118],[113.517377,35.220361],[113.518264,35.215047],[113.51139,35.210697],[113.514188,35.193697],[113.509398,35.187787],[113.513938,35.179308],[113.527501,35.176901],[113.525517,35.151219],[113.537858,35.141068],[113.559361,35.142923],[113.559868,35.124393],[113.574625,35.12335],[113.573761,35.126305],[113.598968,35.132094],[113.601069,35.12326],[113.595906,35.112517],[113.601438,35.085246],[113.615533,35.062899],[113.623351,35.063113],[113.624183,35.055111],[113.64348,35.034475],[113.641156,35.022727],[113.626984,35.016422],[113.635194,35.007406],[113.630816,35.000005],[113.606876,34.993112],[113.580032,34.945766],[113.537137,34.966681],[113.510399,34.971422],[113.45149,34.984173],[113.353759,34.978125],[113.250591,34.946875],[113.217621,34.908553],[113.134072,34.885486],[113.142338,34.857065],[113.138522,34.856749],[113.114735,34.855704],[113.102688,34.859939],[113.097121,34.872954],[113.048856,34.857043],[113.000064,34.862114],[112.924591,34.8297],[112.914882,34.832027],[112.902397,34.846285],[112.890459,34.84992],[112.86986,34.842563],[112.859346,34.825157],[112.845276,34.814475],[112.835255,34.815549],[112.807844,34.833461],[112.779607,34.838867],[112.749052,34.829807],[112.720145,34.830083],[112.655495,34.860228],[112.633835,34.856311],[112.63459,34.88807],[112.643773,34.889461],[112.642688,34.900921],[112.633311,34.898701],[112.628104,34.904209],[112.632535,34.916915],[112.628838,34.927331],[112.613813,34.919581],[112.58055,34.924545],[112.573207,34.932223],[112.575722,34.943609],[112.566761,34.944337],[112.563089,34.955902],[112.570193,34.966696],[112.569292,34.973643],[112.573627,34.975924],[112.588248,34.971938],[112.613152,34.982849],[112.637374,34.980326],[112.642061,34.98156],[112.649302,34.997857],[112.669455,34.994859],[112.700362,35.030096],[112.728972,35.038722],[112.728849,35.042173],[112.72609,35.043581],[112.731726,35.050042],[112.730702,35.062224],[112.74168,35.067466],[112.743651,35.076114],[112.737393,35.078437],[112.740011,35.085098],[112.745299,35.085645],[112.747678,35.10089],[112.765979,35.110546],[112.758028,35.119477],[112.757955,35.145028],[112.751363,35.14989],[112.764975,35.182754],[112.756059,35.189251],[112.751755,35.203852],[112.771454,35.222004],[112.771454,35.240406],[112.783966,35.244087],[112.789856,35.237461],[112.798691,35.238197],[112.81047,35.254391],[112.83329,35.255863],[112.860519,35.24556],[112.884079,35.241879],[112.921784,35.249996],[112.929603,35.263733],[112.935761,35.28891],[112.982521,35.29211],[112.993218,35.304501],[112.982313,35.314415],[112.986649,35.352043],[113.007767,35.360767],[113.024017,35.363503],[113.0737,35.34594],[113.092056,35.334827],[113.111107,35.334118],[113.126266,35.34737],[113.133789,35.350475],[113.137321,35.357594],[113.139053,35.369633],[113.161911,35.392605],[113.1605,35.413681],[113.176086,35.411957],[113.181831,35.423161],[113.202766,35.441994],[113.236152,35.445351],[113.293282,35.425289],[113.296669,35.429169],[113.289146,35.441322],[113.297333,35.454117],[113.291779,35.466263],[113.29435,35.477013],[113.343987,35.474117],[113.362556,35.482754],[113.373661,35.494569],[113.37913,35.494119],[113.385089,35.485496]]]]}},{"type":"Feature","properties":{"name":"赤峰市","code":"150400","gb":"156150400","province":"内蒙古自治区","label":[118.87141403859118,43.22073276467849]},"geometry":{"type":"MultiPolygon","coordinates":[[[[119.589531,45.132538],[119.614616,45.119638],[119.627505,45.120069],[119.647052,45.103936],[119.663587,45.081079],[119.674865,45.042016],[119.705345,45.004618],[119.702362,44.986359],[119.7107,44.981311],[119.745541,44.923977],[119.84462,44.892531],[119.857853,44.872089],[119.880214,44.86622],[119.91859,44.844766],[119.953112,44.810189],[119.97455,44.798743],[119.980646,44.788442],[120.030895,44.75625],[120.069429,44.725284],[120.075628,44.706643],[120.074386,44.693061],[120.092211,44.662498],[120.109102,44.650744],[120.144944,44.636385],[120.173976,44.632442],[120.152985,44.607258],[120.153296,44.590963],[120.160301,44.583309],[120.181497,44.58481],[120.200408,44.570034],[120.207367,44.549937],[120.227345,44.545188],[120.24712,44.523514],[120.272891,44.519757],[120.28085,44.515259],[120.280353,44.506657],[120.293193,44.502582],[120.295519,44.491486],[120.287656,44.485885],[120.306238,44.474243],[120.311497,44.463411],[120.303383,44.454542],[120.313986,44.448922],[120.317407,44.439688],[120.306102,44.416351],[120.333191,44.388882],[120.372315,44.384336],[120.370045,44.369951],[120.382083,44.336318],[120.40965,44.318036],[120.408374,44.31151],[120.402873,44.310065],[120.448689,44.260523],[120.476306,44.260039],[120.487382,44.250493],[120.498731,44.248546],[120.551572,44.258685],[120.568993,44.233315],[120.640664,44.232899],[120.651504,44.219666],[120.648103,44.183978],[120.683458,44.180787],[120.690009,44.14162],[120.700577,44.127882],[120.740399,44.111777],[120.729898,44.086745],[120.703439,44.07955],[120.689205,44.060257],[120.687633,44.035136],[120.769104,43.933519],[120.769282,43.901616],[120.79014,43.883407],[120.792312,43.847546],[120.792699,43.839306],[120.781076,43.832651],[120.781438,43.812087],[120.829497,43.786244],[120.863486,43.752467],[120.869868,43.737937],[120.91675,43.702037],[120.93428,43.69582],[120.962119,43.656727],[120.976545,43.658494],[120.980958,43.650946],[120.946207,43.630622],[120.938057,43.623495],[120.938864,43.616272],[120.929822,43.610123],[120.859595,43.591147],[120.85168,43.582139],[120.83549,43.578658],[120.801514,43.557057],[120.753837,43.541082],[120.744075,43.519646],[120.68849,43.486035],[120.66594,43.460639],[120.644099,43.447165],[120.594633,43.425318],[120.559477,43.426108],[120.517957,43.40464],[120.464433,43.398611],[120.426187,43.384882],[120.41738,43.376153],[120.498372,43.378081],[120.598181,43.390294],[120.603072,43.396823],[120.621996,43.405223],[120.639069,43.407582],[120.662957,43.399752],[120.675708,43.407002],[120.699809,43.408685],[120.733597,43.424804],[120.766536,43.425599],[120.764769,43.410438],[120.757644,43.40416],[120.711349,43.388921],[120.662754,43.328073],[120.653642,43.324078],[120.636868,43.324465],[120.623106,43.316997],[120.625044,43.293684],[120.614065,43.290582],[120.609489,43.28323],[120.5899,43.278596],[120.575308,43.260239],[120.553984,43.25501],[120.554768,43.249268],[120.571052,43.251937],[120.568304,43.238445],[120.54132,43.227355],[120.503727,43.19842],[120.483626,43.191309],[120.468374,43.180328],[120.45783,43.161844],[120.460915,43.150454],[120.456196,43.139729],[120.445807,43.128931],[120.426412,43.123863],[120.421781,43.115415],[120.404112,43.111909],[120.402927,43.097704],[120.4156,43.100164],[120.419493,43.096176],[120.401876,43.086035],[120.380042,43.09972],[120.36486,43.086087],[120.342821,43.054837],[120.349538,43.043379],[120.356713,43.039563],[120.355598,43.024614],[120.380621,42.982865],[120.422855,42.984093],[120.397292,42.934936],[120.4147,42.912457],[120.402579,42.905401],[120.390688,42.883235],[120.418382,42.86477],[120.409989,42.860468],[120.409793,42.85381],[120.414609,42.856067],[120.418669,42.852922],[120.422227,42.832578],[120.440745,42.818073],[120.452612,42.760503],[120.492914,42.68816],[120.506505,42.648489],[120.539508,42.603252],[120.539709,42.595048],[120.547931,42.591961],[120.548358,42.599185],[120.558994,42.59537],[120.559176,42.585298],[120.545538,42.583403],[120.558917,42.578864],[120.557331,42.555848],[120.565382,42.54115],[120.594021,42.530316],[120.596783,42.523028],[120.590494,42.511378],[120.615339,42.484684],[120.647716,42.463499],[120.659399,42.441129],[120.679696,42.436924],[120.679759,42.431573],[120.684726,42.428752],[120.763231,42.391107],[120.761585,42.364281],[120.797484,42.355067],[120.786937,42.339121],[120.836656,42.307568],[120.852495,42.289741],[120.850963,42.281385],[120.842342,42.276157],[120.855625,42.267741],[120.869511,42.266153],[120.875914,42.269753],[120.878771,42.265674],[120.875313,42.263336],[120.882362,42.241123],[120.876724,42.240299],[120.850632,42.252876],[120.842636,42.245354],[120.8283,42.244884],[120.821716,42.248878],[120.817017,42.238655],[120.820778,42.232189],[120.819366,42.223492],[120.811142,42.225018],[120.804558,42.232895],[120.783875,42.228664],[120.785042,42.216377],[120.739761,42.221329],[120.716637,42.201569],[120.691261,42.19603],[120.683716,42.185776],[120.62941,42.1604],[120.612984,42.15419],[120.595581,42.163593],[120.578987,42.163593],[120.573242,42.154655],[120.476303,42.113556],[120.461098,42.103096],[120.463791,42.095516],[120.475105,42.088577],[120.483879,42.092102],[120.490257,42.08955],[120.483879,42.065292],[120.443665,42.054443],[120.448959,42.012417],[120.432037,42.003189],[120.420761,42.004726],[120.403328,41.993706],[120.411789,41.989349],[120.414101,41.982941],[120.389237,41.98217],[120.366165,41.991653],[120.338997,41.974995],[120.325577,41.975754],[120.327515,41.962193],[120.302086,41.948082],[120.302856,41.938595],[120.310028,41.935776],[120.310287,41.931164],[120.300293,41.924244],[120.289017,41.933727],[120.279533,41.93219],[120.283119,41.916042],[120.273376,41.913479],[120.269531,41.922962],[120.264404,41.922707],[120.258293,41.910537],[120.252876,41.901943],[120.266205,41.895535],[120.28389,41.893742],[120.292862,41.885025],[120.279785,41.877335],[120.244415,41.880924],[120.21904,41.857342],[120.181618,41.844143],[120.178284,41.822357],[120.159569,41.80621],[120.150085,41.79134],[120.13958,41.787499],[120.121155,41.770279],[120.11779,41.74828],[120.131637,41.72752],[120.123947,41.718803],[120.105743,41.710346],[120.093186,41.695992],[120.077293,41.691891],[120.027824,41.70573],[120.027152,41.709708],[120.02813,41.722332],[120.017403,41.734909],[120.027657,41.744476],[120.022873,41.747894],[120.025185,41.753067],[120.04425,41.772717],[120.024307,41.777996],[120.034493,41.784122],[120.038086,41.800873],[120.033394,41.81554],[120.015213,41.813778],[120.002304,41.836071],[120.004066,41.853668],[119.985,41.87405],[119.988525,41.89106],[119.968285,41.911003],[119.948692,41.918373],[119.945701,41.92831],[119.953034,41.949425],[119.952446,41.966438],[119.923408,41.981979],[119.914909,42.008816],[119.892616,42.017616],[119.894379,42.027294],[119.877953,42.051929],[119.878242,42.058971],[119.856545,42.080379],[119.825455,42.126133],[119.823692,42.131413],[119.846275,42.156929],[119.854194,42.177166],[119.84774,42.189484],[119.847153,42.201508],[119.836891,42.208843],[119.81871,42.212948],[119.803749,42.208549],[119.783218,42.21236],[119.73629,42.208549],[119.711655,42.226147],[119.693685,42.22512],[119.678223,42.231133],[119.672356,42.237877],[119.634521,42.237732],[119.618683,42.252983],[119.608124,42.250343],[119.600204,42.274685],[119.532745,42.289349],[119.531868,42.294628],[119.545357,42.322197],[119.557678,42.32513],[119.562699,42.357265],[119.53067,42.361172],[119.525986,42.367893],[119.498917,42.383469],[119.49482,42.386768],[119.486702,42.376621],[119.480873,42.356461],[119.464226,42.34478],[119.454643,42.332207],[119.41037,42.312057],[119.383919,42.308071],[119.37867,42.302917],[119.342163,42.300617],[119.321175,42.279236],[119.277291,42.268047],[119.263718,42.255531],[119.250534,42.224979],[119.232956,42.213284],[119.228561,42.20285],[119.235245,42.19146],[119.264237,42.182663],[119.285263,42.148472],[119.29615,42.142258],[119.303642,42.125591],[119.312477,42.118664],[119.342667,42.116585],[119.357598,42.111038],[119.373978,42.089687],[119.374992,42.034084],[119.359169,42.014111],[119.351479,41.996231],[119.324654,41.97797],[119.314148,41.965401],[119.316632,41.956826],[119.327347,41.911816],[119.316505,41.889492],[119.32177,41.867607],[119.315974,41.846339],[119.310204,41.824261],[119.281708,41.784237],[119.282555,41.779716],[119.29837,41.772656],[119.307075,41.763477],[119.296402,41.7449],[119.311173,41.737106],[119.310959,41.731102],[119.29425,41.711887],[119.293892,41.701378],[119.305359,41.685387],[119.30365,41.665138],[119.319695,41.637039],[119.347519,41.602699],[119.390656,41.593765],[119.406189,41.587601],[119.411438,41.578922],[119.411667,41.565674],[119.406189,41.55928],[119.379013,41.564075],[119.35405,41.563244],[119.353203,41.542835],[119.374901,41.529362],[119.373756,41.522511],[119.378326,41.517715],[119.386093,41.518856],[119.39637,41.507439],[119.397736,41.50013],[119.38929,41.493965],[119.397964,41.479118],[119.389977,41.470215],[119.375816,41.464504],[119.36348,41.448517],[119.368813,41.423546],[119.362152,41.416862],[119.354179,41.417801],[119.344559,41.40847],[119.322273,41.409782],[119.303261,41.39962],[119.303917,41.39241],[119.322601,41.384544],[119.322601,41.369465],[119.312439,41.363895],[119.323585,41.342262],[119.31736,41.327839],[119.29966,41.329479],[119.287529,41.322269],[119.272125,41.326859],[119.240662,41.323906],[119.231415,41.310181],[119.205765,41.30608],[119.204346,41.287361],[119.194305,41.280281],[119.148445,41.295548],[119.083489,41.292121],[119.038971,41.295094],[119.004692,41.30455],[118.968513,41.304661],[118.94342,41.316185],[118.928604,41.302784],[118.884674,41.29892],[118.86232,41.310822],[118.838814,41.340584],[118.834442,41.35371],[118.841362,41.367741],[118.837585,41.372623],[118.763748,41.351032],[118.757088,41.326927],[118.748749,41.323437],[118.735619,41.322098],[118.710297,41.328312],[118.688972,41.336044],[118.67086,41.348515],[118.623871,41.344608],[118.573921,41.352169],[118.533661,41.349014],[118.521927,41.353111],[118.494545,41.343769],[118.423744,41.33654],[118.405891,41.329754],[118.403717,41.318588],[118.396722,41.310969],[118.382393,41.307285],[118.373657,41.309948],[118.344612,41.334892],[118.341759,41.37175],[118.35524,41.38456],[118.33802,41.399246],[118.342178,41.426159],[118.320618,41.448685],[118.279068,41.465813],[118.265755,41.469219],[118.263229,41.476803],[118.289017,41.483028],[118.309342,41.510372],[118.296616,41.544411],[118.296494,41.550587],[118.306824,41.559338],[118.300324,41.566757],[118.275169,41.562355],[118.264442,41.571442],[118.237068,41.575066],[118.219582,41.582878],[118.208893,41.593555],[118.203507,41.608501],[118.207451,41.639988],[118.189598,41.657406],[118.157265,41.671146],[118.153187,41.677067],[118.147049,41.688896],[118.14566,41.716579],[118.128815,41.72757],[118.123947,41.739986],[118.133644,41.781685],[118.149285,41.804775],[118.171867,41.812675],[118.212631,41.81321],[118.224175,41.809605],[118.233917,41.796654],[118.234444,41.782928],[118.240555,41.771862],[118.253448,41.762287],[118.264404,41.760063],[118.285843,41.770699],[118.309151,41.823372],[118.330399,41.847038],[118.328369,41.861015],[118.321892,41.870037],[118.298279,41.890987],[118.256126,41.9184],[118.259506,41.929317],[118.27562,41.934326],[118.28511,41.943779],[118.300232,41.977608],[118.279869,42.005821],[118.249825,42.008572],[118.231117,42.020748],[118.271263,42.026989],[118.281937,42.034367],[118.271484,42.055561],[118.258934,42.0681],[118.253024,42.084879],[118.232811,42.090675],[118.220123,42.088127],[118.206017,42.078964],[118.213684,42.056446],[118.206177,42.041012],[118.193283,42.030918],[118.135124,42.029026],[118.109757,42.034874],[118.108452,42.043579],[118.130173,42.050587],[118.147163,42.064747],[118.148476,42.078899],[118.129761,42.092197],[118.084923,42.107464],[118.082809,42.12075],[118.099342,42.152069],[118.102402,42.162773],[118.099503,42.16967],[118.082253,42.181568],[118.026871,42.196957],[118.00943,42.214561],[117.970909,42.227867],[117.962265,42.240093],[117.972084,42.250481],[118.033455,42.273674],[118.053169,42.29604],[118.022514,42.316799],[118.002213,42.344498],[118.002502,42.356152],[118.017517,42.375153],[118.012711,42.393047],[117.99099,42.414593],[117.948067,42.443031],[117.933647,42.460815],[117.86969,42.506172],[117.843002,42.544655],[117.815018,42.568752],[117.795997,42.577885],[117.785545,42.596287],[117.794762,42.610615],[117.778763,42.614769],[117.68306,42.580315],[117.609314,42.588028],[117.601654,42.589958],[117.590225,42.601383],[117.53775,42.603294],[117.525345,42.595661],[117.523437,42.589935],[117.471909,42.599476],[117.457596,42.596615],[117.442329,42.585163],[117.428017,42.582302],[117.433739,42.574669],[117.421341,42.55463],[117.389847,42.537457],[117.383171,42.514553],[117.401298,42.515507],[117.409989,42.509598],[117.403023,42.491974],[117.403946,42.474705],[117.397835,42.469463],[117.370415,42.460514],[117.339989,42.459072],[117.326813,42.460598],[117.292397,42.476418],[117.260971,42.481712],[117.24472,42.474972],[117.167633,42.466766],[117.105356,42.473825],[117.08651,42.481781],[117.073326,42.471264],[117.066223,42.459248],[117.014519,42.454704],[117.00135,42.445679],[116.986168,42.425392],[116.960838,42.424606],[116.915283,42.404259],[116.892123,42.382904],[116.884318,42.391131],[116.8874,42.4065],[116.899904,42.421859],[116.903113,42.436556],[116.87247,42.474744],[116.871102,42.516402],[116.879425,42.532799],[116.821774,42.544888],[116.818299,42.550118],[116.822987,42.556525],[116.795083,42.581011],[116.746446,42.58265],[116.692053,42.593226],[116.692816,42.590091],[116.667615,42.573483],[116.669876,42.567825],[116.66208,42.554768],[116.633577,42.574356],[116.629343,42.612741],[116.580904,42.599865],[116.574821,42.611832],[116.602666,42.634683],[116.613271,42.669652],[116.636665,42.705569],[116.65532,42.748515],[116.667696,42.759273],[116.659844,42.81463],[116.664981,42.833558],[116.667916,42.887511],[116.658587,42.931135],[116.574633,42.983487],[116.494477,43.013072],[116.497484,43.046998],[116.487864,43.051664],[116.429538,43.075743],[116.412684,43.101819],[116.396101,43.104016],[116.386955,43.122515],[116.364271,43.149059],[116.349877,43.154571],[116.363567,43.241172],[116.390835,43.243251],[116.406942,43.253986],[116.412704,43.290021],[116.42983,43.326191],[116.530031,43.373183],[116.599655,43.417713],[116.596497,43.441307],[116.605984,43.481691],[116.61656,43.496748],[116.615817,43.503093],[116.683703,43.513423],[116.727838,43.506749],[116.7835,43.481787],[116.824261,43.504649],[116.798226,43.563073],[116.804597,43.572163],[116.798043,43.589398],[116.799666,43.605471],[116.805832,43.610488],[116.820081,43.608914],[116.832201,43.613132],[116.838087,43.622754],[116.835449,43.629955],[116.838645,43.637912],[116.855888,43.645851],[116.852029,43.655387],[116.903084,43.665795],[116.914101,43.662485],[116.926348,43.670822],[116.965573,43.671441],[117.047281,43.751008],[116.994389,43.780424],[116.979527,43.838318],[117.006716,43.848511],[116.990917,43.873949],[117.003691,43.897923],[116.993094,43.910176],[117.009518,43.932485],[117.024909,43.940697],[117.025843,43.952693],[117.015046,43.967796],[116.964658,43.98634],[116.95511,44.022916],[117.004678,44.055779],[117.113703,44.177226],[117.157257,44.190192],[117.199667,44.218308],[117.445433,44.233133],[117.497862,44.223936],[117.51603,44.224984],[117.537619,44.207742],[117.548812,44.19005],[117.544534,44.185047],[117.593493,44.170116],[117.603576,44.159836],[117.627996,44.146699],[117.614494,44.124363],[117.626623,44.112653],[117.643368,44.118746],[117.679708,44.093675],[117.664447,44.081998],[117.651435,44.055699],[117.636941,44.04075],[117.637775,44.035147],[117.652672,44.025233],[117.67743,44.023305],[117.694394,44.014498],[117.727235,44.012562],[117.753672,44.021351],[117.783698,44.017743],[117.790483,44.020864],[117.787002,44.028547],[117.79128,44.036769],[117.814646,44.049907],[117.829247,44.066717],[117.848876,44.07174],[117.861925,44.094374],[117.901558,44.120892],[117.955435,44.119355],[117.993225,44.103546],[118.003514,44.108345],[118.022696,44.109227],[118.046039,44.105599],[118.054596,44.098427],[118.070716,44.116803],[118.09634,44.124173],[118.113395,44.138871],[118.113103,44.147992],[118.12266,44.16643],[118.12483,44.195434],[118.137444,44.207307],[118.145654,44.208777],[118.151784,44.20371],[118.166954,44.202368],[118.173618,44.215925],[118.179191,44.218754],[118.186777,44.239356],[118.204429,44.254632],[118.218429,44.257606],[118.217232,44.246571],[118.238569,44.232503],[118.255306,44.238912],[118.241634,44.245989],[118.238713,44.266458],[118.244262,44.278805],[118.220924,44.3059],[118.239907,44.324355],[118.249164,44.326737],[118.291906,44.315725],[118.300037,44.315451],[118.298006,44.318444],[118.302019,44.320526],[118.338605,44.307572],[118.376678,44.316756],[118.391585,44.305533],[118.398061,44.305845],[118.410678,44.31175],[118.433512,44.337727],[118.446007,44.344079],[118.468364,44.340684],[118.475342,44.357843],[118.467125,44.365813],[118.471558,44.386358],[118.479007,44.390525],[118.489925,44.388036],[118.50331,44.397398],[118.520007,44.39482],[118.547769,44.40032],[118.553341,44.413961],[118.548091,44.43157],[118.5659,44.43709],[118.580367,44.432839],[118.599631,44.461039],[118.627709,44.462187],[118.638848,44.457393],[118.637621,44.443817],[118.645006,44.439685],[118.671747,44.450735],[118.702617,44.455067],[118.734962,44.465896],[118.743976,44.466542],[118.768134,44.453209],[118.774589,44.45401],[118.779978,44.454678],[118.789726,44.46897],[118.798726,44.470788],[118.809768,44.488495],[118.828304,44.491226],[118.844067,44.504325],[118.850063,44.49891],[118.857919,44.4987],[118.879471,44.512864],[118.899813,44.517188],[118.903674,44.523549],[118.959159,44.545961],[118.971457,44.555446],[118.974741,44.564653],[118.967102,44.574759],[118.971883,44.579856],[118.983489,44.620048],[118.993484,44.63296],[118.99226,44.650637],[118.982724,44.664533],[118.967356,44.667987],[118.968229,44.681218],[118.961551,44.6894],[118.934309,44.702262],[118.920824,44.700618],[118.924313,44.719211],[118.935983,44.721483],[118.945092,44.728683],[118.962523,44.729068],[118.989964,44.713832],[119.063941,44.709144],[119.06753,44.715543],[119.086422,44.723554],[119.140769,44.729455],[119.142895,44.740011],[119.110553,44.743385],[119.118901,44.760263],[119.165628,44.75846],[119.17542,44.77503],[119.161533,44.779532],[119.145205,44.80039],[119.1421,44.824158],[119.115965,44.83216],[119.07684,44.85255],[119.061742,44.866666],[119.072809,44.909557],[119.064959,44.923211],[119.075011,44.936223],[119.100361,44.918607],[119.120951,44.917568],[119.138825,44.923071],[119.217952,44.907998],[119.222507,44.914856],[119.219288,44.921291],[119.222838,44.932662],[119.210748,44.944074],[119.190186,44.95329],[119.178576,44.951701],[119.16746,44.965906],[119.165414,44.978909],[119.158798,44.979787],[119.149444,44.989178],[119.153109,45.004333],[119.162164,45.013483],[119.204078,44.996312],[119.216996,45.000186],[119.215844,45.009013],[119.223903,45.017123],[119.214921,45.026271],[119.205176,45.024816],[119.189999,45.030593],[119.214543,45.043096],[119.204629,45.047932],[119.176719,45.046054],[119.172005,45.056026],[119.149776,45.072542],[119.152071,45.098047],[119.197878,45.147363],[119.209236,45.151032],[119.21908,45.141787],[119.272228,45.126683],[119.281482,45.119542],[119.28664,45.085194],[119.333504,45.074197],[119.338195,45.076263],[119.340828,45.082844],[119.362831,45.098657],[119.364206,45.117677],[119.360136,45.134462],[119.348712,45.150779],[119.357687,45.15471],[119.355413,45.16284],[119.326891,45.176959],[119.314039,45.178457],[119.300204,45.190059],[119.30485,45.210248],[119.314963,45.217957],[119.318919,45.235213],[119.315379,45.243721],[119.331171,45.250184],[119.485324,45.221937],[119.501113,45.192736],[119.568097,45.154081],[119.582009,45.143945],[119.589531,45.132538]]]]}},{"type":"Feature","properties":{"name":"朔州市","code":"140600","gb":"156140600","province":"山西省","label":[112.6394299965475,39.61880160659192]},"geometry":{"type":"MultiPolygon","coordinates":[[[[112.626248,40.167875],[112.615267,40.162063],[112.587282,40.164825],[112.574131,40.15591],[112.573096,40.143581],[112.580498,40.123515],[112.589187,40.113795],[112.578548,40.108181],[112.585781,40.09815],[112.606308,40.094892],[112.61572,40.08903],[112.605241,40.083791],[112.604025,40.07838],[112.616392,40.056813],[112.626587,40.052556],[112.630664,40.035882],[112.63948,40.030676],[112.639709,40.018979],[112.630156,40.008041],[112.610523,39.942397],[112.594126,39.927309],[112.597571,39.905462],[112.592607,39.895106],[112.601064,39.885025],[112.601004,39.87439],[112.588212,39.838361],[112.597521,39.818445],[112.615635,39.814128],[112.614606,39.78038],[112.60902,39.763392],[112.616699,39.753798],[112.642261,39.750487],[112.670445,39.754946],[112.683718,39.772718],[112.704642,39.774285],[112.714295,39.765766],[112.742577,39.75635],[112.748391,39.758989],[112.743538,39.773062],[112.747648,39.777713],[112.787644,39.778694],[112.803183,39.774131],[112.79821,39.783107],[112.79922,39.792613],[112.815855,39.803948],[112.853668,39.799552],[112.874921,39.811385],[112.880532,39.819629],[112.908115,39.830376],[112.911053,39.837639],[112.92671,39.839761],[112.930986,39.855474],[112.951582,39.853352],[112.960108,39.869546],[112.946988,39.884969],[112.934625,39.889439],[112.934334,39.896835],[112.935132,39.903981],[112.945772,39.911911],[112.972631,39.919477],[113.00315,39.918257],[113.019173,39.91066],[113.027646,39.916529],[113.048435,39.919027],[113.111428,39.903778],[113.140493,39.903736],[113.162981,39.914311],[113.196977,39.940949],[113.225829,39.957089],[113.23483,39.957104],[113.286648,39.94722],[113.29529,39.933754],[113.321581,39.930866],[113.347975,39.903545],[113.372605,39.905276],[113.379994,39.88904],[113.394044,39.888857],[113.435313,39.849564],[113.386063,39.835093],[113.364725,39.835115],[113.339086,39.799991],[113.321756,39.79777],[113.334056,39.769233],[113.379596,39.745782],[113.400218,39.728545],[113.39755,39.726787],[113.403726,39.719654],[113.403456,39.711917],[113.388032,39.694322],[113.389677,39.691488],[113.375683,39.678994],[113.386602,39.665478],[113.37199,39.649437],[113.390777,39.631897],[113.396995,39.61788],[113.420316,39.604182],[113.42024,39.592043],[113.412639,39.587455],[113.414364,39.578356],[113.419814,39.574986],[113.445668,39.580639],[113.458541,39.556809],[113.493411,39.53355],[113.49698,39.52436],[113.509228,39.521056],[113.501434,39.50513],[113.50518,39.483309],[113.56448,39.438832],[113.552904,39.431941],[113.553594,39.395022],[113.529735,39.388813],[113.515634,39.360137],[113.500373,39.347251],[113.445517,39.338794],[113.441782,39.328854],[113.444693,39.318673],[113.414564,39.331938],[113.409602,39.329994],[113.406139,39.318139],[113.386376,39.311294],[113.379958,39.300862],[113.360286,39.305699],[113.353607,39.315539],[113.326319,39.31154],[113.309021,39.320541],[113.280867,39.31704],[113.26684,39.308068],[113.256902,39.309462],[113.25161,39.314821],[113.199908,39.29742],[113.175096,39.298764],[113.172922,39.302828],[113.143792,39.308326],[113.136247,39.322174],[113.120708,39.326607],[113.11709,39.330619],[113.123567,39.348509],[113.111787,39.353957],[113.107908,39.360283],[113.086035,39.361306],[113.070729,39.351767],[113.045912,39.349933],[113.044405,39.337532],[113.027997,39.318809],[112.99971,39.313238],[112.973886,39.302601],[112.934744,39.296061],[112.895307,39.256983],[112.8987,39.249284],[112.895826,39.24592],[112.875805,39.238106],[112.876605,39.221582],[112.867303,39.212887],[112.852838,39.217023],[112.839224,39.214439],[112.830147,39.206021],[112.828101,39.195939],[112.817213,39.191005],[112.817798,39.183187],[112.808943,39.174951],[112.795048,39.185892],[112.777399,39.190749],[112.752405,39.186222],[112.750614,39.1777],[112.728528,39.184598],[112.743917,39.166391],[112.736495,39.149909],[112.686481,39.12433],[112.666605,39.131572],[112.644135,39.115222],[112.651076,39.101455],[112.6483,39.096511],[112.634867,39.088379],[112.620335,39.086144],[112.610902,39.089943],[112.582511,39.085899],[112.574821,39.11223],[112.559349,39.110892],[112.550918,39.117698],[112.542747,39.137076],[112.514698,39.144755],[112.49324,39.136313],[112.453388,39.111688],[112.435463,39.118113],[112.421249,39.099569],[112.413361,39.113429],[112.389888,39.115599],[112.376975,39.103406],[112.369461,39.102435],[112.335891,39.120871],[112.309531,39.1211],[112.306291,39.117745],[112.306815,39.101751],[112.29038,39.097715],[112.284261,39.106658],[112.299,39.11585],[112.297332,39.125101],[112.289721,39.12888],[112.259187,39.128678],[112.266241,39.163314],[112.246813,39.182555],[112.229109,39.181259],[112.209649,39.174006],[112.206584,39.1763],[112.215353,39.19188],[112.213895,39.200467],[112.180845,39.235147],[112.185486,39.245576],[112.166948,39.255964],[112.162976,39.267596],[112.138277,39.275387],[112.110788,39.275929],[112.094463,39.262857],[112.089906,39.252268],[112.079486,39.25148],[112.072999,39.256543],[112.067042,39.272408],[112.048162,39.289364],[112.05817,39.308285],[112.042547,39.319686],[112.04451,39.328175],[112.035196,39.336978],[112.018835,39.342129],[112.010281,39.356322],[112.01588,39.364541],[111.99813,39.381037],[112.006357,39.39908],[112.003123,39.404995],[111.986393,39.427102],[111.982212,39.447394],[111.967212,39.444056],[111.941053,39.460552],[111.913374,39.459643],[111.91374,39.471354],[111.894051,39.494249],[111.891527,39.50646],[111.934321,39.523253],[111.965874,39.525557],[111.986407,39.522453],[112.002599,39.526558],[111.996995,39.537573],[111.940446,39.579358],[111.932208,39.601021],[111.919289,39.61533],[111.925865,39.632545],[111.919708,39.65704],[111.93,39.677628],[111.943283,39.688503],[111.951073,39.703751],[111.956169,39.765797],[111.964127,39.787228],[112.008118,39.83585],[112.069603,39.925438],[112.078545,39.948448],[112.10352,39.978268],[112.108362,39.984449],[112.115982,40.002964],[112.135246,40.0308],[112.153534,40.046059],[112.178307,40.090096],[112.214699,40.127232],[112.217133,40.132481],[112.213142,40.156036],[112.220406,40.167671],[112.280472,40.205383],[112.284714,40.211079],[112.28125,40.225265],[112.300613,40.249874],[112.307003,40.252504],[112.341942,40.256088],[112.405434,40.291893],[112.449204,40.29874],[112.457863,40.297092],[112.471176,40.284901],[112.504776,40.268013],[112.557572,40.256935],[112.617771,40.235848],[112.619435,40.221424],[112.608153,40.219909],[112.595146,40.20469],[112.601948,40.192233],[112.617455,40.182615],[112.620487,40.170086],[112.626248,40.167875]]]]}},{"type":"Feature","properties":{"name":"本溪市","code":"210500","gb":"156210500","province":"辽宁省","label":[124.56744567828271,41.228373770604954]},"geometry":{"type":"MultiPolygon","coordinates":[[[[125.468582,41.557583],[125.471817,41.542171],[125.484566,41.533802],[125.499214,41.530949],[125.49617,41.521435],[125.486847,41.518963],[125.484375,41.511162],[125.509888,41.486443],[125.508843,41.476253],[125.525551,41.476517],[125.534714,41.465279],[125.527397,41.444634],[125.532364,41.434181],[125.526611,41.426342],[125.532097,41.417458],[125.543335,41.411972],[125.540985,41.398384],[125.569321,41.391422],[125.574371,41.383663],[125.568642,41.371197],[125.57618,41.363461],[125.60736,41.358448],[125.63253,41.335224],[125.629623,41.324825],[125.613419,41.315346],[125.634331,41.292992],[125.630661,41.279987],[125.639664,41.26165],[125.657333,41.265984],[125.668335,41.274986],[125.678673,41.269985],[125.683006,41.24398],[125.687012,41.241646],[125.741356,41.242645],[125.750359,41.229641],[125.729019,41.196964],[125.730026,41.176792],[125.775368,41.169792],[125.783707,41.164123],[125.760979,41.148529],[125.749031,41.127445],[125.739693,41.122112],[125.725357,41.122444],[125.705681,41.10244],[125.704346,41.093437],[125.72335,41.092102],[125.731354,41.083431],[125.718689,41.052757],[125.698677,41.03075],[125.676338,41.019081],[125.671341,40.997742],[125.67601,40.983738],[125.674003,40.977402],[125.665672,40.972069],[125.655335,40.975067],[125.642998,40.968399],[125.627991,40.94006],[125.606323,40.94006],[125.582314,40.92939],[125.584312,40.921719],[125.578213,40.918992],[125.556836,40.928712],[125.547536,40.925401],[125.545041,40.914087],[125.538472,40.908796],[125.523785,40.907193],[125.512836,40.912412],[125.494091,40.939318],[125.518277,40.956514],[125.524915,40.972502],[125.523641,40.983572],[125.500592,40.986369],[125.4847,40.981604],[125.48209,40.973925],[125.497502,40.962603],[125.49371,40.951624],[125.456768,40.96176],[125.448132,40.972522],[125.460301,40.991107],[125.452671,41.005511],[125.456502,41.018012],[125.440419,41.029647],[125.425793,41.027015],[125.428578,41.015167],[125.424076,41.007762],[125.385898,41.014866],[125.37955,41.011142],[125.3838,40.997467],[125.350001,40.996639],[125.334834,41.009079],[125.341334,41.022801],[125.34872,41.027088],[125.347003,41.034619],[125.32883,41.034867],[125.303615,41.061784],[125.299083,41.084214],[125.268779,41.09881],[125.257105,41.095205],[125.226405,41.110228],[125.200502,41.097269],[125.186265,41.104914],[125.151284,41.104686],[125.135163,41.091334],[125.108719,41.08924],[125.065292,41.100856],[125.062416,41.109401],[125.037612,41.113651],[125.008696,41.107719],[124.9998,41.096565],[124.970762,41.112324],[124.908475,41.117055],[124.845585,41.138902],[124.835682,41.135713],[124.808849,41.139109],[124.79359,41.131502],[124.769618,41.134875],[124.756831,41.125349],[124.7484,41.134158],[124.742602,41.15309],[124.73186,41.15625],[124.714632,41.140662],[124.713556,41.13119],[124.696824,41.123031],[124.674501,41.12424],[124.662056,41.093329],[124.642685,41.08948],[124.623756,41.093997],[124.605003,41.089774],[124.580243,41.099768],[124.562736,41.098732],[124.536192,41.087414],[124.538817,41.074062],[124.512312,41.058338],[124.504953,41.04766],[124.474566,41.059635],[124.445872,41.063721],[124.433344,41.072377],[124.411707,41.073876],[124.392869,41.058861],[124.386567,41.057076],[124.378068,41.061188],[124.36271,41.050709],[124.352616,41.054269],[124.34932,41.070668],[124.345094,41.072885],[124.308121,41.053365],[124.289513,41.061159],[124.286453,41.067411],[124.29892,41.083673],[124.295624,41.094759],[124.257766,41.098295],[124.231681,41.078661],[124.231581,41.050966],[124.225592,41.03932],[124.203192,41.043966],[124.188574,41.02733],[124.180364,41.024107],[124.156087,41.038752],[124.154866,41.046248],[124.134084,41.05382],[124.117344,41.037722],[124.08318,41.033549],[124.090763,41.027075],[124.092663,41.016573],[124.112675,41.004103],[124.108539,41.00049],[124.110027,40.984877],[124.12035,40.981432],[124.119526,40.964273],[124.147305,40.954023],[124.126697,40.926328],[124.124538,40.910283],[124.138682,40.895303],[124.140361,40.88546],[124.140155,40.878472],[124.131953,40.877636],[124.132861,40.868542],[124.140307,40.863514],[124.127405,40.848011],[124.109957,40.85104],[124.100038,40.848237],[124.098078,40.843449],[124.091646,40.848836],[124.098101,40.855015],[124.089197,40.859933],[124.067376,40.856763],[124.024209,40.861985],[124.010628,40.858312],[123.975029,40.866041],[123.967033,40.852834],[123.925818,40.825067],[123.910887,40.83346],[123.893454,40.83367],[123.889471,40.838766],[123.860063,40.842337],[123.84416,40.853186],[123.83093,40.851729],[123.820302,40.861678],[123.80615,40.854213],[123.79643,40.855838],[123.786786,40.851058],[123.770031,40.854419],[123.75449,40.848651],[123.736904,40.850375],[123.726749,40.82923],[123.716564,40.828288],[123.706904,40.818389],[123.689562,40.813701],[123.686465,40.823219],[123.661379,40.825798],[123.650858,40.835422],[123.61725,40.850193],[123.583999,40.856216],[123.586799,40.862357],[123.602264,40.869135],[123.607864,40.881518],[123.604744,40.89075],[123.618233,40.90092],[123.618034,40.910517],[123.626426,40.921901],[123.639184,40.927619],[123.644395,40.93479],[123.650064,40.94934],[123.642358,40.962928],[123.6507,40.971925],[123.646356,40.975478],[123.641344,41.003215],[123.644464,41.014434],[123.653688,41.025443],[123.654665,41.038963],[123.675448,41.046062],[123.68397,41.057803],[123.6626,41.073288],[123.64638,41.108475],[123.649554,41.127102],[123.655887,41.135101],[123.649756,41.148523],[123.636531,41.157273],[123.627223,41.179753],[123.610599,41.201104],[123.594737,41.205651],[123.602924,41.218293],[123.592838,41.231675],[123.597805,41.242063],[123.61072,41.253463],[123.613446,41.245073],[123.621777,41.240327],[123.664304,41.258637],[123.667073,41.264096],[123.649694,41.290139],[123.656867,41.304214],[123.652845,41.32311],[123.648313,41.326227],[123.64974,41.370359],[123.630873,41.408785],[123.655722,41.442099],[123.642226,41.463805],[123.608725,41.461402],[123.610404,41.47346],[123.595236,41.477805],[123.585792,41.491967],[123.599612,41.498865],[123.623721,41.521822],[123.644298,41.517667],[123.671863,41.526742],[123.671802,41.521768],[123.678409,41.517556],[123.687748,41.524511],[123.697208,41.519139],[123.697704,41.513509],[123.71149,41.507947],[123.741877,41.525353],[123.790095,41.539935],[123.789294,41.528418],[123.781092,41.513881],[123.801608,41.501334],[123.856773,41.516408],[123.864506,41.534293],[123.859684,41.538817],[123.852916,41.532031],[123.852917,41.540328],[123.868763,41.560397],[123.886738,41.558768],[123.908948,41.56462],[123.928464,41.557963],[123.936254,41.546389],[123.949682,41.547564],[123.953413,41.556224],[123.980269,41.560725],[123.996054,41.556437],[124.002707,41.547858],[124.016966,41.546084],[124.037391,41.531729],[124.058135,41.531199],[124.063354,41.526633],[124.095398,41.529726],[124.101624,41.524931],[124.10794,41.509275],[124.121994,41.502668],[124.14003,41.517076],[124.15992,41.513304],[124.184007,41.533377],[124.195299,41.529341],[124.207674,41.531198],[124.225199,41.543211],[124.239664,41.542849],[124.255435,41.535063],[124.286494,41.541666],[124.30009,41.531267],[124.302974,41.513769],[124.313144,41.508123],[124.304111,41.502279],[124.301685,41.495103],[124.326541,41.486364],[124.326259,41.474786],[124.339656,41.466279],[124.371303,41.469628],[124.380734,41.455123],[124.354045,41.43261],[124.344738,41.431317],[124.342662,41.4123],[124.346278,41.389774],[124.35435,41.381653],[124.370876,41.379898],[124.379314,41.374237],[124.392544,41.358112],[124.386646,41.352153],[124.386478,41.341731],[124.407627,41.33612],[124.416355,41.325324],[124.422283,41.303672],[124.465375,41.305732],[124.463719,41.314231],[124.471974,41.330478],[124.489225,41.332671],[124.506714,41.325088],[124.515396,41.314811],[124.538025,41.311515],[124.546242,41.305396],[124.550538,41.29399],[124.591325,41.267847],[124.61197,41.261152],[124.633783,41.265757],[124.639162,41.262228],[124.63537,41.248411],[124.649233,41.241178],[124.683192,41.262636],[124.710529,41.261133],[124.739353,41.272814],[124.761549,41.268025],[124.780918,41.277677],[124.788968,41.293287],[124.830942,41.304955],[124.839641,41.32302],[124.866934,41.325434],[124.862203,41.332052],[124.86466,41.350992],[124.859289,41.358713],[124.862997,41.366881],[124.852102,41.371279],[124.851401,41.38626],[124.856863,41.398658],[124.850233,41.415442],[124.858176,41.440597],[124.875602,41.44287],[124.882346,41.454059],[124.882354,41.470809],[124.896232,41.473838],[124.91555,41.49855],[124.931092,41.498394],[124.94281,41.503688],[124.956238,41.517589],[124.959489,41.517078],[124.958848,41.506694],[124.976815,41.501602],[124.983514,41.489082],[124.991288,41.485496],[124.999734,41.485206],[125.010896,41.494758],[125.062006,41.470488],[125.070277,41.474833],[125.066401,41.48463],[125.070467,41.489993],[125.10255,41.491866],[125.12199,41.498839],[125.132991,41.498866],[125.143642,41.489279],[125.165859,41.482035],[125.17004,41.490454],[125.194249,41.499228],[125.203053,41.480929],[125.216084,41.477705],[125.242902,41.485197],[125.250951,41.50273],[125.289198,41.488886],[125.321189,41.494249],[125.324973,41.496821],[125.325217,41.510554],[125.352813,41.524233],[125.34188,41.534922],[125.347862,41.536715],[125.360885,41.529387],[125.365127,41.533125],[125.373336,41.544177],[125.373344,41.559519],[125.382088,41.558516],[125.404419,41.537947],[125.421975,41.54468],[125.431016,41.554312],[125.436448,41.548163],[125.448556,41.549238],[125.45508,41.565059],[125.468582,41.557583]]]]}},{"type":"Feature","properties":{"name":"承德市","code":"130800","gb":"156130800","province":"河北省","label":[117.54652841139087,41.346801742190536]},"geometry":{"type":"MultiPolygon","coordinates":[[[[117.785545,42.596287],[117.795997,42.577885],[117.815018,42.568752],[117.843002,42.544655],[117.86969,42.506172],[117.933647,42.460815],[117.948067,42.443031],[117.99099,42.414593],[118.012711,42.393047],[118.017517,42.375153],[118.002502,42.356152],[118.002213,42.344498],[118.022514,42.316799],[118.053169,42.29604],[118.033455,42.273674],[117.972084,42.250481],[117.962265,42.240093],[117.970909,42.227867],[118.00943,42.214561],[118.026871,42.196957],[118.082253,42.181568],[118.099503,42.16967],[118.102402,42.162773],[118.099342,42.152069],[118.082809,42.12075],[118.084923,42.107464],[118.129761,42.092197],[118.148476,42.078899],[118.147163,42.064747],[118.130173,42.050587],[118.108452,42.043579],[118.109757,42.034874],[118.135124,42.029026],[118.193283,42.030918],[118.206177,42.041012],[118.213684,42.056446],[118.206017,42.078964],[118.220123,42.088127],[118.232811,42.090675],[118.253024,42.084879],[118.258934,42.0681],[118.271484,42.055561],[118.281937,42.034367],[118.271263,42.026989],[118.231117,42.020748],[118.249825,42.008572],[118.279869,42.005821],[118.300232,41.977608],[118.28511,41.943779],[118.27562,41.934326],[118.259506,41.929317],[118.256126,41.9184],[118.298279,41.890987],[118.321892,41.870037],[118.328369,41.861015],[118.330399,41.847038],[118.309151,41.823372],[118.285843,41.770699],[118.264404,41.760063],[118.253448,41.762287],[118.240555,41.771862],[118.234444,41.782928],[118.233917,41.796654],[118.224175,41.809605],[118.212631,41.81321],[118.171867,41.812675],[118.149285,41.804775],[118.133644,41.781685],[118.123947,41.739986],[118.128815,41.72757],[118.14566,41.716579],[118.147049,41.688896],[118.153187,41.677067],[118.157265,41.671146],[118.189598,41.657406],[118.207451,41.639988],[118.203507,41.608501],[118.208893,41.593555],[118.219582,41.582878],[118.237068,41.575066],[118.264442,41.571442],[118.275169,41.562355],[118.300324,41.566757],[118.306824,41.559338],[118.296494,41.550587],[118.296616,41.544411],[118.309342,41.510372],[118.289017,41.483028],[118.263229,41.476803],[118.265755,41.469219],[118.279068,41.465813],[118.320618,41.448685],[118.342178,41.426159],[118.33802,41.399246],[118.35524,41.38456],[118.341759,41.37175],[118.344612,41.334892],[118.373657,41.309948],[118.382393,41.307285],[118.396722,41.310969],[118.403717,41.318588],[118.405891,41.329754],[118.423744,41.33654],[118.494545,41.343769],[118.521927,41.353111],[118.533661,41.349014],[118.573921,41.352169],[118.623871,41.344608],[118.67086,41.348515],[118.688972,41.336044],[118.710297,41.328312],[118.735619,41.322098],[118.748749,41.323437],[118.757088,41.326927],[118.763748,41.351032],[118.837585,41.372623],[118.841362,41.367741],[118.834442,41.35371],[118.838814,41.340584],[118.86232,41.310822],[118.884674,41.29892],[118.928604,41.302784],[118.94342,41.316185],[118.968513,41.304661],[119.004692,41.30455],[119.038971,41.295094],[119.083489,41.292121],[119.148445,41.295548],[119.194305,41.280281],[119.204346,41.287361],[119.205765,41.30608],[119.231415,41.310181],[119.239968,41.275467],[119.225548,41.254929],[119.211121,41.253952],[119.207947,41.242462],[119.20134,41.240749],[119.202324,41.229748],[119.206718,41.225838],[119.181786,41.218746],[119.16687,41.220459],[119.161003,41.214348],[119.17176,41.202614],[119.185204,41.200413],[119.190094,41.189655],[119.148048,41.164719],[119.130447,41.14027],[119.09304,41.132202],[119.072258,41.13269],[119.076416,41.119247],[119.074127,41.093967],[119.064568,41.072803],[119.038208,41.075954],[119.03392,41.06385],[119.020683,41.059563],[119.019295,41.064228],[118.956619,41.076839],[118.929131,41.050358],[118.931648,41.042286],[118.928246,41.035351],[118.944138,41.015427],[118.963051,41.016182],[118.979195,41.006851],[119.014252,41.004074],[119.014503,40.987682],[118.995232,40.970432],[118.966332,40.955399],[118.931778,40.956913],[118.908829,40.967758],[118.894951,40.959435],[118.887535,40.923382],[118.87764,40.922848],[118.883858,40.901676],[118.877373,40.869919],[118.865593,40.846325],[118.847313,40.838734],[118.837997,40.811832],[118.841454,40.799068],[118.853866,40.800449],[118.868698,40.788029],[118.871117,40.780788],[118.903541,40.774921],[118.888963,40.751761],[118.941506,40.745983],[118.947411,40.740448],[118.953316,40.719051],[118.979881,40.696175],[118.995003,40.693592],[119.004601,40.684738],[119.019722,40.690273],[119.040756,40.679203],[119.046349,40.662479],[119.051674,40.661026],[119.057251,40.660057],[119.070328,40.675804],[119.095772,40.659813],[119.15876,40.693249],[119.172577,40.685253],[119.178147,40.67556],[119.176933,40.662479],[119.15876,40.647457],[119.148346,40.64455],[119.136734,40.631039],[119.150567,40.612963],[119.142868,40.612839],[119.128527,40.60387],[119.102418,40.601993],[119.080853,40.587095],[119.071406,40.589348],[119.06442,40.603744],[119.05653,40.604458],[119.030211,40.588089],[119.016525,40.58604],[119.0048,40.576332],[118.988988,40.576539],[118.979504,40.571815],[118.976905,40.564074],[118.950573,40.555249],[118.959969,40.535291],[118.953014,40.530044],[118.933496,40.532633],[118.913412,40.529627],[118.881505,40.541217],[118.856845,40.526584],[118.815264,40.530627],[118.793681,40.515218],[118.784264,40.494744],[118.786013,40.491047],[118.766814,40.478362],[118.717377,40.472421],[118.693652,40.490125],[118.673615,40.473561],[118.65745,40.44697],[118.630027,40.448781],[118.603256,40.427464],[118.614098,40.414364],[118.627944,40.413543],[118.62369,40.394089],[118.646426,40.369912],[118.634156,40.361317],[118.630807,40.347774],[118.605963,40.328389],[118.604281,40.318738],[118.591115,40.307522],[118.571795,40.307043],[118.568927,40.295067],[118.58023,40.292605],[118.579156,40.288133],[118.569071,40.291214],[118.561579,40.283125],[118.542792,40.289391],[118.544066,40.295634],[118.529427,40.305988],[118.525946,40.314773],[118.53242,40.321525],[118.532903,40.359427],[118.546893,40.359771],[118.552443,40.36809],[118.548704,40.387032],[118.562279,40.401249],[118.563614,40.413439],[118.548016,40.415366],[118.542413,40.421482],[118.519051,40.405156],[118.497796,40.40096],[118.462299,40.41095],[118.426213,40.408924],[118.397374,40.413564],[118.387627,40.432952],[118.381458,40.434372],[118.367105,40.428312],[118.319688,40.428779],[118.320772,40.418922],[118.301849,40.416397],[118.272765,40.424816],[118.275257,40.428773],[118.271895,40.434561],[118.256961,40.441891],[118.25512,40.456182],[118.234321,40.463773],[118.234156,40.454756],[118.227433,40.450406],[118.215655,40.450743],[118.203283,40.442383],[118.192967,40.445998],[118.167289,40.421955],[118.148317,40.422546],[118.145697,40.408317],[118.152791,40.401654],[118.151471,40.394088],[118.129407,40.378185],[118.114618,40.353071],[118.103157,40.352257],[118.083862,40.361079],[118.06851,40.347858],[118.067117,40.329849],[118.058398,40.318769],[118.031118,40.304058],[117.998238,40.293647],[117.982021,40.295562],[117.928854,40.283627],[117.903855,40.285521],[117.894119,40.267724],[117.880566,40.272287],[117.845107,40.261375],[117.824918,40.263128],[117.822827,40.259388],[117.809041,40.257686],[117.808776,40.261164],[117.80186,40.260426],[117.79352,40.252049],[117.765765,40.242545],[117.760073,40.244664],[117.743756,40.226518],[117.726707,40.2391],[117.721035,40.234449],[117.70922,40.237792],[117.666241,40.234542],[117.663179,40.239157],[117.656587,40.239349],[117.650025,40.233787],[117.661102,40.22694],[117.661932,40.22158],[117.639231,40.203441],[117.610308,40.206854],[117.603142,40.201598],[117.602956,40.194376],[117.589604,40.190139],[117.576476,40.193993],[117.567619,40.190857],[117.55896,40.20385],[117.563415,40.217339],[117.561417,40.224129],[117.540504,40.230774],[117.497009,40.225502],[117.467369,40.238857],[117.429481,40.244442],[117.402794,40.231998],[117.379738,40.226872],[117.350189,40.229099],[117.340088,40.234875],[117.322441,40.261974],[117.323662,40.275059],[117.319351,40.286003],[117.300446,40.277046],[117.287178,40.276382],[117.284859,40.295288],[117.267281,40.305901],[117.263306,40.323811],[117.266289,40.330112],[117.251366,40.334423],[117.245727,40.356312],[117.235115,40.366592],[117.218529,40.366924],[117.216019,40.374433],[117.229744,40.436108],[117.223061,40.453522],[117.195091,40.496902],[117.208496,40.512817],[117.249382,40.516888],[117.247383,40.52467],[117.234886,40.533897],[117.235344,40.546467],[117.299759,40.577332],[117.334015,40.576622],[117.373818,40.564884],[117.4338,40.576275],[117.438667,40.580124],[117.437309,40.589046],[117.418846,40.619831],[117.436157,40.649628],[117.446434,40.652283],[117.469963,40.637451],[117.484673,40.635494],[117.495224,40.636768],[117.498983,40.645776],[117.506111,40.657089],[117.498841,40.663986],[117.488243,40.670795],[117.401886,40.679695],[117.37056,40.675072],[117.339477,40.665627],[117.32103,40.655197],[117.305985,40.653904],[117.26104,40.671062],[117.140663,40.701801],[116.994232,40.692959],[116.941558,40.725147],[116.920586,40.746983],[116.912651,40.772614],[116.891601,40.779549],[116.880509,40.799666],[116.838028,40.838017],[116.79158,40.842724],[116.785286,40.849144],[116.785362,40.862854],[116.776962,40.872479],[116.715507,40.900963],[116.711319,40.909203],[116.710823,40.93206],[116.681259,40.944229],[116.666886,40.976711],[116.685219,41.020111],[116.689484,41.027416],[116.677131,41.040924],[116.636032,41.058361],[116.62059,41.058609],[116.606636,41.051308],[116.60086,41.043316],[116.609856,41.015419],[116.589478,40.978867],[116.575257,40.975681],[116.554108,40.985752],[116.53022,40.988277],[116.494209,40.976402],[116.450973,40.978912],[116.444313,40.975483],[116.440071,40.962452],[116.443695,40.948967],[116.468742,40.910114],[116.468429,40.898232],[116.459366,40.892513],[116.385971,40.90596],[116.368736,40.936344],[116.359322,40.939652],[116.354797,40.951617],[116.343256,40.960644],[116.339189,40.980629],[116.311385,40.980862],[116.287127,40.98862],[116.287756,41.005704],[116.270345,41.014105],[116.258582,41.036482],[116.278014,41.055685],[116.289974,41.060662],[116.273952,41.078952],[116.272731,41.089243],[116.237343,41.116654],[116.229725,41.12947],[116.240536,41.146355],[116.243188,41.163167],[116.225072,41.167863],[116.215554,41.175777],[116.231476,41.210002],[116.217733,41.217662],[116.187172,41.262361],[116.190325,41.291888],[116.198715,41.302385],[116.203684,41.319106],[116.191273,41.334868],[116.160249,41.358818],[116.130724,41.370285],[116.115131,41.366994],[116.096902,41.36932],[116.084069,41.38187],[116.074541,41.385114],[116.041149,41.387257],[116.033121,41.400371],[116.029613,41.419897],[116.004699,41.429126],[116.004928,41.455041],[115.995339,41.462949],[115.976607,41.468771],[115.983682,41.481461],[115.973324,41.496608],[115.979029,41.50872],[115.965565,41.535545],[115.965682,41.544446],[115.948728,41.551904],[115.941201,41.560857],[115.91896,41.564565],[115.917878,41.572921],[115.923917,41.579981],[115.92313,41.5942],[115.903483,41.642472],[115.945211,41.660599],[116.028079,41.720024],[116.042071,41.724628],[116.073467,41.772841],[116.097214,41.77869],[116.121132,41.805561],[116.118767,41.812351],[116.099281,41.828297],[116.101051,41.848671],[116.119652,41.864616],[116.132355,41.868454],[116.147408,41.858414],[116.165421,41.870224],[116.180916,41.859467],[116.190521,41.861366],[116.204399,41.881447],[116.199967,41.888828],[116.212074,41.907429],[116.215912,41.930462],[116.226067,41.939121],[116.239243,41.941975],[116.295341,41.970619],[116.310402,41.997192],[116.325897,42.006641],[116.367225,42.007694],[116.412414,41.987152],[116.409462,41.971207],[116.381386,41.944393],[116.390289,41.939602],[116.420982,41.936649],[116.447388,41.943749],[116.488449,41.979771],[116.520927,41.956741],[116.5289,41.948769],[116.526237,41.943451],[116.53923,41.930462],[116.569351,41.924557],[116.581162,41.922783],[116.585594,41.925735],[116.584114,41.932823],[116.59173,41.933613],[116.628998,41.928394],[116.634018,41.929577],[116.639656,41.940735],[116.659302,41.945507],[116.689086,41.941504],[116.720833,41.944271],[116.728592,41.967003],[116.751137,41.990112],[116.764664,41.990677],[116.768043,41.979401],[116.78157,41.970947],[116.834557,41.996876],[116.857903,41.999603],[116.875137,42.016041],[116.875702,42.024494],[116.867813,42.034077],[116.877952,42.038586],[116.872879,42.045349],[116.878784,42.054493],[116.877548,42.062202],[116.869499,42.067894],[116.884331,42.08157],[116.880478,42.089809],[116.884338,42.095669],[116.879089,42.108471],[116.861198,42.120194],[116.840561,42.153728],[116.815849,42.152954],[116.775696,42.20546],[116.817085,42.195839],[116.897163,42.188953],[116.913139,42.192333],[116.916229,42.207005],[116.912262,42.227982],[116.899239,42.240208],[116.903099,42.280357],[116.877624,42.348305],[116.880707,42.366837],[116.892123,42.382904],[116.915283,42.404259],[116.960838,42.424606],[116.986168,42.425392],[117.00135,42.445679],[117.014519,42.454704],[117.066223,42.459248],[117.073326,42.471264],[117.08651,42.481781],[117.105356,42.473825],[117.167633,42.466766],[117.24472,42.474972],[117.260971,42.481712],[117.292397,42.476418],[117.326813,42.460598],[117.339989,42.459072],[117.370415,42.460514],[117.397835,42.469463],[117.403946,42.474705],[117.403023,42.491974],[117.409989,42.509598],[117.401298,42.515507],[117.383171,42.514553],[117.389847,42.537457],[117.421341,42.55463],[117.433739,42.574669],[117.428017,42.582302],[117.442329,42.585163],[117.457596,42.596615],[117.471909,42.599476],[117.523437,42.589935],[117.525345,42.595661],[117.53775,42.603294],[117.590225,42.601383],[117.601654,42.589958],[117.609314,42.588028],[117.68306,42.580315],[117.778763,42.614769],[117.794762,42.610615],[117.785545,42.596287]]]]}},{"type":"Feature","properties":{"name":"聊城市","code":"371500","gb":"156371500","province":"山东省","label":[115.88083609071644,36.45865441000286]},"geometry":{"type":"MultiPolygon","coordinates":[[[[116.243755,37.014197],[116.248684,37.008019],[116.258856,37.010098],[116.273382,37.00504],[116.282559,36.996795],[116.308278,36.990148],[116.316819,36.980586],[116.316455,36.972842],[116.322877,36.969361],[116.332393,36.969802],[116.335454,36.979714],[116.341012,36.980345],[116.360685,36.971225],[116.359754,36.966208],[116.36872,36.961942],[116.38322,36.970994],[116.401553,36.97048],[116.409371,36.976268],[116.423046,36.977749],[116.429078,36.976842],[116.426345,36.967832],[116.434279,36.957242],[116.443662,36.952352],[116.450993,36.953897],[116.464928,36.946363],[116.464781,36.939465],[116.449135,36.936041],[116.440764,36.938832],[116.439076,36.923604],[116.449098,36.903708],[116.436365,36.899413],[116.435518,36.905916],[116.427926,36.907989],[116.415519,36.902327],[116.411596,36.878425],[116.428268,36.875263],[116.422111,36.863288],[116.406296,36.85866],[116.401189,36.846174],[116.403642,36.837753],[116.397161,36.825113],[116.403439,36.806562],[116.392567,36.809137],[116.375038,36.802918],[116.370669,36.796178],[116.390277,36.791926],[116.394202,36.784358],[116.394299,36.757015],[116.402216,36.744442],[116.388148,36.740798],[116.380468,36.722196],[116.39303,36.717712],[116.395602,36.70082],[116.390204,36.696353],[116.401004,36.677136],[116.399218,36.666246],[116.407674,36.653884],[116.397296,36.620125],[116.40928,36.617305],[116.410982,36.608046],[116.403143,36.600536],[116.402619,36.579432],[116.392008,36.575643],[116.397001,36.551965],[116.390936,36.540021],[116.392832,36.525178],[116.441005,36.492471],[116.456186,36.476011],[116.451232,36.461913],[116.455795,36.447889],[116.471061,36.443641],[116.485505,36.454712],[116.50169,36.448099],[116.50629,36.429894],[116.518243,36.423486],[116.526834,36.426757],[116.530721,36.418712],[116.539449,36.418705],[116.541037,36.408362],[116.514408,36.385032],[116.497625,36.375286],[116.478515,36.340079],[116.446621,36.341468],[116.437653,36.333083],[116.434677,36.318381],[116.399207,36.32109],[116.351735,36.299516],[116.332297,36.297613],[116.322979,36.292582],[116.304386,36.270946],[116.304001,36.263012],[116.282563,36.243309],[116.275444,36.225834],[116.250667,36.208547],[116.216304,36.169809],[116.163069,36.171829],[116.157599,36.160614],[116.150781,36.159038],[116.147011,36.139763],[116.119803,36.136977],[116.101296,36.1275],[116.105963,36.116256],[116.092756,36.110466],[116.056313,36.104996],[116.017357,36.063339],[115.997414,36.052116],[115.940926,36.037064],[115.925438,36.025852],[115.890267,36.024941],[115.85331,36.00663],[115.828773,36.014641],[115.803116,36.010052],[115.748497,35.974121],[115.727875,35.969246],[115.708435,35.970341],[115.685959,35.963493],[115.675331,35.94376],[115.64481,35.930572],[115.644783,35.930561],[115.630081,35.924862],[115.585121,35.925056],[115.542869,35.897644],[115.509888,35.893654],[115.467041,35.874565],[115.430679,35.851151],[115.398872,35.810253],[115.355408,35.784447],[115.340473,35.797834],[115.331925,35.804111],[115.327683,35.819645],[115.331161,35.857971],[115.3395,35.878025],[115.35524,35.894043],[115.36087,35.909248],[115.347183,35.946892],[115.348495,35.966393],[115.361259,35.977104],[115.393517,35.986221],[115.410667,35.996387],[115.428848,36],[115.440292,36.013302],[115.446083,36.070293],[115.480919,36.126602],[115.47287,36.169361],[115.476486,36.215961],[115.464416,36.25782],[115.426086,36.284245],[115.415977,36.323589],[115.408882,36.326309],[115.388511,36.322338],[115.360565,36.308712],[115.355171,36.31052],[115.353706,36.318527],[115.364388,36.332542],[115.362625,36.342381],[115.343521,36.362904],[115.342721,36.381792],[115.333954,36.397892],[115.293884,36.412132],[115.29287,36.417004],[115.306038,36.437931],[115.2994,36.453239],[115.301781,36.465019],[115.283707,36.458782],[115.288734,36.473652],[115.279024,36.478546],[115.276085,36.484638],[115.28846,36.514191],[115.322304,36.545811],[115.328842,36.559593],[115.33374,36.599659],[115.34465,36.607201],[115.336601,36.61306],[115.348854,36.622032],[115.36412,36.623791],[115.385223,36.655567],[115.39724,36.659256],[115.399521,36.66851],[115.41259,36.683006],[115.435936,36.691905],[115.445068,36.697121],[115.449814,36.717468],[115.472165,36.75026],[115.480476,36.761971],[115.496025,36.768993],[115.517036,36.765915],[115.529663,36.774193],[115.582413,36.779427],[115.650208,36.810635],[115.681618,36.81525],[115.680023,36.837868],[115.700417,36.876667],[115.730637,36.892323],[115.742607,36.907749],[115.759518,36.920363],[115.766875,36.919872],[115.773699,36.912812],[115.773739,36.904636],[115.77973,36.904006],[115.779326,36.910939],[115.786602,36.914101],[115.812395,36.908159],[115.826414,36.915046],[115.846522,36.915978],[115.852894,36.908129],[115.845523,36.908902],[115.84625,36.905989],[115.860783,36.900859],[115.867218,36.904569],[115.870412,36.916363],[115.875662,36.91808],[115.880091,36.904824],[115.899436,36.898261],[115.903877,36.891405],[115.928002,36.888701],[115.934082,36.890141],[115.929627,36.893357],[115.936219,36.89377],[115.944607,36.883865],[115.956884,36.881467],[115.973359,36.892811],[115.987292,36.883345],[116.001096,36.88139],[116.03411,36.89025],[116.06041,36.888367],[116.066671,36.890189],[116.076264,36.884093],[116.091083,36.883112],[116.091226,36.890559],[116.109579,36.897721],[116.118082,36.88979],[116.132721,36.899516],[116.140648,36.910618],[116.16361,36.919968],[116.168793,36.930693],[116.165363,36.933407],[116.167619,36.945765],[116.193422,36.965126],[116.205779,36.962617],[116.210753,36.979832],[116.204146,36.987413],[116.228529,37.000695],[116.229082,37.008032],[116.216537,37.009821],[116.220588,37.026948],[116.227515,37.031483],[116.244686,37.02503],[116.243755,37.014197]]]]}},{"type":"Feature","properties":{"name":"济宁市","code":"370800","gb":"156370800","province":"山东省","label":[116.73135040209402,35.375329253863626]},"geometry":{"type":"MultiPolygon","coordinates":[[[[116.054266,35.98102],[116.059963,35.966169],[116.065291,35.965659],[116.055555,35.953479],[116.04187,35.953791],[116.041691,35.94178],[116.066257,35.939955],[116.077731,35.90937],[116.099353,35.903596],[116.116917,35.887927],[116.134718,35.894358],[116.148578,35.886579],[116.161078,35.906408],[116.17906,35.901495],[116.180736,35.894572],[116.19875,35.889287],[116.207448,35.882659],[116.206864,35.878329],[116.214376,35.877444],[116.21658,35.891591],[116.228153,35.892464],[116.22864,35.846772],[116.265453,35.805385],[116.302921,35.807678],[116.291967,35.792963],[116.295906,35.777588],[116.323405,35.780243],[116.323844,35.797178],[116.33528,35.796654],[116.338563,35.806823],[116.348157,35.811649],[116.354673,35.811178],[116.356495,35.795368],[116.367865,35.793536],[116.373873,35.796087],[116.37531,35.802175],[116.384023,35.803386],[116.387255,35.794253],[116.403806,35.787838],[116.415844,35.804855],[116.420162,35.796571],[116.429595,35.795768],[116.424645,35.809146],[116.45118,35.81419],[116.451124,35.825269],[116.457538,35.833776],[116.47174,35.839389],[116.510742,35.83897],[116.537948,35.849884],[116.546959,35.865215],[116.552043,35.891069],[116.568095,35.901423],[116.59136,35.905658],[116.596539,35.919039],[116.614633,35.936012],[116.639765,35.938583],[116.66049,35.937829],[116.674703,35.925719],[116.664955,35.925782],[116.654859,35.912034],[116.653419,35.907921],[116.662836,35.901359],[116.660473,35.894234],[116.647511,35.893575],[116.639351,35.880757],[116.633078,35.878474],[116.617642,35.879009],[116.604472,35.853586],[116.632719,35.830814],[116.655858,35.829987],[116.660547,35.822297],[116.6657,35.825675],[116.67876,35.820722],[116.67278,35.798687],[116.687037,35.785253],[116.661365,35.756854],[116.633524,35.7602],[116.615103,35.755281],[116.605046,35.718619],[116.608405,35.703782],[116.662088,35.712454],[116.687203,35.723085],[116.69551,35.722288],[116.690205,35.708108],[116.693853,35.704324],[116.745422,35.692306],[116.754442,35.706246],[116.769357,35.702962],[116.767399,35.689311],[116.776545,35.677411],[116.789391,35.676734],[116.805205,35.684053],[116.802662,35.695514],[116.808161,35.705978],[116.816247,35.705229],[116.855961,35.680429],[116.868254,35.681661],[116.878408,35.700115],[116.904255,35.700204],[116.949282,35.71913],[116.949992,35.728208],[116.93681,35.737129],[116.939067,35.747433],[116.973173,35.759866],[116.978557,35.774145],[116.991286,35.783114],[116.98721,35.795533],[116.989524,35.803404],[116.998007,35.808787],[117.013998,35.805511],[117.012289,35.801131],[117.019876,35.796416],[117.050604,35.799026],[117.057771,35.791473],[117.065744,35.790053],[117.067387,35.796214],[117.078511,35.803211],[117.090916,35.803563],[117.104199,35.787919],[117.131242,35.784552],[117.13426,35.778065],[117.119406,35.765761],[117.169359,35.779516],[117.192565,35.774776],[117.209041,35.779762],[117.221562,35.773168],[117.256574,35.768111],[117.280416,35.780385],[117.300181,35.800015],[117.312584,35.792336],[117.323214,35.798239],[117.331372,35.792758],[117.335867,35.780218],[117.342389,35.782083],[117.36966,35.774128],[117.379469,35.76696],[117.38761,35.766452],[117.409348,35.776977],[117.421785,35.769039],[117.431773,35.74378],[117.460824,35.737906],[117.467703,35.727408],[117.481908,35.72265],[117.484804,35.707967],[117.506655,35.71226],[117.522658,35.710654],[117.525801,35.702455],[117.512586,35.693302],[117.516248,35.68181],[117.529092,35.680586],[117.544633,35.662999],[117.572501,35.647117],[117.588199,35.633022],[117.578162,35.609254],[117.579625,35.596011],[117.575848,35.58489],[117.581673,35.574184],[117.588722,35.570445],[117.585287,35.560335],[117.572178,35.552064],[117.569245,35.555565],[117.544738,35.553109],[117.530321,35.54659],[117.531864,35.542463],[117.512042,35.550877],[117.492904,35.552219],[117.489997,35.54061],[117.497959,35.529443],[117.509887,35.530861],[117.517132,35.52241],[117.509849,35.511965],[117.487447,35.504085],[117.466149,35.513877],[117.462233,35.512311],[117.455014,35.494382],[117.440742,35.494383],[117.434803,35.468314],[117.419103,35.462985],[117.424428,35.454585],[117.44878,35.441598],[117.448025,35.434233],[117.460457,35.427065],[117.470269,35.400386],[117.456632,35.3935],[117.454022,35.385286],[117.463916,35.380293],[117.453346,35.36777],[117.433624,35.361847],[117.43094,35.355132],[117.439393,35.335597],[117.437706,35.322125],[117.45982,35.325033],[117.47529,35.314578],[117.457174,35.289146],[117.433321,35.283409],[117.411433,35.271777],[117.396325,35.286518],[117.400387,35.293926],[117.393161,35.304375],[117.356136,35.319854],[117.310036,35.319732],[117.304113,35.311829],[117.307424,35.301243],[117.301234,35.296916],[117.302876,35.290612],[117.287027,35.30257],[117.273604,35.305728],[117.272616,35.295282],[117.254227,35.286232],[117.253034,35.277962],[117.264526,35.267813],[117.265572,35.261154],[117.260582,35.255478],[117.228544,35.2618],[117.224854,35.258201],[117.201368,35.261405],[117.196336,35.253687],[117.173517,35.242725],[117.148123,35.232435],[117.133931,35.236069],[117.121207,35.232241],[117.111878,35.229068],[117.107688,35.2205],[117.095147,35.216817],[117.078708,35.219724],[117.074798,35.229125],[117.058258,35.227746],[117.041036,35.215065],[117.036901,35.223242],[117.020502,35.221894],[117.008575,35.216916],[117.006288,35.210231],[116.995391,35.201958],[116.938175,35.173521],[116.930345,35.1736],[116.924302,35.179963],[116.899447,35.176474],[116.892542,35.196619],[116.871071,35.188804],[116.854882,35.164614],[116.82769,35.185332],[116.806653,35.175835],[116.811414,35.171975],[116.809058,35.158395],[116.821379,35.145856],[116.818071,35.135765],[116.824045,35.126286],[116.838598,35.119149],[116.866353,35.092462],[116.883228,35.095502],[116.896822,35.06761],[116.89587,35.055682],[116.901493,35.052813],[116.903692,35.05714],[116.90736,35.05171],[116.903873,35.046908],[116.91772,35.043637],[116.914348,35.031962],[116.938887,35.022571],[116.94774,35.014574],[116.949038,35.002762],[116.955953,35.000581],[116.955193,34.994892],[116.941746,34.985514],[116.937696,34.974403],[116.94137,34.963002],[116.958274,34.961651],[116.95856,34.95512],[116.967922,34.947287],[116.968279,34.934601],[116.97787,34.934709],[116.994228,34.943479],[117.011307,34.942356],[117.01307,34.938379],[117.030679,34.941351],[117.037749,34.92578],[117.05526,34.929495],[117.067986,34.92724],[117.080092,34.937379],[117.097676,34.938006],[117.105533,34.919926],[117.102317,34.915976],[117.104309,34.905923],[117.112245,34.907267],[117.117437,34.895788],[117.116042,34.872354],[117.120061,34.858405],[117.133394,34.853898],[117.130561,34.850449],[117.133109,34.846117],[117.144035,34.843521],[117.151408,34.830432],[117.17192,34.830109],[117.183656,34.820732],[117.187154,34.813407],[117.173871,34.801314],[117.167792,34.801302],[117.15732,34.783995],[117.171701,34.7805],[117.172543,34.786152],[117.185985,34.782556],[117.230235,34.746675],[117.228927,34.74005],[117.235075,34.731707],[117.248483,34.723959],[117.268076,34.728108],[117.270901,34.727172],[117.266416,34.72122],[117.271595,34.717806],[117.306887,34.71849],[117.318662,34.698257],[117.328024,34.693474],[117.321394,34.67945],[117.327101,34.674181],[117.338129,34.674862],[117.354133,34.663824],[117.347258,34.655411],[117.36459,34.650382],[117.363724,34.637802],[117.370597,34.628042],[117.375698,34.624303],[117.381623,34.62773],[117.379007,34.631867],[117.384015,34.632155],[117.39662,34.629475],[117.405787,34.622266],[117.403252,34.611766],[117.391822,34.604703],[117.390145,34.581508],[117.352501,34.594639],[117.333138,34.582741],[117.312599,34.576382],[117.310676,34.569775],[117.320274,34.573658],[117.317947,34.563614],[117.303963,34.568565],[117.304901,34.556831],[117.296196,34.561645],[117.285774,34.558006],[117.293854,34.551373],[117.280884,34.539074],[117.262207,34.537251],[117.267845,34.524941],[117.265518,34.507545],[117.253731,34.504169],[117.256989,34.4949],[117.248573,34.463196],[117.239586,34.467785],[117.240074,34.458588],[117.234108,34.454834],[117.224777,34.457592],[117.215218,34.454388],[117.202629,34.459064],[117.212265,34.471912],[117.196075,34.461983],[117.185303,34.478321],[117.167687,34.48243],[117.174729,34.492588],[117.181893,34.491264],[117.185295,34.500595],[117.163666,34.493778],[117.155914,34.502003],[117.143608,34.529858],[117.14827,34.556558],[117.152107,34.564781],[117.143456,34.578999],[117.122742,34.640015],[117.078026,34.64143],[117.066933,34.645798],[117.059456,34.65612],[117.058083,34.667591],[117.067833,34.697865],[117.079743,34.708878],[117.074791,34.718407],[117.06015,34.729313],[117.058746,34.752308],[117.044144,34.756783],[117.048042,34.772533],[117.007263,34.801033],[116.994492,34.802246],[116.997498,34.808605],[116.982224,34.818142],[116.970085,34.870071],[116.961975,34.869339],[116.95816,34.877258],[116.913643,34.882057],[116.90612,34.895355],[116.847084,34.928562],[116.817291,34.928528],[116.807976,34.969639],[116.799317,34.974125],[116.803337,34.929432],[116.793045,34.932697],[116.794548,34.97538],[116.78109,34.980484],[116.781864,34.975418],[116.784256,34.966087],[116.77848,34.968601],[116.780991,34.959309],[116.792038,34.952282],[116.791283,34.942238],[116.781746,34.947258],[116.774216,34.917133],[116.748856,34.908092],[116.744842,34.909348],[116.746849,34.918388],[116.729538,34.925484],[116.697746,34.935299],[116.697784,34.941025],[116.686867,34.935112],[116.617996,34.937904],[116.608215,34.934502],[116.598389,34.923538],[116.57605,34.917885],[116.459694,34.89851],[116.449593,34.898449],[116.448029,34.903408],[116.439735,34.893738],[116.432587,34.880402],[116.412926,34.866096],[116.40591,34.850833],[116.387944,34.849803],[116.380948,34.858684],[116.331577,34.86119],[116.319372,34.872297],[116.304625,34.870152],[116.271847,34.877064],[116.269692,34.88908],[116.260627,34.891111],[116.259215,34.902],[116.254527,34.905551],[116.246539,34.905489],[116.239715,34.902125],[116.240057,34.897537],[116.230638,34.896358],[116.214886,34.907753],[116.196976,34.913616],[116.18929,34.935527],[116.176125,34.939528],[116.149336,34.941724],[116.149269,34.950739],[116.160982,34.957789],[116.165388,34.968247],[116.147834,34.978318],[116.147225,34.993451],[116.137074,34.99183],[116.125572,35.00011],[116.126217,35.006603],[116.118765,35.01829],[116.109033,35.019569],[116.107218,35.02555],[116.107263,35.053638],[116.116772,35.047863],[116.12665,35.048059],[116.133773,35.056311],[116.135256,35.067703],[116.140639,35.067808],[116.144677,35.074529],[116.146075,35.085713],[116.133584,35.091105],[116.134779,35.100565],[116.144144,35.105128],[116.152904,35.109843],[116.181689,35.113205],[116.199347,35.126921],[116.190421,35.129806],[116.193587,35.140189],[116.218875,35.173075],[116.208019,35.180842],[116.206872,35.194502],[116.22469,35.191845],[116.226831,35.205383],[116.247098,35.188796],[116.259173,35.190473],[116.267182,35.201155],[116.27739,35.235165],[116.281273,35.235856],[116.281077,35.245028],[116.273601,35.253201],[116.268858,35.268371],[116.259423,35.272986],[116.248091,35.272292],[116.241186,35.266511],[116.217856,35.265089],[116.2127,35.278965],[116.192156,35.30527],[116.183256,35.307506],[116.184238,35.315018],[116.192468,35.319218],[116.194123,35.33418],[116.209702,35.343198],[116.213416,35.355708],[116.221937,35.3574],[116.225957,35.365274],[116.214639,35.393599],[116.208742,35.394097],[116.205128,35.400558],[116.213269,35.415351],[116.211371,35.432327],[116.198828,35.436281],[116.20038,35.443262],[116.182357,35.477399],[116.169512,35.463183],[116.172717,35.450399],[116.153986,35.446073],[116.151151,35.446993],[116.155133,35.471692],[116.128877,35.471646],[116.125902,35.490569],[116.112856,35.490165],[116.118536,35.507321],[116.122412,35.507583],[116.122538,35.532444],[116.105884,35.56678],[116.117015,35.582832],[116.127498,35.581647],[116.13069,35.588704],[116.103368,35.597712],[116.107496,35.598622],[116.112042,35.619961],[116.126048,35.626425],[116.129016,35.633143],[116.1257,35.642413],[116.110535,35.645808],[116.109248,35.665906],[116.11467,35.675977],[116.108507,35.687416],[116.101562,35.688247],[116.098293,35.679203],[116.085994,35.680308],[116.091053,35.687505],[116.087367,35.700776],[116.068984,35.703179],[116.06666,35.724408],[116.038216,35.738716],[116.036686,35.754577],[116.00891,35.752805],[116.009646,35.759315],[115.989309,35.775101],[115.96895,35.772606],[115.934254,35.796927],[115.9187,35.797352],[115.918546,35.805949],[115.911229,35.810304],[115.886171,35.805548],[115.86796,35.814187],[115.879741,35.839545],[115.873747,35.840925],[115.871348,35.846589],[115.869525,35.864996],[115.882255,35.897251],[115.87793,35.908688],[115.86573,35.908943],[115.864853,35.914314],[115.89901,35.928524],[115.900925,35.951477],[115.908569,35.962132],[115.979614,35.974976],[116.032623,35.967598],[116.039726,35.97142],[116.043518,35.982479],[116.054266,35.98102]]]]}},{"type":"Feature","properties":{"name":"郑州市","code":"410100","gb":"156410100","province":"河南省","label":[113.46763210815791,34.6271724537141]},"geometry":{"type":"MultiPolygon","coordinates":[[[[113.850788,34.883219],[113.896996,34.8811],[113.93337,34.885089],[114.000779,34.940037],[114.03276,34.95014],[114.111419,34.952968],[114.206024,34.912568],[114.199804,34.880954],[114.201198,34.871061],[114.204765,34.869863],[114.195494,34.847376],[114.198789,34.843727],[114.192326,34.82335],[114.17894,34.81876],[114.164731,34.821036],[114.159226,34.830014],[114.147752,34.829611],[114.13364,34.828125],[114.120653,34.821231],[114.114414,34.824315],[114.111291,34.819176],[114.114036,34.803197],[114.129792,34.802333],[114.139582,34.796654],[114.147231,34.783163],[114.164882,34.777014],[114.167232,34.764583],[114.160544,34.760042],[114.151649,34.761235],[114.133379,34.728438],[114.14307,34.708806],[114.154687,34.717991],[114.162822,34.715939],[114.151702,34.690741],[114.155621,34.683169],[114.153124,34.670812],[114.149575,34.662861],[114.140056,34.65638],[114.154902,34.640472],[114.14702,34.631825],[114.145871,34.615889],[114.149521,34.60938],[114.139694,34.605508],[114.139962,34.615714],[114.129818,34.618826],[114.121152,34.616056],[114.120019,34.608954],[114.13136,34.606857],[114.127897,34.592177],[114.124347,34.592806],[114.126823,34.601698],[114.122502,34.595105],[114.126271,34.580718],[114.11207,34.566433],[114.102217,34.566118],[114.096913,34.548835],[114.099137,34.525523],[114.08707,34.512063],[114.08385,34.514302],[114.085398,34.502019],[114.093431,34.491382],[114.089176,34.47656],[114.067862,34.479914],[114.054024,34.498397],[114.04282,34.505092],[114.017919,34.505653],[114.017466,34.494919],[114.009404,34.484093],[113.992363,34.486592],[113.989857,34.482143],[113.991825,34.463803],[113.998854,34.463925],[113.999391,34.470386],[114.014498,34.464072],[114.015383,34.44808],[113.998696,34.439845],[113.982516,34.436376],[113.953023,34.440313],[113.943241,34.435663],[113.939948,34.436885],[113.944098,34.45296],[113.935531,34.457757],[113.927636,34.456067],[113.921954,34.438438],[113.917967,34.438156],[113.906718,34.44521],[113.907258,34.453651],[113.900458,34.458447],[113.879823,34.431079],[113.871252,34.405994],[113.87238,34.383011],[113.882279,34.3746],[113.873453,34.363223],[113.873857,34.357267],[113.883567,34.348486],[113.882929,34.331687],[113.831427,34.325965],[113.8145,34.329239],[113.804736,34.33863],[113.793673,34.336883],[113.786815,34.334477],[113.786269,34.324345],[113.760468,34.313264],[113.728899,34.320247],[113.724575,34.311885],[113.712222,34.305986],[113.708919,34.291053],[113.696435,34.292518],[113.695171,34.28735],[113.699058,34.285223],[113.69279,34.277412],[113.687274,34.27609],[113.679002,34.284418],[113.673157,34.284288],[113.66557,34.277257],[113.655795,34.275893],[113.640388,34.284967],[113.612172,34.310675],[113.581642,34.321067],[113.561109,34.320852],[113.546297,34.313415],[113.523565,34.319248],[113.504779,34.344376],[113.495569,34.339549],[113.479952,34.344667],[113.459619,34.335643],[113.44393,34.338298],[113.424295,34.351352],[113.408025,34.3505],[113.402548,34.36139],[113.407875,34.375626],[113.369024,34.37772],[113.361908,34.380923],[113.360008,34.392563],[113.341416,34.405794],[113.322767,34.406388],[113.309356,34.394611],[113.314737,34.384893],[113.306575,34.372917],[113.309752,34.35373],[113.271004,34.352806],[113.271047,34.343433],[113.262469,34.338789],[113.222253,34.338312],[113.204182,34.312736],[113.18834,34.312756],[113.173703,34.287626],[113.147833,34.267377],[113.131995,34.274491],[113.104902,34.264049],[113.076681,34.267451],[113.063043,34.284228],[113.03324,34.280694],[113.000439,34.301772],[112.983493,34.297882],[112.939414,34.300256],[112.907255,34.295045],[112.886484,34.301556],[112.851373,34.304232],[112.834967,34.299492],[112.834108,34.312521],[112.848224,34.319109],[112.836669,34.326017],[112.836561,34.337068],[112.819833,34.333697],[112.803478,34.340768],[112.782265,34.333674],[112.77882,34.346464],[112.770172,34.346167],[112.753848,34.348567],[112.751487,34.358564],[112.726184,34.352396],[112.72437,34.378613],[112.714796,34.38291],[112.716148,34.389082],[112.727059,34.395468],[112.729013,34.406684],[112.723343,34.408063],[112.721726,34.417175],[112.730196,34.425319],[112.736629,34.444396],[112.737171,34.469084],[112.731576,34.492986],[112.762975,34.496655],[112.769254,34.502075],[112.80197,34.481089],[112.850804,34.480655],[112.859521,34.474839],[112.886716,34.477944],[112.901305,34.469108],[112.91672,34.479255],[112.914017,34.48803],[112.923755,34.528728],[112.974271,34.535429],[112.962322,34.547174],[112.889297,34.548779],[112.870454,34.561038],[112.855526,34.585727],[112.830139,34.59503],[112.833286,34.604928],[112.847557,34.60818],[112.847681,34.617296],[112.839521,34.624925],[112.819195,34.626606],[112.819408,34.630056],[112.837932,34.630465],[112.840443,34.641924],[112.826741,34.654965],[112.829956,34.668882],[112.821328,34.674347],[112.820672,34.694391],[112.863605,34.710701],[112.894539,34.694221],[112.910696,34.71221],[112.927045,34.713927],[112.933047,34.724293],[112.904895,34.738088],[112.894789,34.753925],[112.909039,34.758624],[112.910698,34.76397],[112.890191,34.784592],[112.881793,34.785276],[112.880526,34.778885],[112.876269,34.778311],[112.865241,34.785998],[112.86163,34.782943],[112.844149,34.785713],[112.839431,34.772747],[112.824483,34.771566],[112.805378,34.783534],[112.805359,34.800164],[112.807844,34.833461],[112.835255,34.815549],[112.845276,34.814475],[112.859346,34.825157],[112.86986,34.842563],[112.890459,34.84992],[112.902397,34.846285],[112.914882,34.832027],[112.924591,34.8297],[113.000064,34.862114],[113.048856,34.857043],[113.097121,34.872954],[113.102688,34.859939],[113.114735,34.855704],[113.138522,34.856749],[113.142338,34.857065],[113.134072,34.885486],[113.217621,34.908553],[113.250591,34.946875],[113.353759,34.978125],[113.45149,34.984173],[113.510399,34.971422],[113.537137,34.966681],[113.580032,34.945766],[113.594211,34.934377],[113.622249,34.930122],[113.63347,34.924113],[113.685494,34.918341],[113.717981,34.902877],[113.790847,34.890993],[113.850788,34.883219]]]]}},{"type":"Feature","properties":{"name":"通辽市","code":"150500","gb":"156150500","province":"内蒙古自治区","label":[121.57015895461765,43.81635360388785]},"geometry":{"type":"MultiPolygon","coordinates":[[[[119.748838,45.577926],[119.784424,45.562499],[119.812195,45.571064],[119.829919,45.567711],[119.856259,45.556685],[119.866353,45.546155],[119.88407,45.557838],[119.908696,45.558794],[119.908714,45.541824],[119.914674,45.524512],[119.904985,45.514311],[119.901832,45.502242],[119.925885,45.493292],[119.936148,45.5009],[119.959511,45.493362],[119.968851,45.484684],[119.987908,45.482624],[120.012727,45.48877],[120.025505,45.500399],[120.022555,45.52366],[120.015123,45.534362],[120.00764,45.543089],[119.988204,45.550222],[119.992347,45.563036],[119.990069,45.577562],[120.021351,45.593212],[120.049563,45.586847],[120.075489,45.592376],[120.100131,45.592167],[120.11175,45.58656],[120.133014,45.585264],[120.147578,45.586487],[120.159194,45.592912],[120.183197,45.583159],[120.191452,45.57335],[120.202767,45.577154],[120.212251,45.57515],[120.263262,45.550244],[120.271445,45.551466],[120.274678,45.55786],[120.313086,45.554326],[120.321585,45.548351],[120.321673,45.538017],[120.339163,45.51737],[120.368041,45.516756],[120.411236,45.499772],[120.413249,45.482536],[120.419206,45.480387],[120.421836,45.46942],[120.428798,45.462392],[120.458131,45.464647],[120.464076,45.459989],[120.484499,45.46061],[120.491624,45.459116],[120.505204,45.441945],[120.517521,45.445197],[120.54314,45.419659],[120.554081,45.414626],[120.549002,45.403802],[120.546359,45.363837],[120.556345,45.35154],[120.58122,45.348059],[120.638685,45.314789],[120.654708,45.296001],[120.693933,45.275159],[120.734906,45.259638],[120.801414,45.248892],[120.82219,45.251293],[120.829622,45.214649],[120.882288,45.214323],[120.906791,45.198975],[120.944317,45.194818],[120.962016,45.182377],[120.973118,45.167905],[120.967094,45.164986],[120.967199,45.155111],[120.952316,45.127394],[120.94002,45.121204],[120.955622,45.113728],[120.967144,45.11685],[120.977804,45.11188],[120.981111,45.106228],[120.977056,45.078245],[120.971603,45.070414],[120.989411,45.055812],[120.996811,45.040925],[120.996454,45.030461],[121.02728,44.996412],[121.046366,45.001734],[121.069299,44.980368],[121.095913,44.978246],[121.123497,44.961354],[121.164538,44.955407],[121.234099,44.932249],[121.301095,44.894771],[121.345916,44.875948],[121.374888,44.849605],[121.395507,44.849214],[121.414076,44.816031],[121.404175,44.808342],[121.403076,44.788847],[121.52421,44.718624],[121.528495,44.690436],[121.542041,44.66688],[121.595243,44.654338],[121.597609,44.645143],[121.579744,44.638161],[121.593326,44.622726],[121.598314,44.607555],[121.619878,44.585423],[121.62477,44.585053],[121.637347,44.56747],[121.645486,44.561473],[121.659567,44.559897],[121.66254,44.549728],[121.693894,44.530957],[121.743071,44.486795],[121.75412,44.476405],[121.772562,44.444656],[121.816784,44.427675],[121.823792,44.409642],[121.848413,44.410979],[121.877056,44.400276],[121.928404,44.349569],[121.928831,44.341688],[121.977071,44.328673],[122.013307,44.301999],[122.079183,44.281394],[122.099785,44.270097],[122.128684,44.265197],[122.158347,44.253318],[122.220616,44.261657],[122.263557,44.253822],[122.309906,44.230957],[122.477379,44.234337],[122.509636,44.248676],[122.614304,44.276634],[122.666641,44.283806],[122.683128,44.294559],[122.684563,44.301727],[122.701767,44.322517],[122.753395,44.366856],[122.857338,44.400661],[123.028893,44.495296],[123.057907,44.503262],[123.117981,44.506184],[123.127884,44.499279],[123.129585,44.486195],[123.117638,44.474247],[123.116073,44.455189],[123.133713,44.425606],[123.127739,44.400574],[123.106407,44.400005],[123.123474,44.359611],[123.141106,44.358757],[123.1633,44.347664],[123.189178,44.34169],[123.269112,44.250095],[123.279068,44.208565],[123.308373,44.186943],[123.315483,44.176704],[123.382103,44.160046],[123.374931,44.138302],[123.352287,44.128204],[123.346191,44.103813],[123.333321,44.087215],[123.320786,44.08078],[123.320883,44.062871],[123.313118,44.049057],[123.318901,44.032299],[123.351257,44.015545],[123.361077,43.999943],[123.391121,43.975678],[123.363388,43.967011],[123.380722,43.949677],[123.404411,43.935234],[123.421166,43.914433],[123.436188,43.874569],[123.465042,43.867706],[123.472496,43.857594],[123.465286,43.836422],[123.465874,43.81744],[123.488594,43.783142],[123.489975,43.77182],[123.477753,43.738339],[123.498787,43.727581],[123.517418,43.697628],[123.515595,43.676823],[123.527352,43.663742],[123.533188,43.645058],[123.529549,43.633686],[123.536934,43.629402],[123.535423,43.623478],[123.527016,43.618622],[123.516251,43.617485],[123.50309,43.593674],[123.480987,43.588829],[123.447563,43.594002],[123.415489,43.608894],[123.412895,43.595257],[123.42588,43.572205],[123.449585,43.568634],[123.453156,43.562462],[123.44439,43.542656],[123.395355,43.555645],[123.34317,43.562614],[123.298406,43.548233],[123.298401,43.532032],[123.321632,43.515766],[123.308121,43.489208],[123.327126,43.477959],[123.356842,43.479839],[123.367455,43.473595],[123.378876,43.459793],[123.387115,43.438671],[123.405556,43.423004],[123.41243,43.407387],[123.434914,43.417381],[123.434288,43.435493],[123.478638,43.442364],[123.511116,43.399895],[123.517357,43.396145],[123.524857,43.398644],[123.537346,43.411758],[123.571701,43.378658],[123.601677,43.363667],[123.696838,43.370869],[123.694008,43.356197],[123.711868,43.35532],[123.699341,43.342094],[123.704292,43.3335],[123.701568,43.321651],[123.714539,43.31012],[123.692978,43.305126],[123.696655,43.296104],[123.682175,43.287964],[123.679443,43.28299],[123.699257,43.277252],[123.6921,43.271465],[123.654717,43.262711],[123.652878,43.256569],[123.66198,43.256813],[123.676216,43.245716],[123.667236,43.219803],[123.65451,43.215515],[123.646316,43.207226],[123.647331,43.201702],[123.665322,43.190746],[123.665039,43.184338],[123.661934,43.177761],[123.65123,43.176407],[123.645172,43.145386],[123.634308,43.140366],[123.630997,43.100338],[123.623756,43.077591],[123.612358,43.074188],[123.595451,43.059219],[123.597435,43.047028],[123.606766,43.046127],[123.609367,43.041256],[123.598404,43.040588],[123.571488,43.010033],[123.577827,42.997746],[123.561035,42.999268],[123.555597,43.006583],[123.531776,43.009094],[123.515808,43.035057],[123.485374,43.038769],[123.432121,43.03767],[123.417198,43.033775],[123.40892,43.026001],[123.351654,43.008942],[123.302536,42.997345],[123.249794,42.993176],[123.233101,42.979675],[123.215111,42.947865],[123.177475,42.927628],[123.180092,42.889484],[123.16317,42.85947],[123.16317,42.849129],[123.220062,42.828869],[123.214027,42.821976],[123.179306,42.823002],[123.159721,42.808182],[123.110888,42.798392],[123.080422,42.785988],[123.050255,42.766808],[123.023964,42.766163],[122.973541,42.775211],[122.964485,42.758404],[122.938194,42.751076],[122.925697,42.767456],[122.917938,42.769611],[122.87915,42.767456],[122.872253,42.757542],[122.875885,42.742943],[122.851341,42.723312],[122.844627,42.700577],[122.831451,42.703419],[122.827685,42.714744],[122.797607,42.738682],[122.792961,42.733387],[122.780434,42.733128],[122.78495,42.746948],[122.778755,42.7547],[122.758347,42.756119],[122.730446,42.767742],[122.721664,42.784534],[122.646782,42.779736],[122.617554,42.771248],[122.5737,42.787281],[122.562859,42.805195],[122.568359,42.816902],[122.559998,42.821915],[122.502038,42.833015],[122.423767,42.840088],[122.355217,42.833618],[122.344353,42.827766],[122.342674,42.819408],[122.363877,42.772945],[122.447159,42.771767],[122.45134,42.765915],[122.45385,42.754211],[122.433136,42.744209],[122.426346,42.725796],[122.392426,42.709316],[122.388313,42.701336],[122.390968,42.683632],[122.388062,42.680725],[122.353172,42.680725],[122.33136,42.667641],[122.32167,42.678787],[122.305191,42.678787],[122.300346,42.687508],[122.291138,42.689934],[122.261635,42.691227],[122.239555,42.707047],[122.202658,42.72362],[122.19326,42.726051],[122.197464,42.704475],[122.192642,42.691151],[122.185196,42.692707],[122.158844,42.685253],[122.133446,42.687729],[122.092651,42.704849],[122.077148,42.716583],[122.063072,42.716534],[122.051193,42.721954],[122.037636,42.710426],[122.023079,42.70507],[122.011299,42.702248],[121.985763,42.704826],[121.980324,42.693005],[121.972527,42.691422],[121.964706,42.698044],[121.95726,42.696392],[121.951172,42.68605],[121.930984,42.684536],[121.926735,42.67672],[121.935844,42.669231],[121.931603,42.660732],[121.919808,42.659733],[121.908417,42.651867],[121.911377,42.63884],[121.89534,42.630253],[121.911575,42.623734],[121.899277,42.614716],[121.908081,42.606308],[121.907089,42.587532],[121.890907,42.590385],[121.89798,42.572128],[121.857155,42.540226],[121.856087,42.527855],[121.84478,42.537609],[121.839409,42.522686],[121.823494,42.530113],[121.798797,42.501297],[121.79715,42.508377],[121.789986,42.510151],[121.788231,42.503498],[121.776566,42.496071],[121.739616,42.480415],[121.709496,42.445683],[121.692947,42.436104],[121.668564,42.437847],[121.658112,42.434364],[121.649406,42.440025],[121.63678,42.459183],[121.630684,42.47747],[121.620667,42.473549],[121.59803,42.490532],[121.603691,42.505772],[121.599289,42.512516],[121.586212,42.515362],[121.571495,42.506512],[121.55909,42.50684],[121.549622,42.498959],[121.523575,42.499371],[121.53035,42.485706],[121.493271,42.480038],[121.475929,42.494957],[121.43309,42.483028],[121.400246,42.482876],[121.391022,42.479332],[121.381554,42.473042],[121.377708,42.449387],[121.354202,42.457657],[121.34288,42.457222],[121.340263,42.451126],[121.328506,42.44416],[121.303688,42.437195],[121.297592,42.432404],[121.298904,42.409763],[121.292808,42.398441],[121.251442,42.374493],[121.224014,42.367962],[121.211388,42.36927],[121.207893,42.359815],[121.178726,42.3475],[121.180473,42.338791],[121.176552,42.329647],[121.143463,42.311794],[121.145203,42.306572],[121.138672,42.295685],[121.12561,42.296993],[121.112984,42.277832],[121.097305,42.28001],[121.0812,42.275658],[121.062042,42.249531],[121.040703,42.256935],[121.02207,42.247723],[120.975464,42.256374],[120.959877,42.261627],[120.949593,42.272385],[120.928673,42.277439],[120.922325,42.271797],[120.898819,42.26545],[120.883308,42.268742],[120.878771,42.265674],[120.875914,42.269753],[120.869511,42.266153],[120.855625,42.267741],[120.842342,42.276157],[120.850963,42.281385],[120.852495,42.289741],[120.836656,42.307568],[120.786937,42.339121],[120.797484,42.355067],[120.761585,42.364281],[120.763231,42.391107],[120.684726,42.428752],[120.679759,42.431573],[120.679696,42.436924],[120.659399,42.441129],[120.647716,42.463499],[120.615339,42.484684],[120.590494,42.511378],[120.596783,42.523028],[120.594021,42.530316],[120.565382,42.54115],[120.557331,42.555848],[120.558917,42.578864],[120.545538,42.583403],[120.559176,42.585298],[120.558994,42.59537],[120.548358,42.599185],[120.547931,42.591961],[120.539709,42.595048],[120.539508,42.603252],[120.506505,42.648489],[120.492914,42.68816],[120.452612,42.760503],[120.440745,42.818073],[120.422227,42.832578],[120.418669,42.852922],[120.414609,42.856067],[120.409793,42.85381],[120.409989,42.860468],[120.418382,42.86477],[120.390688,42.883235],[120.402579,42.905401],[120.4147,42.912457],[120.397292,42.934936],[120.422855,42.984093],[120.380621,42.982865],[120.355598,43.024614],[120.356713,43.039563],[120.349538,43.043379],[120.342821,43.054837],[120.36486,43.086087],[120.380042,43.09972],[120.401876,43.086035],[120.419493,43.096176],[120.4156,43.100164],[120.402927,43.097704],[120.404112,43.111909],[120.421781,43.115415],[120.426412,43.123863],[120.445807,43.128931],[120.456196,43.139729],[120.460915,43.150454],[120.45783,43.161844],[120.468374,43.180328],[120.483626,43.191309],[120.503727,43.19842],[120.54132,43.227355],[120.568304,43.238445],[120.571052,43.251937],[120.554768,43.249268],[120.553984,43.25501],[120.575308,43.260239],[120.5899,43.278596],[120.609489,43.28323],[120.614065,43.290582],[120.625044,43.293684],[120.623106,43.316997],[120.636868,43.324465],[120.653642,43.324078],[120.662754,43.328073],[120.711349,43.388921],[120.757644,43.40416],[120.764769,43.410438],[120.766536,43.425599],[120.733597,43.424804],[120.699809,43.408685],[120.675708,43.407002],[120.662957,43.399752],[120.639069,43.407582],[120.621996,43.405223],[120.603072,43.396823],[120.598181,43.390294],[120.498372,43.378081],[120.41738,43.376153],[120.426187,43.384882],[120.464433,43.398611],[120.517957,43.40464],[120.559477,43.426108],[120.594633,43.425318],[120.644099,43.447165],[120.66594,43.460639],[120.68849,43.486035],[120.744075,43.519646],[120.753837,43.541082],[120.801514,43.557057],[120.83549,43.578658],[120.85168,43.582139],[120.859595,43.591147],[120.929822,43.610123],[120.938864,43.616272],[120.938057,43.623495],[120.946207,43.630622],[120.980958,43.650946],[120.976545,43.658494],[120.962119,43.656727],[120.93428,43.69582],[120.91675,43.702037],[120.869868,43.737937],[120.863486,43.752467],[120.829497,43.786244],[120.781438,43.812087],[120.781076,43.832651],[120.792699,43.839306],[120.792312,43.847546],[120.79014,43.883407],[120.769282,43.901616],[120.769104,43.933519],[120.687633,44.035136],[120.689205,44.060257],[120.703439,44.07955],[120.729898,44.086745],[120.740399,44.111777],[120.700577,44.127882],[120.690009,44.14162],[120.683458,44.180787],[120.648103,44.183978],[120.651504,44.219666],[120.640664,44.232899],[120.568993,44.233315],[120.551572,44.258685],[120.498731,44.248546],[120.487382,44.250493],[120.476306,44.260039],[120.448689,44.260523],[120.402873,44.310065],[120.408374,44.31151],[120.40965,44.318036],[120.382083,44.336318],[120.370045,44.369951],[120.372315,44.384336],[120.333191,44.388882],[120.306102,44.416351],[120.317407,44.439688],[120.313986,44.448922],[120.303383,44.454542],[120.311497,44.463411],[120.306238,44.474243],[120.287656,44.485885],[120.295519,44.491486],[120.293193,44.502582],[120.280353,44.506657],[120.28085,44.515259],[120.272891,44.519757],[120.24712,44.523514],[120.227345,44.545188],[120.207367,44.549937],[120.200408,44.570034],[120.181497,44.58481],[120.160301,44.583309],[120.153296,44.590963],[120.152985,44.607258],[120.173976,44.632442],[120.144944,44.636385],[120.109102,44.650744],[120.092211,44.662498],[120.074386,44.693061],[120.075628,44.706643],[120.069429,44.725284],[120.030895,44.75625],[119.980646,44.788442],[119.97455,44.798743],[119.953112,44.810189],[119.91859,44.844766],[119.880214,44.86622],[119.857853,44.872089],[119.84462,44.892531],[119.745541,44.923977],[119.7107,44.981311],[119.702362,44.986359],[119.705345,45.004618],[119.674865,45.042016],[119.663587,45.081079],[119.647052,45.103936],[119.627505,45.120069],[119.614616,45.119638],[119.589531,45.132538],[119.582009,45.143945],[119.568097,45.154081],[119.501113,45.192736],[119.485324,45.221937],[119.331171,45.250184],[119.315379,45.243721],[119.314844,45.244119],[119.241411,45.301572],[119.306436,45.383584],[119.300066,45.433824],[119.312919,45.440322],[119.297344,45.466242],[119.38941,45.510461],[119.48914,45.5484],[119.552645,45.614372],[119.539754,45.633728],[119.559013,45.654062],[119.64997,45.621527],[119.748838,45.577926]]]]}},{"type":"Feature","properties":{"name":"晋中市","code":"140700","gb":"156140700","province":"山西省","label":[112.9621484262963,37.326281047803704]},"geometry":{"type":"MultiPolygon","coordinates":[[[[113.210666,38.091951],[113.229506,38.087823],[113.251574,38.089203],[113.254864,38.079162],[113.243209,38.055039],[113.254613,38.046999],[113.256401,38.027542],[113.280837,38.024669],[113.289511,38.013859],[113.282045,38.012373],[113.279191,37.99903],[113.292271,37.987749],[113.314751,37.987014],[113.338369,37.965877],[113.332728,37.961973],[113.326774,37.936581],[113.318395,37.928907],[113.319128,37.923065],[113.333406,37.908333],[113.326574,37.899001],[113.338082,37.886126],[113.335626,37.875148],[113.339644,37.869863],[113.349614,37.871388],[113.362941,37.845097],[113.361267,37.837945],[113.371088,37.828671],[113.39366,37.822211],[113.39412,37.808422],[113.404334,37.793818],[113.431872,37.770981],[113.435876,37.763661],[113.43551,37.737901],[113.442324,37.736025],[113.454279,37.718203],[113.461395,37.720081],[113.467029,37.714731],[113.47769,37.694238],[113.507372,37.697197],[113.510928,37.684903],[113.537943,37.672151],[113.551211,37.677945],[113.576477,37.673389],[113.590518,37.675282],[113.590206,37.679282],[113.596454,37.682062],[113.611995,37.682614],[113.627497,37.667425],[113.643343,37.665514],[113.651422,37.658825],[113.664882,37.661357],[113.696351,37.684733],[113.754221,37.682643],[113.764121,37.666285],[113.774296,37.666163],[113.773973,37.672014],[113.782791,37.679844],[113.804561,37.671167],[113.816747,37.672548],[113.844959,37.683566],[113.844952,37.690859],[113.866017,37.703351],[113.891647,37.71039],[113.935978,37.702164],[113.938337,37.696055],[113.948967,37.692488],[113.964773,37.677596],[113.982774,37.678567],[113.990414,37.703961],[114,37.703362],[114.008682,37.711616],[114.055183,37.721729],[114.081772,37.707932],[114.114548,37.700409],[114.12574,37.693783],[114.133301,37.67503],[114.124695,37.647415],[114.109085,37.624512],[114.116837,37.600574],[114.114937,37.595509],[114.053177,37.515087],[114.030388,37.493435],[114.021942,37.473831],[114.020012,37.446545],[114.008194,37.423912],[113.991531,37.420681],[113.967682,37.402557],[113.956042,37.36665],[113.953674,37.348473],[113.929392,37.33668],[113.915047,37.33025],[113.898102,37.315105],[113.892868,37.279087],[113.88073,37.259514],[113.88028,37.238735],[113.846871,37.214642],[113.830314,37.189037],[113.825645,37.167076],[113.813507,37.167164],[113.797027,37.158211],[113.766724,37.151363],[113.760933,37.144093],[113.76709,37.106445],[113.752236,37.078494],[113.762337,37.062054],[113.781838,37.05936],[113.783958,37.054516],[113.783783,37.042503],[113.765472,37.016388],[113.786428,36.997773],[113.785377,36.987282],[113.776161,36.980129],[113.77108,36.968155],[113.755249,36.955666],[113.786469,36.894398],[113.787636,36.881783],[113.780541,36.869793],[113.759003,36.852104],[113.748038,36.851902],[113.734482,36.853691],[113.729248,36.860702],[113.723961,36.885532],[113.712684,36.889],[113.69619,36.884899],[113.669937,36.855419],[113.668327,36.845173],[113.67775,36.824554],[113.667557,36.80732],[113.674606,36.789944],[113.64946,36.785564],[113.593697,36.75283],[113.562866,36.758026],[113.540919,36.749372],[113.527464,36.749486],[113.50474,36.760359],[113.496733,36.775437],[113.500001,36.784584],[113.491179,36.803075],[113.452912,36.822961],[113.443784,36.838893],[113.416239,36.858379],[113.385912,36.865323],[113.38148,36.877464],[113.363267,36.875003],[113.35492,36.877952],[113.366784,36.905382],[113.359211,36.912697],[113.361737,36.926892],[113.313371,36.949841],[113.314982,36.959954],[113.298933,36.979449],[113.289499,36.981803],[113.278005,36.958536],[113.264686,36.954632],[113.255706,36.940886],[113.248476,36.944701],[113.230032,36.937356],[113.225549,36.929877],[113.216476,36.932255],[113.214724,36.94291],[113.207128,36.941698],[113.200707,36.927467],[113.175458,36.929033],[113.167847,36.954642],[113.163331,36.94555],[113.148648,36.95192],[113.147568,36.916662],[113.1409,36.924535],[113.129896,36.927159],[113.090807,36.917406],[113.078388,36.92543],[113.01354,36.929872],[113.004752,36.934252],[112.975509,36.909854],[112.952529,36.904931],[112.956799,36.889837],[112.9318,36.881685],[112.929079,36.871561],[112.908251,36.862958],[112.899683,36.864191],[112.876088,36.893858],[112.868185,36.895069],[112.877581,36.93114],[112.861961,36.935072],[112.858594,36.947466],[112.873079,36.961044],[112.874603,36.974264],[112.871198,36.981906],[112.847472,36.986222],[112.820914,37.007121],[112.797686,37.002816],[112.778009,37.005283],[112.779966,37.022579],[112.765688,37.028038],[112.761543,37.038579],[112.745593,37.050888],[112.730705,37.047203],[112.735511,37.059237],[112.7208,37.082601],[112.715155,37.082805],[112.702907,37.094939],[112.66611,37.100768],[112.642658,37.120267],[112.636111,37.119761],[112.627724,37.116719],[112.628306,37.105269],[112.601688,37.097088],[112.587687,37.077993],[112.552639,37.087291],[112.534932,37.087836],[112.525355,37.119173],[112.486981,37.124785],[112.465107,37.11592],[112.442232,37.115878],[112.432128,37.110721],[112.481081,37.088174],[112.485912,37.05924],[112.470774,37.052144],[112.477848,37.040602],[112.49776,37.032959],[112.500553,37.016049],[112.511916,36.996875],[112.529023,36.985323],[112.538226,36.988675],[112.545184,36.973785],[112.528582,36.959007],[112.515862,36.95973],[112.509546,36.94527],[112.471303,36.955858],[112.462041,36.95206],[112.45401,36.938041],[112.421669,36.931531],[112.393707,36.945592],[112.388765,36.952066],[112.367902,36.948997],[112.348865,36.953667],[112.342578,36.951832],[112.342148,36.941712],[112.327291,36.933141],[112.317459,36.948275],[112.300629,36.957077],[112.290982,36.955577],[112.267529,36.978665],[112.248859,36.976718],[112.241846,36.983537],[112.224175,36.988907],[112.218033,37.008329],[112.166687,37.005869],[112.162614,37.00005],[112.148238,36.998341],[112.131411,36.980255],[112.120715,36.98519],[112.110652,36.978713],[112.057067,36.97019],[112.059299,36.957878],[112.081208,36.931619],[112.077132,36.920166],[112.065784,36.911216],[112.064729,36.90586],[112.067784,36.89884],[112.081696,36.895855],[112.081843,36.885708],[112.077193,36.880611],[112.061124,36.877441],[112.031818,36.88584],[112.016078,36.87928],[112.018764,36.85867],[111.99933,36.838508],[112.003903,36.826558],[112.001947,36.820554],[111.983437,36.811439],[111.976465,36.799624],[111.982957,36.780434],[111.977707,36.764821],[111.9917,36.75819],[112.002547,36.739814],[111.990563,36.729849],[111.995272,36.711604],[111.988303,36.70075],[111.990949,36.691647],[111.988763,36.685534],[111.975747,36.67973],[111.936435,36.707858],[111.910515,36.707823],[111.897879,36.713894],[111.880412,36.705915],[111.873745,36.716158],[111.855017,36.71391],[111.852771,36.704209],[111.838823,36.696313],[111.830623,36.695726],[111.838949,36.705404],[111.837224,36.711241],[111.828084,36.712809],[111.820263,36.707834],[111.812243,36.712619],[111.784176,36.708185],[111.776939,36.702558],[111.755,36.713704],[111.749078,36.723433],[111.733122,36.712653],[111.723987,36.716699],[111.685129,36.695672],[111.67014,36.693748],[111.668509,36.687619],[111.682601,36.675266],[111.684228,36.664854],[111.675391,36.64466],[111.665328,36.643452],[111.670231,36.646434],[111.665973,36.65516],[111.650458,36.658617],[111.636787,36.674827],[111.615409,36.675476],[111.615021,36.693731],[111.609872,36.698534],[111.593588,36.696279],[111.56113,36.719361],[111.558547,36.732286],[111.548584,36.743864],[111.531566,36.752339],[111.533148,36.764683],[111.538108,36.770437],[111.545128,36.770905],[111.536593,36.790023],[111.523309,36.788522],[111.517114,36.792383],[111.506683,36.778698],[111.497612,36.802651],[111.490676,36.801121],[111.485327,36.783173],[111.480098,36.779184],[111.462574,36.77246],[111.448556,36.774788],[111.439817,36.769906],[111.432012,36.776244],[111.42331,36.793576],[111.401533,36.800734],[111.407409,36.814184],[111.404656,36.823256],[111.414136,36.845168],[111.444456,36.84632],[111.444764,36.843515],[111.457078,36.864318],[111.492261,36.878664],[111.503284,36.879103],[111.509911,36.884552],[111.549595,36.894473],[111.556073,36.908037],[111.579355,36.919208],[111.579828,36.922774],[111.566623,36.928473],[111.556099,36.928068],[111.551551,36.923828],[111.536469,36.928162],[111.533805,36.955215],[111.511322,36.973182],[111.498513,36.974362],[111.499798,36.985416],[111.495179,36.989387],[111.523552,36.997294],[111.525986,36.986064],[111.523057,36.978276],[111.531729,36.974473],[111.539591,36.974216],[111.5434,36.97995],[111.550103,36.975165],[111.556472,36.976899],[111.587452,36.958025],[111.597889,36.96046],[111.607675,36.95741],[111.613298,36.952476],[111.613422,36.944417],[111.62578,36.941246],[111.631943,36.94476],[111.631744,36.954405],[111.638592,36.963564],[111.654788,36.967205],[111.659696,36.973154],[111.667859,36.968305],[111.673255,36.969784],[111.676415,36.973302],[111.674256,36.987198],[111.682402,36.992806],[111.696416,36.987668],[111.705498,36.995102],[111.728967,36.992834],[111.744349,37.01332],[111.769638,37.017472],[111.784697,37.027075],[111.794545,37.022533],[111.808537,37.02664],[111.820539,37.042654],[111.830035,37.044045],[111.836113,37.038995],[111.855128,37.042925],[111.866048,37.061546],[111.883602,37.068412],[111.887874,37.074716],[111.88429,37.088568],[111.902996,37.093359],[111.906835,37.096506],[111.906036,37.1048],[111.917025,37.110202],[111.928603,37.144718],[111.933645,37.161366],[111.945992,37.179184],[111.939855,37.209758],[111.943998,37.217941],[111.953881,37.221055],[111.954208,37.227329],[111.949916,37.239382],[111.934414,37.245983],[111.931627,37.252613],[111.941815,37.256183],[111.966216,37.253694],[111.971494,37.257387],[111.974737,37.271476],[111.993442,37.270017],[111.994797,37.266192],[112.008039,37.267431],[112.004275,37.281629],[112.00842,37.28229],[112.018587,37.269147],[112.023413,37.270114],[112.041108,37.279974],[112.042054,37.297488],[112.054854,37.305395],[112.059863,37.315472],[112.077958,37.318022],[112.090089,37.313018],[112.088883,37.306134],[112.095696,37.297461],[112.112813,37.292978],[112.115992,37.288421],[112.114027,37.275216],[112.130787,37.265033],[112.139561,37.269406],[112.172822,37.308563],[112.19144,37.317332],[112.199951,37.331947],[112.212614,37.337275],[112.217868,37.341188],[112.214892,37.352291],[112.222367,37.353326],[112.229321,37.367144],[112.239151,37.373563],[112.239536,37.383209],[112.259316,37.423892],[112.28045,37.431101],[112.285194,37.439575],[112.297778,37.447088],[112.308356,37.44275],[112.3202,37.447231],[112.323162,37.458323],[112.345941,37.462062],[112.352281,37.484682],[112.382805,37.483747],[112.380974,37.47125],[112.386365,37.462491],[112.410161,37.462752],[112.421205,37.457198],[112.428433,37.458165],[112.434691,37.478401],[112.44956,37.477029],[112.460374,37.46592],[112.490718,37.47764],[112.497357,37.47661],[112.508111,37.497345],[112.500704,37.510647],[112.537966,37.517177],[112.559766,37.51352],[112.563879,37.505766],[112.585268,37.505456],[112.581876,37.513179],[112.585368,37.522609],[112.61802,37.52269],[112.621821,37.533021],[112.600231,37.546547],[112.60374,37.574012],[112.594313,37.589271],[112.594537,37.599781],[112.574719,37.604764],[112.571042,37.631539],[112.581322,37.640539],[112.592487,37.640684],[112.593409,37.63566],[112.600494,37.635695],[112.616182,37.645045],[112.612957,37.655406],[112.601313,37.655944],[112.597329,37.662922],[112.597862,37.66743],[112.608364,37.674074],[112.619647,37.675144],[112.621444,37.679883],[112.622561,37.690889],[112.608585,37.699771],[112.623121,37.710666],[112.646401,37.714335],[112.647717,37.731217],[112.655707,37.732837],[112.661377,37.739841],[112.661141,37.744285],[112.65608,37.744014],[112.655743,37.762409],[112.645353,37.773816],[112.677366,37.794838],[112.67426,37.806725],[112.66756,37.809898],[112.674544,37.826698],[112.684577,37.831711],[112.68773,37.841224],[112.695297,37.842394],[112.699365,37.850293],[112.716278,37.849447],[112.725249,37.857593],[112.730036,37.873213],[112.739989,37.879468],[112.747939,37.88126],[112.761894,37.873015],[112.772591,37.872125],[112.76621,37.878267],[112.770639,37.884331],[112.7729,37.886046],[112.759522,37.913418],[112.772593,37.924477],[112.761966,37.938143],[112.794643,37.975527],[112.813943,37.985209],[112.809301,37.998283],[112.818774,38.00446],[112.846572,37.989272],[112.875565,37.997068],[112.896522,37.992635],[112.914952,37.997041],[112.935519,37.989488],[112.944677,37.992862],[112.952826,38.012184],[112.960127,38.017752],[112.981078,38.001691],[112.993959,38.000776],[112.999227,38.005523],[113.000725,38.017439],[113.008545,38.018413],[113.016495,38.026227],[113.003727,38.038837],[113.009838,38.046612],[113.027699,38.050209],[113.045653,38.04573],[113.062033,38.054731],[113.090802,38.054861],[113.092522,38.064616],[113.113097,38.081797],[113.12674,38.073735],[113.134575,38.062862],[113.146148,38.059466],[113.14543,38.051631],[113.167692,38.056879],[113.184651,38.053353],[113.195457,38.076018],[113.207676,38.08371],[113.210666,38.091951]]]]}},{"type":"Feature","properties":{"name":"沧州市","code":"130900","gb":"156130900","province":"河北省","label":[116.75440088614636,38.26564359058442]},"geometry":{"type":"MultiPolygon","coordinates":[[[[116.194694,38.910774],[116.202473,38.87434],[116.214192,38.867296],[116.226203,38.871058],[116.242206,38.854005],[116.243317,38.84509],[116.272994,38.835523],[116.270371,38.826319],[116.277071,38.821665],[116.267588,38.821023],[116.266103,38.815834],[116.314256,38.810204],[116.331577,38.815751],[116.336977,38.810368],[116.337685,38.801023],[116.355725,38.800638],[116.36299,38.791641],[116.377079,38.7989],[116.373828,38.787198],[116.410426,38.782836],[116.418281,38.770957],[116.417125,38.760484],[116.430559,38.7533],[116.4296,38.730604],[116.425043,38.728644],[116.421919,38.716054],[116.38964,38.70227],[116.387926,38.689396],[116.357687,38.685774],[116.355698,38.670839],[116.36189,38.660802],[116.35408,38.656185],[116.385846,38.602058],[116.414085,38.602414],[116.419432,38.586132],[116.448831,38.57949],[116.442032,38.566902],[116.449133,38.554894],[116.436523,38.555376],[116.42432,38.547341],[116.427323,38.527848],[116.442261,38.534108],[116.45041,38.528358],[116.443516,38.512766],[116.459751,38.493779],[116.500007,38.48665],[116.527887,38.487981],[116.535493,38.501554],[116.542839,38.50269],[116.560413,38.494059],[116.555298,38.484453],[116.56356,38.470552],[116.575937,38.469795],[116.585258,38.480364],[116.58428,38.483429],[116.591616,38.486526],[116.59138,38.482113],[116.612388,38.476746],[116.606942,38.488246],[116.621706,38.500544],[116.608291,38.502577],[116.609828,38.508458],[116.619102,38.513756],[116.62554,38.513186],[116.62276,38.508812],[116.641491,38.505938],[116.653832,38.51799],[116.668982,38.543141],[116.638903,38.553023],[116.635669,38.560947],[116.63767,38.564225],[116.668479,38.563278],[116.662047,38.577832],[116.656189,38.580993],[116.662637,38.592158],[116.67413,38.592104],[116.682003,38.602274],[116.67734,38.604491],[116.679742,38.607774],[116.696982,38.618444],[116.709199,38.608656],[116.727524,38.613144],[116.735733,38.622266],[116.732411,38.630664],[116.754356,38.634294],[116.772166,38.644541],[116.771327,38.655324],[116.762583,38.657223],[116.758823,38.681862],[116.762709,38.69216],[116.751743,38.701687],[116.738979,38.701706],[116.739537,38.705342],[116.748719,38.704076],[116.756199,38.70838],[116.760655,38.720162],[116.759928,38.740513],[116.781364,38.735348],[116.792343,38.743977],[116.852356,38.741623],[116.860596,38.74437],[116.868439,38.68161],[116.873535,38.678867],[116.905701,38.685143],[116.906486,38.677689],[116.914329,38.677689],[116.920212,38.690632],[116.932373,38.691418],[116.93943,38.683964],[116.951981,38.68475],[116.955513,38.693378],[116.964928,38.694164],[117.006897,38.688671],[117.007683,38.699261],[117.036316,38.705147],[117.031609,38.687885],[117.060242,38.678867],[117.044159,38.64278],[117.057495,38.627876],[117.064163,38.606304],[117.078278,38.604931],[117.091803,38.586011],[117.105347,38.583752],[117.142609,38.610031],[117.146558,38.616704],[117.151627,38.612774],[117.178696,38.618267],[117.208504,38.641407],[117.222618,38.640625],[117.218697,38.626896],[117.223015,38.619442],[117.24733,38.613167],[117.250473,38.606106],[117.248512,38.597477],[117.229286,38.583359],[117.230858,38.579044],[117.252037,38.582573],[117.253609,38.577473],[117.233604,38.573944],[117.24498,38.555119],[117.25518,38.561001],[117.257919,38.555901],[117.282837,38.560612],[117.283806,38.570805],[117.291657,38.570023],[117.300675,38.554333],[117.315582,38.562569],[117.341469,38.563747],[117.348137,38.570805],[117.346962,38.579044],[117.360687,38.580612],[117.360687,38.563049],[117.386246,38.569332],[117.392532,38.571846],[117.392952,38.584206],[117.467956,38.608089],[117.478432,38.619404],[117.492676,38.612282],[117.509018,38.612701],[117.515297,38.605995],[117.534157,38.607254],[117.540024,38.619823],[117.563369,38.611891],[117.579477,38.614578],[117.5911,38.612525],[117.605788,38.57099],[117.633335,38.515724],[117.638227,38.486697],[117.669091,38.452503],[117.697801,38.397983],[117.72968,38.359949],[117.762278,38.336991],[117.781402,38.349933],[117.811529,38.34522],[117.833039,38.359705],[117.872666,38.350023],[117.932121,38.376881],[117.941357,38.364155],[117.919813,38.344832],[117.863467,38.327989],[117.883491,38.30743],[117.847077,38.282912],[117.836726,38.26336],[117.8065,38.27464],[117.79844,38.275861],[117.787612,38.261992],[117.806223,38.246929],[117.809295,38.239665],[117.80773,38.231117],[117.799169,38.225771],[117.800248,38.217256],[117.784655,38.202987],[117.790701,38.195363],[117.782801,38.180139],[117.795666,38.172987],[117.787802,38.167039],[117.769732,38.167865],[117.760206,38.16335],[117.765618,38.134268],[117.737875,38.123291],[117.718147,38.091591],[117.70034,38.077709],[117.673088,38.077263],[117.655777,38.070705],[117.581528,38.072357],[117.568329,38.062618],[117.55706,38.039604],[117.541283,38.028465],[117.533722,38.010754],[117.524048,37.999207],[117.514091,37.967495],[117.494901,37.938283],[117.452965,37.878239],[117.448257,37.86536],[117.431465,37.848694],[117.405815,37.84362],[117.338524,37.856644],[117.309224,37.853527],[117.274948,37.839203],[117.264839,37.838856],[117.186104,37.84433],[117.142876,37.83783],[117.079094,37.846859],[117.052643,37.840092],[117.035105,37.830495],[116.938732,37.838878],[116.882381,37.843033],[116.838402,37.829453],[116.806198,37.834229],[116.794418,37.831295],[116.755058,37.799049],[116.743492,37.753956],[116.699329,37.732854],[116.673927,37.720047],[116.655197,37.686508],[116.606339,37.626781],[116.567253,37.60181],[116.512888,37.547943],[116.493378,37.535175],[116.484627,37.519203],[116.452278,37.512875],[116.440636,37.497761],[116.436958,37.476151],[116.431961,37.469872],[116.413269,37.484341],[116.39621,37.508926],[116.374741,37.522762],[116.375694,37.535355],[116.370369,37.553699],[116.345161,37.570984],[116.329275,37.573943],[116.325421,37.584524],[116.32995,37.597997],[116.322455,37.60654],[116.36979,37.617105],[116.369122,37.638602],[116.359236,37.647126],[116.364606,37.665255],[116.378458,37.675547],[116.38124,37.69638],[116.397152,37.715875],[116.408062,37.722327],[116.407598,37.733223],[116.428477,37.733965],[116.425942,37.746407],[116.419618,37.748372],[116.445911,37.758499],[116.45246,37.770545],[116.466931,37.776482],[116.468394,37.795611],[116.462618,37.805988],[116.466362,37.81615],[116.475423,37.830111],[116.470081,37.833983],[116.46789,37.865221],[116.482226,37.859827],[116.50068,37.86234],[116.509748,37.892834],[116.527281,37.906566],[116.527553,37.915493],[116.545022,37.945489],[116.559438,37.979097],[116.557622,38.019315],[116.509062,38.018468],[116.490774,38.012886],[116.477985,38.024516],[116.47339,38.010495],[116.466545,38.012253],[116.468139,38.019591],[116.461526,38.023022],[116.453842,38.008501],[116.411459,38.013371],[116.392378,38.011427],[116.379578,38.025477],[116.377846,38.020937],[116.358607,38.017392],[116.331859,38.018022],[116.326429,38.009727],[116.315462,38.005075],[116.306758,37.984187],[116.285581,37.968055],[116.275509,37.964857],[116.262763,37.96872],[116.26131,37.959792],[116.255488,37.95868],[116.254575,37.966567],[116.21758,37.950545],[116.204255,37.958243],[116.201333,37.967238],[116.171647,37.972151],[116.156281,37.954143],[116.169226,37.941959],[116.152603,37.915934],[116.119229,37.909208],[116.107425,37.914264],[116.086938,37.908509],[116.083395,37.911168],[116.086419,37.924055],[116.098036,37.927559],[116.114823,37.947979],[116.090879,37.952051],[116.074936,37.974737],[116.077117,37.984019],[116.055185,37.990227],[116.056237,38.012656],[116.04423,38.016714],[116.036523,38.024812],[116.043804,38.03782],[116.056489,38.032475],[116.064548,38.040152],[116.044273,38.051664],[116.048665,38.058767],[116.049084,38.071262],[116.041065,38.072054],[116.031644,38.079711],[116.023444,38.093566],[116.048618,38.123656],[116.050888,38.134333],[116.043202,38.145555],[115.980608,38.125185],[115.964354,38.137536],[115.933226,38.143757],[115.929773,38.166666],[115.909026,38.166475],[115.895082,38.158055],[115.881494,38.170992],[115.88493,38.180389],[115.893478,38.186955],[115.893765,38.202669],[115.882632,38.203986],[115.878823,38.214347],[115.865334,38.217147],[115.855649,38.239294],[115.858909,38.254456],[115.830662,38.273384],[115.831318,38.288087],[115.825321,38.288568],[115.824356,38.294673],[115.836772,38.302622],[115.843883,38.308285],[115.845059,38.316934],[115.840092,38.3172],[115.842407,38.334998],[115.835702,38.345499],[115.794123,38.345297],[115.787446,38.3559],[115.750627,38.358342],[115.746355,38.370916],[115.732695,38.368893],[115.725173,38.357634],[115.711286,38.359173],[115.699279,38.366917],[115.704042,38.376641],[115.727476,38.383011],[115.726531,38.403319],[115.715427,38.412216],[115.717919,38.431649],[115.708255,38.438882],[115.709191,38.450024],[115.735992,38.466882],[115.74158,38.483472],[115.773407,38.48273],[115.775051,38.503301],[115.803187,38.518369],[115.804903,38.525743],[115.814044,38.527225],[115.868272,38.50969],[115.875854,38.514677],[115.863475,38.524234],[115.847399,38.526074],[115.852623,38.529733],[115.86737,38.527984],[115.873409,38.535162],[115.886359,38.53127],[115.884363,38.525835],[115.891472,38.523651],[115.926273,38.531566],[115.934942,38.529981],[115.92899,38.551493],[115.948426,38.570179],[115.955989,38.571434],[115.960275,38.572261],[115.955072,38.583107],[115.958592,38.60899],[115.94429,38.627203],[115.968169,38.63572],[115.964238,38.65644],[115.967303,38.666963],[115.959499,38.667005],[115.949851,38.690384],[115.949097,38.702173],[115.955706,38.701665],[115.960207,38.708634],[115.944862,38.719438],[115.938222,38.734816],[115.955085,38.75579],[115.961852,38.755088],[115.971528,38.763176],[115.990636,38.790179],[116.009013,38.806995],[116.021551,38.813436],[116.034062,38.810825],[116.039299,38.817465],[116.029434,38.828693],[116.042354,38.858814],[116.044283,38.874083],[116.036869,38.879444],[116.032563,38.890518],[116.035025,38.893477],[116.079896,38.909878],[116.098533,38.90895],[116.1055,38.912386],[116.116222,38.918701],[116.116206,38.934171],[116.131241,38.93663],[116.146334,38.947404],[116.202958,38.921004],[116.194694,38.910774]]]]}},{"type":"Feature","properties":{"name":"三门峡市","code":"411200","gb":"156411200","province":"河南省","label":[111.10620894128984,34.36175893939344]},"geometry":{"type":"MultiPolygon","coordinates":[[[[111.97522,34.959349],[111.950392,34.949069],[111.927996,34.949144],[111.918699,34.93468],[111.884271,34.922503],[111.877649,34.910991],[111.876768,34.898811],[111.878465,34.89449],[111.89325,34.891592],[111.897645,34.885827],[111.912342,34.886235],[111.941297,34.867122],[111.946487,34.859759],[111.943566,34.849841],[111.985015,34.858483],[111.986753,34.854471],[111.977533,34.847717],[111.978373,34.843941],[112.015706,34.812264],[112.009368,34.798615],[112.024178,34.792594],[112.025052,34.778086],[112.012951,34.768807],[112.010384,34.749377],[111.992529,34.7522],[111.989279,34.738274],[112.008397,34.732838],[112.009825,34.727143],[111.989629,34.710356],[111.989792,34.698696],[111.992511,34.696358],[111.989568,34.693249],[111.973169,34.695657],[111.974059,34.679491],[111.965231,34.671764],[111.973719,34.651955],[111.956689,34.640891],[111.940017,34.640996],[111.940505,34.625425],[111.93512,34.618992],[111.930187,34.620243],[111.924988,34.605051],[111.913773,34.608863],[111.90353,34.625249],[111.894535,34.62506],[111.888239,34.618384],[111.880601,34.620814],[111.858102,34.649257],[111.846103,34.654114],[111.829521,34.657262],[111.814944,34.645605],[111.817792,34.634361],[111.799894,34.638664],[111.795963,34.633241],[111.778311,34.625311],[111.780589,34.616594],[111.776156,34.608551],[111.760236,34.612874],[111.7553,34.605149],[111.757682,34.596921],[111.75361,34.594297],[111.73919,34.596253],[111.735295,34.599328],[111.741798,34.602345],[111.728878,34.605725],[111.715056,34.593904],[111.707665,34.595169],[111.703449,34.585076],[111.691643,34.574194],[111.663619,34.573839],[111.688506,34.537947],[111.688671,34.532223],[111.677319,34.530695],[111.629888,34.554447],[111.615025,34.55503],[111.592898,34.571204],[111.578449,34.570833],[111.577141,34.560453],[111.586289,34.555604],[111.581757,34.554513],[111.557733,34.569249],[111.539153,34.545551],[111.508635,34.546277],[111.500393,34.550022],[111.475914,34.52299],[111.451195,34.515182],[111.440302,34.503435],[111.392731,34.484385],[111.382193,34.476241],[111.364094,34.473699],[111.362819,34.482808],[111.339811,34.473806],[111.317725,34.472056],[111.297018,34.477136],[111.293381,34.49067],[111.267267,34.472457],[111.269843,34.447999],[111.255889,34.449032],[111.221148,34.461986],[111.211252,34.460978],[111.208149,34.429628],[111.193496,34.419121],[111.186042,34.41894],[111.180887,34.412384],[111.185998,34.404162],[111.179473,34.399809],[111.147988,34.395887],[111.139169,34.388493],[111.133565,34.372664],[111.135368,34.367306],[111.130565,34.361867],[111.155962,34.350091],[111.156515,34.338772],[111.177289,34.325378],[111.184561,34.308113],[111.194025,34.29781],[111.181352,34.288857],[111.1749,34.290921],[111.175328,34.259843],[111.181359,34.248812],[111.174559,34.229728],[111.151748,34.225967],[111.168026,34.212563],[111.201702,34.198769],[111.207351,34.176232],[111.227009,34.179351],[111.236181,34.16354],[111.246883,34.161756],[111.260885,34.143432],[111.265317,34.149237],[111.273466,34.149108],[111.274971,34.137983],[111.284409,34.147614],[111.299404,34.142352],[111.303741,34.138726],[111.302857,34.124062],[111.307199,34.116806],[111.329072,34.116781],[111.354202,34.107419],[111.362595,34.091881],[111.346032,34.083839],[111.336847,34.055731],[111.337158,34.036306],[111.345366,34.026365],[111.351804,33.986877],[111.340391,33.974218],[111.324006,33.968504],[111.306076,33.952713],[111.296893,33.928516],[111.278819,33.927068],[111.277736,33.934056],[111.268396,33.93623],[111.256529,33.928639],[111.244037,33.93508],[111.230204,33.933317],[111.220398,33.926718],[111.2186,33.917907],[111.23,33.897216],[111.22183,33.890446],[111.196873,33.890653],[111.199256,33.881252],[111.211862,33.871525],[111.210548,33.864116],[111.229735,33.857724],[111.233535,33.843734],[111.255155,33.825881],[111.25412,33.797884],[111.215784,33.799289],[111.201744,33.781058],[111.18902,33.756398],[111.189647,33.714225],[111.178713,33.70207],[111.173911,33.686165],[111.162317,33.682229],[111.140733,33.685415],[111.124566,33.678251],[111.130352,33.666058],[111.145286,33.653559],[111.146562,33.644709],[111.138252,33.634037],[111.126764,33.628588],[111.128701,33.616074],[111.10862,33.577938],[111.099268,33.575939],[111.082635,33.562265],[111.066441,33.567045],[111.052127,33.555681],[111.025404,33.549706],[111.016456,33.550453],[111.001999,33.563107],[110.997703,33.583656],[110.986794,33.592415],[110.95768,33.605232],[110.947853,33.614922],[110.925339,33.626469],[110.876282,33.633896],[110.860588,33.658142],[110.827217,33.674751],[110.820503,33.690899],[110.817627,33.72887],[110.80975,33.739799],[110.79612,33.775688],[110.779297,33.788219],[110.77208,33.801834],[110.728554,33.804035],[110.699577,33.838558],[110.655037,33.856979],[110.628807,33.849388],[110.620209,33.851975],[110.602928,33.859665],[110.597443,33.873448],[110.587799,33.889156],[110.591026,33.902046],[110.59584,33.907177],[110.619118,33.91243],[110.621643,33.931259],[110.662422,33.941643],[110.671181,33.954178],[110.667908,33.96328],[110.644051,33.979099],[110.641434,34.004707],[110.633347,34.007988],[110.616203,34.030117],[110.589012,34.025246],[110.580513,34.033562],[110.576889,34.064644],[110.58725,34.079273],[110.582459,34.102776],[110.623894,34.132652],[110.624481,34.141598],[110.638198,34.162031],[110.636337,34.172974],[110.628509,34.176491],[110.599617,34.181442],[110.57711,34.196133],[110.556648,34.196198],[110.532493,34.21978],[110.501732,34.221924],[110.479134,34.238655],[110.443878,34.242756],[110.436562,34.247189],[110.419487,34.281662],[110.4226,34.289055],[110.445671,34.295021],[110.461937,34.315964],[110.481377,34.323223],[110.495117,34.336781],[110.489853,34.356377],[110.472847,34.378944],[110.478958,34.407242],[110.475403,34.415188],[110.447037,34.408661],[110.424622,34.410686],[110.403892,34.430172],[110.39724,34.454193],[110.359299,34.508789],[110.355522,34.520042],[110.353676,34.535049],[110.385452,34.553837],[110.394844,34.555218],[110.398163,34.561573],[110.397888,34.567097],[110.378548,34.562122],[110.358925,34.567375],[110.364731,34.578979],[110.367493,34.601082],[110.391251,34.589478],[110.403137,34.588371],[110.434082,34.600529],[110.463692,34.619369],[110.528015,34.58395],[110.605377,34.612686],[110.647164,34.592968],[110.663376,34.589916],[110.671036,34.593269],[110.68383,34.615669],[110.696617,34.608082],[110.71331,34.631924],[110.74279,34.655548],[110.760323,34.656361],[110.774002,34.650997],[110.813667,34.626072],[110.827103,34.632576],[110.837723,34.644928],[110.855499,34.642544],[110.882378,34.663353],[110.897766,34.685028],[110.904267,34.699551],[110.906654,34.73423],[110.939095,34.733331],[110.949013,34.724022],[110.952454,34.70855],[110.960228,34.704666],[111.021423,34.738964],[111.043457,34.749104],[111.073998,34.747601],[111.093567,34.753708],[111.132569,34.791655],[111.144028,34.805149],[111.161293,34.8097],[111.194794,34.804752],[111.220978,34.791927],[111.251007,34.814419],[111.268021,34.808739],[111.301201,34.813705],[111.332893,34.8298],[111.360962,34.816376],[111.380371,34.814468],[111.392866,34.818383],[111.435318,34.836838],[111.447182,34.836838],[111.45813,34.830814],[111.492798,34.832306],[111.53479,34.857098],[111.560978,34.84913],[111.566673,34.848797],[111.579514,34.861565],[111.591423,34.888626],[111.606956,34.894623],[111.619789,34.922432],[111.629954,34.930387],[111.640839,34.938946],[111.669182,34.949421],[111.671051,34.965214],[111.664711,34.986286],[111.667458,34.990791],[111.683933,34.992266],[111.738838,35.01395],[111.760803,35.017654],[111.777298,35.030396],[111.797417,35.031086],[111.809464,35.065647],[111.822304,35.072376],[111.949516,35.081684],[111.970993,35.070545],[111.955118,35.068542],[111.949341,35.046586],[111.930008,35.041839],[111.928312,35.035841],[111.979232,35.00439],[111.974797,34.992379],[111.93549,34.983603],[111.951019,34.983076],[111.974536,34.972299],[111.97522,34.959349]]]]}},{"type":"Feature","properties":{"name":"泰安市","code":"370900","gb":"156370900","province":"山东省","label":[117.02567938574163,36.0010551061904]},"geometry":{"type":"MultiPolygon","coordinates":[[[[117.300171,36.47219],[117.302557,36.466081],[117.334966,36.469623],[117.346179,36.458186],[117.33775,36.458557],[117.326729,36.439064],[117.332162,36.404541],[117.347658,36.396449],[117.340142,36.381353],[117.341609,36.372823],[117.347687,36.362873],[117.358382,36.35754],[117.383927,36.33131],[117.385508,36.327205],[117.377078,36.321724],[117.374169,36.310096],[117.381918,36.297238],[117.381386,36.285555],[117.39202,36.283793],[117.388745,36.266099],[117.402593,36.267155],[117.408008,36.262833],[117.406521,36.242548],[117.39493,36.238835],[117.382385,36.225248],[117.403984,36.210186],[117.421751,36.22171],[117.441884,36.218063],[117.443196,36.204036],[117.436858,36.191062],[117.451227,36.176328],[117.482077,36.17045],[117.481011,36.15543],[117.471197,36.149991],[117.463457,36.150192],[117.463087,36.154698],[117.454383,36.15053],[117.448743,36.142823],[117.450767,36.136622],[117.440993,36.125274],[117.44365,36.116608],[117.452197,36.117106],[117.454497,36.112648],[117.440848,36.091978],[117.448341,36.087323],[117.469131,36.088926],[117.479068,36.100742],[117.500772,36.097879],[117.529271,36.110825],[117.538397,36.108094],[117.545837,36.086326],[117.567546,36.076539],[117.590895,36.079505],[117.601378,36.070038],[117.61225,36.072105],[117.630408,36.062619],[117.643728,36.05094],[117.666443,36.046784],[117.681171,36.053817],[117.691984,36.047725],[117.714907,36.038663],[117.720641,36.030091],[117.73564,36.036127],[117.745871,36.027549],[117.751067,36.019256],[117.744313,36.011915],[117.755679,35.990321],[117.775653,35.995889],[117.779835,36.001826],[117.776324,36.007123],[117.788265,36.014955],[117.857693,36.008156],[117.893327,36.023586],[117.91702,36.01596],[117.932894,36.000957],[117.933801,35.995535],[117.936223,35.988314],[117.93294,35.981393],[117.94335,35.956201],[117.951694,35.956332],[117.965232,35.969353],[117.980141,35.973068],[117.983945,35.969448],[117.979896,35.954782],[117.984601,35.947362],[117.982952,35.941218],[117.994245,35.922426],[117.993201,35.913528],[117.975018,35.904312],[117.975284,35.888439],[117.962218,35.881695],[117.955957,35.868303],[117.915269,35.883711],[117.89992,35.885559],[117.875919,35.881313],[117.851632,35.858697],[117.854757,35.852222],[117.849681,35.840723],[117.84218,35.838886],[117.836539,35.844607],[117.82666,35.837093],[117.822235,35.817607],[117.836589,35.812134],[117.83891,35.795403],[117.816326,35.780482],[117.823785,35.771836],[117.83303,35.744706],[117.838739,35.74284],[117.80886,35.729831],[117.7959,35.732183],[117.759447,35.723589],[117.74394,35.708213],[117.724895,35.711307],[117.70354,35.722819],[117.686012,35.722309],[117.677757,35.720622],[117.681408,35.717805],[117.679651,35.713313],[117.665167,35.707274],[117.620036,35.704251],[117.597139,35.667773],[117.59587,35.638722],[117.588199,35.633022],[117.572501,35.647117],[117.544633,35.662999],[117.529092,35.680586],[117.516248,35.68181],[117.512586,35.693302],[117.525801,35.702455],[117.522658,35.710654],[117.506655,35.71226],[117.484804,35.707967],[117.481908,35.72265],[117.467703,35.727408],[117.460824,35.737906],[117.431773,35.74378],[117.421785,35.769039],[117.409348,35.776977],[117.38761,35.766452],[117.379469,35.76696],[117.36966,35.774128],[117.342389,35.782083],[117.335867,35.780218],[117.331372,35.792758],[117.323214,35.798239],[117.312584,35.792336],[117.300181,35.800015],[117.280416,35.780385],[117.256574,35.768111],[117.221562,35.773168],[117.209041,35.779762],[117.192565,35.774776],[117.169359,35.779516],[117.119406,35.765761],[117.13426,35.778065],[117.131242,35.784552],[117.104199,35.787919],[117.090916,35.803563],[117.078511,35.803211],[117.067387,35.796214],[117.065744,35.790053],[117.057771,35.791473],[117.050604,35.799026],[117.019876,35.796416],[117.012289,35.801131],[117.013998,35.805511],[116.998007,35.808787],[116.989524,35.803404],[116.98721,35.795533],[116.991286,35.783114],[116.978557,35.774145],[116.973173,35.759866],[116.939067,35.747433],[116.93681,35.737129],[116.949992,35.728208],[116.949282,35.71913],[116.904255,35.700204],[116.878408,35.700115],[116.868254,35.681661],[116.855961,35.680429],[116.816247,35.705229],[116.808161,35.705978],[116.802662,35.695514],[116.805205,35.684053],[116.789391,35.676734],[116.776545,35.677411],[116.767399,35.689311],[116.769357,35.702962],[116.754442,35.706246],[116.745422,35.692306],[116.693853,35.704324],[116.690205,35.708108],[116.69551,35.722288],[116.687203,35.723085],[116.662088,35.712454],[116.608405,35.703782],[116.605046,35.718619],[116.615103,35.755281],[116.633524,35.7602],[116.661365,35.756854],[116.687037,35.785253],[116.67278,35.798687],[116.67876,35.820722],[116.6657,35.825675],[116.660547,35.822297],[116.655858,35.829987],[116.632719,35.830814],[116.604472,35.853586],[116.617642,35.879009],[116.633078,35.878474],[116.639351,35.880757],[116.647511,35.893575],[116.660473,35.894234],[116.662836,35.901359],[116.653419,35.907921],[116.654859,35.912034],[116.664955,35.925782],[116.674703,35.925719],[116.66049,35.937829],[116.639765,35.938583],[116.614633,35.936012],[116.596539,35.919039],[116.59136,35.905658],[116.568095,35.901423],[116.552043,35.891069],[116.546959,35.865215],[116.537948,35.849884],[116.510742,35.83897],[116.47174,35.839389],[116.457538,35.833776],[116.451124,35.825269],[116.45118,35.81419],[116.424645,35.809146],[116.429595,35.795768],[116.420162,35.796571],[116.415844,35.804855],[116.403806,35.787838],[116.387255,35.794253],[116.384023,35.803386],[116.37531,35.802175],[116.373873,35.796087],[116.367865,35.793536],[116.356495,35.795368],[116.354673,35.811178],[116.348157,35.811649],[116.338563,35.806823],[116.33528,35.796654],[116.323844,35.797178],[116.323405,35.780243],[116.295906,35.777588],[116.291967,35.792963],[116.302921,35.807678],[116.265453,35.805385],[116.22864,35.846772],[116.228153,35.892464],[116.21658,35.891591],[116.214376,35.877444],[116.206864,35.878329],[116.207448,35.882659],[116.19875,35.889287],[116.180736,35.894572],[116.17906,35.901495],[116.161078,35.906408],[116.148578,35.886579],[116.134718,35.894358],[116.116917,35.887927],[116.099353,35.903596],[116.077731,35.90937],[116.066257,35.939955],[116.041691,35.94178],[116.04187,35.953791],[116.055555,35.953479],[116.065291,35.965659],[116.059963,35.966169],[116.054266,35.98102],[116.043518,35.982479],[116.056107,36.027897],[116.066277,36.025608],[116.070091,36.038826],[116.068817,36.05611],[116.084579,36.080509],[116.092756,36.110466],[116.105963,36.116256],[116.101296,36.1275],[116.119803,36.136977],[116.147011,36.139763],[116.150781,36.159038],[116.157599,36.160614],[116.163069,36.171829],[116.216304,36.169809],[116.238778,36.161233],[116.236242,36.156209],[116.248128,36.136962],[116.266695,36.119929],[116.255723,36.100985],[116.255827,36.066888],[116.267762,36.051256],[116.258356,36.052196],[116.253937,36.048156],[116.29511,36.028031],[116.298312,36.028679],[116.301904,36.051358],[116.33578,36.059902],[116.336684,36.064886],[116.35104,36.075411],[116.351957,36.08445],[116.357333,36.088208],[116.390485,36.088097],[116.399434,36.069852],[116.41205,36.071442],[116.426067,36.063872],[116.423943,36.051694],[116.431718,36.041129],[116.443615,36.04716],[116.446745,36.057684],[116.453609,36.061789],[116.466949,36.062111],[116.486506,36.070815],[116.521945,36.070798],[116.539411,36.08676],[116.541672,36.093878],[116.536308,36.098353],[116.537928,36.103882],[116.546947,36.108744],[116.561444,36.108974],[116.562604,36.118437],[116.556399,36.121676],[116.557499,36.135101],[116.55227,36.143838],[116.542929,36.144696],[116.524786,36.134622],[116.519713,36.135349],[116.523025,36.145252],[116.502447,36.141087],[116.504084,36.147034],[116.516804,36.156517],[116.522225,36.175145],[116.505013,36.179094],[116.489125,36.196232],[116.474986,36.200863],[116.466694,36.214073],[116.480323,36.235074],[116.50137,36.238349],[116.509219,36.256065],[116.536291,36.246499],[116.547117,36.246815],[116.547078,36.252812],[116.55706,36.262138],[116.568159,36.263308],[116.575964,36.255638],[116.581894,36.268736],[116.591906,36.27145],[116.605337,36.292116],[116.614663,36.294792],[116.64577,36.299749],[116.653612,36.295937],[116.654151,36.290348],[116.680994,36.275197],[116.692231,36.284752],[116.709773,36.283224],[116.720819,36.287705],[116.739307,36.303941],[116.753408,36.305649],[116.753921,36.310582],[116.775024,36.317427],[116.800468,36.308751],[116.809109,36.294815],[116.825039,36.294509],[116.850185,36.301717],[116.850398,36.289965],[116.862218,36.280941],[116.865381,36.265763],[116.885633,36.255566],[116.921414,36.272327],[116.927458,36.2631],[116.945133,36.257327],[116.951311,36.259788],[116.961391,36.2488],[116.973338,36.243814],[116.980842,36.250441],[116.996456,36.254727],[117.00009,36.264482],[117.021517,36.269427],[117.026254,36.279203],[117.053434,36.291894],[117.071165,36.300626],[117.0696,36.310402],[117.074823,36.330047],[117.091447,36.343001],[117.130944,36.334868],[117.129659,36.338726],[117.136629,36.345539],[117.173613,36.352866],[117.176923,36.36059],[117.17393,36.370322],[117.190083,36.38333],[117.202349,36.403852],[117.225436,36.412503],[117.231995,36.411143],[117.243747,36.436585],[117.258358,36.4493],[117.27033,36.453566],[117.283589,36.47148],[117.300171,36.47219]]]]}},{"type":"Feature","properties":{"name":"鄂尔多斯市","code":"150600","gb":"156150600","province":"内蒙古自治区","label":[108.62951558259658,39.41220010114146]},"geometry":{"type":"MultiPolygon","coordinates":[[[[108.206359,40.844752],[108.200941,40.828215],[108.206664,40.819682],[108.243041,40.823796],[108.282314,40.818047],[108.333603,40.800336],[108.378915,40.800727],[108.391009,40.806964],[108.409901,40.806539],[108.450126,40.79279],[108.462482,40.784177],[108.477852,40.753035],[108.485646,40.745913],[108.503811,40.738107],[108.534077,40.733595],[108.575297,40.710036],[108.57951,40.679739],[108.59126,40.651501],[108.642593,40.660439],[108.650762,40.666375],[108.714969,40.61816],[108.724395,40.62394],[108.757144,40.625912],[108.765494,40.608955],[108.760341,40.588116],[108.763033,40.575386],[108.772764,40.566042],[108.803168,40.56144],[108.820153,40.541616],[108.830057,40.541794],[108.845925,40.559587],[108.872442,40.570856],[108.884441,40.567792],[108.894576,40.553774],[108.919045,40.556418],[108.919908,40.534654],[108.927944,40.527364],[108.942718,40.533869],[108.997065,40.53024],[108.999362,40.536541],[108.992554,40.555952],[109.0261,40.547385],[109.04771,40.549378],[109.056899,40.543231],[109.079601,40.53214],[109.115004,40.532979],[109.144521,40.509365],[109.16578,40.520296],[109.190515,40.516079],[109.210339,40.51823],[109.2179,40.509661],[109.215039,40.488498],[109.218661,40.485485],[109.259643,40.503983],[109.276992,40.501152],[109.309251,40.48336],[109.35215,40.489037],[109.375105,40.467839],[109.391833,40.460371],[109.433449,40.477582],[109.442142,40.484812],[109.445246,40.491851],[109.435603,40.515423],[109.441488,40.51921],[109.515895,40.515697],[109.541205,40.537882],[109.567105,40.55367],[109.581929,40.549091],[109.597987,40.537568],[109.623758,40.544159],[109.634792,40.542819],[109.650773,40.502367],[109.679118,40.496355],[109.697935,40.479187],[109.710981,40.473884],[109.724101,40.475989],[109.744779,40.491876],[109.798326,40.509135],[109.858429,40.508656],[109.905606,40.528449],[109.941287,40.527455],[109.977734,40.509199],[109.990136,40.509319],[110.007288,40.525428],[110.03407,40.520143],[110.052521,40.525118],[110.065181,40.534066],[110.079826,40.52862],[110.108516,40.508585],[110.135328,40.506602],[110.174696,40.520434],[110.176147,40.526818],[110.165653,40.545364],[110.168329,40.549798],[110.177408,40.550905],[110.225852,40.536389],[110.238032,40.52641],[110.244569,40.512455],[110.242794,40.476655],[110.24713,40.471011],[110.252719,40.470983],[110.282187,40.490757],[110.290808,40.49172],[110.315218,40.443145],[110.354559,40.461274],[110.372742,40.438202],[110.400152,40.423044],[110.42053,40.400509],[110.448599,40.390594],[110.455756,40.392741],[110.462454,40.402406],[110.470109,40.403329],[110.475064,40.398958],[110.473362,40.380347],[110.48488,40.367799],[110.499195,40.386274],[110.506845,40.387702],[110.543156,40.366604],[110.566783,40.338187],[110.599018,40.333767],[110.636274,40.306178],[110.658993,40.307973],[110.685029,40.322501],[110.700967,40.323704],[110.719292,40.310712],[110.760445,40.300043],[110.777389,40.272315],[110.800921,40.263823],[110.812247,40.266795],[110.826384,40.286165],[110.847389,40.291219],[110.854743,40.286486],[110.856754,40.271927],[110.88425,40.26191],[110.908206,40.244055],[110.916164,40.245701],[110.945936,40.271915],[110.964561,40.260728],[110.992519,40.260011],[111.006699,40.283537],[111.027031,40.295694],[111.044084,40.289207],[111.041572,40.269538],[111.047503,40.263591],[111.081591,40.261424],[111.108957,40.254589],[111.167665,40.224724],[111.184144,40.215388],[111.21048,40.180778],[111.231566,40.166959],[111.307332,40.149567],[111.315693,40.136543],[111.35802,40.095559],[111.389437,40.049161],[111.405532,40.042945],[111.413347,40.021042],[111.419783,39.947605],[111.434615,39.938604],[111.439419,39.916157],[111.437949,39.894764],[111.421131,39.888089],[111.408781,39.865955],[111.405432,39.8469],[111.410637,39.838116],[111.410164,39.828673],[111.40389,39.823981],[111.389873,39.824926],[111.393147,39.803865],[111.364588,39.790637],[111.368231,39.772771],[111.352035,39.752995],[111.351545,39.745736],[111.356856,39.735451],[111.356079,39.722773],[111.370342,39.71815],[111.372743,39.707156],[111.387631,39.703948],[111.397031,39.689404],[111.434964,39.670657],[111.433253,39.664334],[111.419968,39.666646],[111.416196,39.662781],[111.430701,39.642785],[111.43158,39.629158],[111.452782,39.623779],[111.454895,39.611866],[111.452698,39.605625],[111.444168,39.60318],[111.427467,39.617138],[111.419052,39.61079],[111.433395,39.585762],[111.417839,39.549419],[111.426178,39.516476],[111.41597,39.500675],[111.365921,39.480946],[111.356476,39.469975],[111.353439,39.45269],[111.353226,39.439587],[111.345665,39.425201],[111.329025,39.418007],[111.256279,39.418037],[111.217278,39.426716],[111.203438,39.424843],[111.194,39.414547],[111.175529,39.419014],[111.16021,39.417103],[111.122025,39.391071],[111.111946,39.373859],[111.116402,39.363735],[111.106362,39.356361],[111.092758,39.357212],[111.073471,39.382446],[111.090484,39.401443],[111.077446,39.410233],[111.064972,39.398323],[111.056175,39.399174],[111.051643,39.407681],[111.055328,39.423561],[111.046539,39.427246],[111.051361,39.444824],[111.080208,39.458607],[111.090828,39.479],[111.10469,39.487389],[111.110214,39.507374],[111.130127,39.5224],[111.13208,39.534996],[111.141792,39.540997],[111.147079,39.567566],[111.125725,39.582336],[111.098267,39.558624],[111.088302,39.555241],[111.043747,39.556324],[111.02375,39.565441],[110.981071,39.536407],[110.919487,39.51062],[110.897766,39.508327],[110.862755,39.489971],[110.834709,39.453703],[110.73291,39.350056],[110.722214,39.33287],[110.721077,39.306458],[110.714409,39.285755],[110.689278,39.266861],[110.673897,39.272133],[110.643898,39.271786],[110.615333,39.248753],[110.608574,39.251778],[110.591393,39.284122],[110.56427,39.307964],[110.566338,39.337761],[110.547546,39.361919],[110.516251,39.383514],[110.505432,39.382446],[110.505119,39.369801],[110.501663,39.368206],[110.495422,39.365658],[110.448204,39.375702],[110.413849,39.361324],[110.407181,39.357651],[110.405014,39.349285],[110.416443,39.345478],[110.421608,39.336365],[110.391693,39.316601],[110.381416,39.315021],[110.366745,39.329403],[110.324913,39.353371],[110.294205,39.380672],[110.252541,39.404751],[110.268699,39.417316],[110.267799,39.424496],[110.231003,39.423149],[110.224266,39.433922],[110.209908,39.441551],[110.200485,39.433922],[110.138557,39.455013],[110.130028,39.451874],[110.114357,39.436546],[110.125572,39.40221],[110.12899,39.395165],[110.166107,39.37463],[110.163078,39.365212],[110.17469,39.361252],[110.211288,39.283726],[110.194817,39.281216],[110.065101,39.228367],[109.989532,39.208241],[109.956497,39.20911],[109.9365,39.236061],[109.899978,39.26997],[109.877373,39.263885],[109.859985,39.245625],[109.867424,39.235783],[109.904327,39.222153],[109.92614,39.203583],[109.956451,39.188427],[109.929932,39.169487],[109.905304,39.167591],[109.893944,39.148651],[109.916672,39.101299],[109.876892,39.101299],[109.875,39.114555],[109.859848,39.122131],[109.847817,39.122166],[109.779129,39.06826],[109.761353,39.059627],[109.719139,39.0187],[109.698265,39.01696],[109.686455,38.988441],[109.66748,38.998264],[109.655472,38.981319],[109.679481,38.965786],[109.674144,38.942299],[109.673607,38.931499],[109.662674,38.920719],[109.618759,38.847881],[109.604042,38.851601],[109.552063,38.807209],[109.539688,38.804111],[109.50721,38.832352],[109.446129,38.786125],[109.394135,38.722576],[109.334442,38.69754],[109.320961,38.666729],[109.326736,38.655174],[109.357544,38.628216],[109.349846,38.618588],[109.322884,38.597404],[109.313255,38.595478],[109.278595,38.62244],[109.267037,38.618588],[109.222748,38.576221],[109.16671,38.513123],[109.143364,38.505512],[109.117477,38.469475],[109.043655,38.429867],[109.053528,38.415169],[109.057587,38.397404],[109.025101,38.365936],[109.00277,38.359844],[108.983993,38.307568],[108.96978,38.293861],[108.965866,38.283245],[108.963531,38.267967],[108.968262,38.249199],[108.939575,38.212471],[108.938164,38.19482],[108.938164,38.177876],[108.949463,38.163048],[109.042352,38.105775],[109.060303,38.093861],[109.040985,38.054253],[109.062492,38.026314],[109.044868,38.02145],[109.036774,38.00547],[109.020805,37.990395],[109.01194,37.970657],[108.977791,37.964004],[108.966705,37.929417],[108.941872,37.922764],[108.926796,37.922321],[108.913048,37.941834],[108.911263,37.958824],[108.893677,37.969498],[108.86982,38.028519],[108.830261,38.049866],[108.782539,38.050495],[108.812813,38.006344],[108.815727,37.978653],[108.789497,37.939308],[108.785126,37.873733],[108.794228,37.787754],[108.776382,37.753147],[108.787377,37.700088],[108.781616,37.691086],[108.759109,37.677475],[108.741829,37.685852],[108.711464,37.682709],[108.695694,37.667217],[108.658585,37.661243],[108.615654,37.648155],[108.535726,37.687808],[108.523583,37.690433],[108.481789,37.678905],[108.421608,37.649673],[108.394791,37.64431],[108.348969,37.642849],[108.327522,37.631634],[108.30962,37.634064],[108.283272,37.647274],[108.265617,37.664333],[108.252495,37.666649],[108.179726,37.638123],[108.147858,37.617046],[108.131516,37.618832],[108.079124,37.650112],[108.052437,37.649437],[108.014412,37.665905],[108.009186,37.676296],[108.011925,37.69915],[108.008446,37.723938],[107.983505,37.752426],[107.973831,37.784874],[107.966171,37.791878],[107.875351,37.813026],[107.811615,37.834534],[107.789307,37.837624],[107.768951,37.83202],[107.752457,37.833359],[107.706093,37.861977],[107.68438,37.885712],[107.675743,37.884418],[107.644386,37.864403],[107.555771,37.89212],[107.503845,37.92754],[107.488022,37.943363],[107.45221,37.940865],[107.443047,37.932537],[107.415566,37.938366],[107.405571,37.947529],[107.434715,37.995831],[107.356987,38.045242],[107.328628,38.090591],[107.308716,38.097309],[107.25856,38.098137],[107.227615,38.1138],[107.186196,38.147598],[107.167297,38.157757],[107.136253,38.158016],[107.107147,38.136044],[107.07418,38.141754],[107.037643,38.125568],[107.004165,38.121376],[106.820021,38.163304],[106.809975,38.157936],[106.805633,38.165173],[106.750313,38.185173],[106.717438,38.209148],[106.658226,38.230385],[106.602463,38.244797],[106.557556,38.262909],[106.51168,38.29636],[106.484649,38.30439],[106.47827,38.319362],[106.595444,38.390243],[106.644753,38.476097],[106.657091,38.601524],[106.699165,38.713413],[106.749824,38.748901],[106.799484,38.817581],[106.823822,38.837859],[106.856545,38.871265],[106.911553,38.911556],[106.964356,38.957741],[106.97184,39.025147],[106.965347,39.051247],[106.95977,39.053032],[106.96692,39.052074],[106.983862,39.039748],[107.014906,39.040421],[107.028485,39.036143],[107.040052,39.046182],[107.038179,39.056392],[107.05742,39.060302],[107.066349,39.046266],[107.072714,39.044892],[107.085995,39.080687],[107.082902,39.113197],[107.098646,39.136393],[107.112108,39.205229],[107.134375,39.22524],[107.121887,39.237718],[107.120298,39.250555],[107.134389,39.265609],[107.132071,39.279065],[107.054794,39.221553],[107.048471,39.235787],[107.030564,39.249172],[106.988238,39.267501],[106.938136,39.298892],[106.938948,39.311051],[106.952941,39.339808],[106.963768,39.451424],[106.955841,39.468581],[106.949814,39.506232],[106.943363,39.520035],[106.947201,39.53465],[106.942369,39.547299],[106.9368,39.550702],[106.939823,39.574738],[106.917453,39.634841],[106.907354,39.636575],[106.900665,39.648639],[106.89905,39.662718],[106.882712,39.67436],[106.887798,39.678877],[106.899196,39.67363],[106.908937,39.681368],[106.892248,39.68982],[106.911609,39.707232],[106.901442,39.722887],[106.895397,39.754374],[106.879463,39.756517],[106.876786,39.786047],[106.871334,39.795663],[106.87599,39.806502],[106.899791,39.832487],[106.919858,39.839225],[106.918487,39.85146],[106.929785,39.858002],[106.960877,39.8586],[106.959121,39.900464],[106.964722,39.909695],[106.928136,39.914741],[106.888484,39.876527],[106.867319,39.865039],[106.858562,39.84494],[106.780929,39.811843],[106.773593,39.811147],[106.763851,39.86559],[106.74497,39.857624],[106.708441,39.886246],[106.701988,39.898647],[106.714416,39.916877],[106.731655,39.928104],[106.727926,39.941293],[106.712505,39.963425],[106.72759,39.990832],[106.716192,40.019532],[106.717356,40.029972],[106.721825,40.038867],[106.738563,40.050783],[106.76393,40.060824],[106.76306,40.073919],[106.770858,40.081292],[106.807296,40.095753],[106.829956,40.130775],[106.843056,40.14166],[106.862193,40.168005],[106.921471,40.187299],[107.010118,40.253755],[107.022836,40.276519],[107.027283,40.307004],[107.046719,40.330988],[107.060484,40.337993],[107.12078,40.351099],[107.163113,40.385641],[107.166846,40.392057],[107.165444,40.418177],[107.149351,40.448239],[107.154617,40.458648],[107.170304,40.476183],[107.183945,40.478911],[107.198878,40.499846],[107.197659,40.505235],[107.155691,40.52421],[107.159178,40.571879],[107.162209,40.573903],[107.17315,40.579447],[107.185526,40.57821],[107.222036,40.55821],[107.239109,40.556707],[107.252855,40.598508],[107.281127,40.649117],[107.2882,40.654755],[107.301303,40.655812],[107.319843,40.646356],[107.333847,40.649905],[107.366259,40.643205],[107.386576,40.643532],[107.413638,40.667434],[107.456882,40.684003],[107.482106,40.710857],[107.497005,40.712667],[107.519362,40.700354],[107.531026,40.704226],[107.551375,40.723587],[107.580564,40.739817],[107.577243,40.752391],[107.586272,40.766382],[107.60665,40.776891],[107.622634,40.773469],[107.658779,40.756427],[107.674155,40.756586],[107.685344,40.762427],[107.696627,40.781219],[107.69363,40.812381],[107.701395,40.815934],[107.721751,40.808025],[107.729223,40.809206],[107.722885,40.840774],[107.732002,40.855179],[107.743701,40.859849],[107.793126,40.850857],[107.805724,40.845904],[107.817166,40.83512],[107.831712,40.844397],[107.827068,40.855457],[107.830598,40.863281],[107.851163,40.873091],[107.893543,40.848185],[107.908546,40.847405],[107.953118,40.861663],[107.965816,40.860918],[108.010945,40.83986],[108.083786,40.830806],[108.115693,40.838786],[108.148568,40.875801],[108.156321,40.880352],[108.168573,40.879424],[108.189847,40.871534],[108.201211,40.858275],[108.206359,40.844752]]]]}},{"type":"Feature","properties":{"name":"阿拉善盟","code":"152900","gb":"156152900","province":"内蒙古自治区","label":[102.44764209046343,40.497352309879865]},"geometry":{"type":"MultiPolygon","coordinates":[[[[98.144836,42.658989],[98.194679,42.651615],[98.204819,42.651737],[98.218765,42.651272],[98.270852,42.649684],[98.276974,42.649419],[98.29808,42.647167],[98.344719,42.645088],[98.350105,42.645321],[98.395004,42.642525],[98.44381,42.640434],[98.481941,42.639282],[98.510475,42.637691],[98.546066,42.636696],[98.556458,42.634949],[98.600449,42.631912],[98.613373,42.630955],[98.654343,42.629066],[98.688156,42.626431],[98.710976,42.623959],[98.767838,42.61961],[98.823021,42.616283],[98.841955,42.615026],[98.880213,42.612118],[98.880881,42.612067],[98.881592,42.612003],[98.936394,42.606346],[98.96167,42.605331],[99.055412,42.598766],[99.087423,42.596647],[99.103745,42.595566],[99.118872,42.594593],[99.165695,42.591583],[99.222366,42.587372],[99.228734,42.586643],[99.23999,42.585354],[99.245583,42.584713],[99.264786,42.583908],[99.285559,42.582067],[99.295433,42.581192],[99.329483,42.578217],[99.367569,42.576118],[99.408424,42.572842],[99.432579,42.571285],[99.453308,42.569523],[99.481033,42.567833],[99.487281,42.567519],[99.503024,42.56634],[99.503179,42.566328],[99.503179,42.566328],[99.503186,42.566327],[99.504396,42.566544],[99.506012,42.566444],[99.510895,42.566765],[99.530777,42.569576],[99.559372,42.575058],[99.597908,42.581589],[99.607559,42.58408],[99.617027,42.585888],[99.634987,42.589096],[99.648979,42.591053],[99.657928,42.593212],[99.679909,42.59655],[99.693916,42.598499],[99.725861,42.604015],[99.761726,42.611511],[99.849113,42.626595],[99.872543,42.631428],[99.899086,42.634861],[99.927063,42.639824],[99.940048,42.642086],[99.967567,42.646282],[99.979637,42.647022],[100.00238,42.646981],[100.010523,42.646647],[100.010534,42.646647],[100.026164,42.646011],[100.05,42.645041],[100.05008,42.645032],[100.051413,42.644978],[100.063118,42.644276],[100.093491,42.643185],[100.098379,42.643039],[100.133124,42.641594],[100.134376,42.641541],[100.147408,42.640621],[100.165993,42.639446],[100.187683,42.638451],[100.212181,42.638103],[100.236488,42.636658],[100.243462,42.636044],[100.250908,42.636166],[100.259247,42.635437],[100.270889,42.634644],[100.270554,42.641338],[100.277336,42.64674],[100.28363,42.652412],[100.287498,42.655216],[100.292526,42.65984],[100.298607,42.666168],[100.304962,42.671341],[100.311035,42.677437],[100.315468,42.68058],[100.322663,42.687291],[100.323685,42.688244],[100.333282,42.688133],[100.347435,42.687775],[100.361588,42.687412],[100.398849,42.686611],[100.419937,42.685585],[100.438225,42.684601],[100.456223,42.684307],[100.502449,42.683308],[100.52076,42.682995],[100.533966,42.682266],[100.55925,42.681419],[100.575043,42.681374],[100.608521,42.679867],[100.630844,42.679008],[100.632108,42.678928],[100.650764,42.677746],[100.692741,42.675789],[100.705246,42.675812],[100.724556,42.675438],[100.747734,42.675152],[100.789669,42.674277],[100.793327,42.674201],[100.824913,42.673542],[100.82715,42.673165],[100.844335,42.670273],[100.849091,42.669472],[100.861046,42.669689],[100.875414,42.667061],[100.902733,42.662064],[100.926826,42.657265],[100.939148,42.654716],[100.950851,42.652412],[100.982552,42.645561],[100.984644,42.645099],[101.003616,42.64091],[101.003975,42.640831],[101.030251,42.635609],[101.053632,42.631123],[101.058886,42.630115],[101.101677,42.621906],[101.1306,42.616222],[101.152763,42.612057],[101.179832,42.606628],[101.237648,42.595211],[101.276062,42.587204],[101.289268,42.584373],[101.301575,42.580956],[101.342659,42.572792],[101.353325,42.570385],[101.368034,42.567307],[101.406311,42.559814],[101.41571,42.557377],[101.424576,42.555676],[101.432471,42.553912],[101.460083,42.547741],[101.500633,42.539143],[101.511772,42.537102],[101.555847,42.528168],[101.563214,42.52499],[101.567978,42.522934],[101.579636,42.523727],[101.593254,42.522884],[101.616699,42.520889],[101.627182,42.519924],[101.684586,42.514626],[101.691902,42.513996],[101.714874,42.511372],[101.732927,42.510125],[101.734554,42.510013],[101.741341,42.509544],[101.747117,42.509158],[101.747117,42.509158],[101.750412,42.508938],[101.757477,42.508301],[101.768059,42.507713],[101.780182,42.506035],[101.789253,42.505424],[101.790751,42.505015],[101.794364,42.504028],[101.801552,42.502064],[101.805422,42.498936],[101.806305,42.498222],[101.816856,42.489075],[101.825905,42.4799],[101.831062,42.473263],[101.841103,42.464031],[101.850838,42.455036],[101.858192,42.447716],[101.867897,42.438267],[101.875237,42.430714],[101.884041,42.421745],[101.89048,42.414909],[101.898361,42.406193],[101.90789,42.397209],[101.914665,42.389706],[101.92292,42.381676],[101.928151,42.375382],[101.928238,42.375278],[101.928416,42.375115],[101.936783,42.367458],[101.943848,42.361057],[101.950279,42.354218],[101.954811,42.349537],[101.961006,42.342545],[101.966148,42.337402],[101.972321,42.331154],[101.979912,42.324917],[101.985153,42.319038],[101.992093,42.310795],[102,42.301403],[102.068161,42.230381],[102.073738,42.221767],[102.0914,42.221733],[102.446739,42.1422],[102.530834,42.15902],[102.540041,42.160573],[102.619347,42.152924],[102.635033,42.15256],[102.643539,42.152363],[102.678058,42.15171],[102.7099,42.151108],[102.71131,42.150541],[102.925293,42.064475],[102.999229,42.034737],[103.019524,42.026329],[103.204948,41.961029],[103.379486,41.894198],[103.389175,41.890488],[103.413243,41.881281],[103.41555,41.880398],[103.434344,41.877864],[103.44791,41.876036],[103.451714,41.875523],[103.7425,41.823925],[103.835381,41.805172],[103.854294,41.799141],[103.866196,41.800957],[104.051247,41.803925],[104.076569,41.802975],[104.092575,41.806602],[104.116295,41.810596],[104.132004,41.812836],[104.189514,41.822567],[104.248909,41.830544],[104.293175,41.836924],[104.305573,41.838711],[104.362198,41.849575],[104.415367,41.858555],[104.472023,41.86644],[104.527061,41.873165],[104.527306,41.830994],[104.522774,41.743622],[104.521187,41.660183],[104.63401,41.650726],[104.685669,41.643585],[104.800156,41.650417],[104.904488,41.654392],[104.919655,41.652527],[104.962097,41.621601],[105.005875,41.581402],[105.207352,41.736053],[105.226723,41.74929],[105.229717,41.74923],[105.229842,41.749228],[105.22108,41.672902],[105.19755,41.540549],[105.218336,41.398452],[105.215862,41.379926],[105.242459,41.32082],[105.31292,41.199922],[105.330012,41.129884],[105.313581,41.111611],[105.374828,41.057869],[105.398861,41.014321],[105.390854,40.983317],[105.499989,40.925939],[105.554668,40.889219],[105.63226,40.853524],[105.693611,40.809935],[105.775613,40.784583],[105.831459,40.78065],[105.865522,40.762284],[105.935309,40.740017],[106.110474,40.716577],[106.130831,40.709705],[106.153687,40.692605],[106.177999,40.703335],[106.203597,40.675159],[106.245495,40.668139],[106.242679,40.624896],[106.253695,40.621612],[106.260607,40.608302],[106.275729,40.597279],[106.296476,40.590757],[106.321122,40.596907],[106.400741,40.572957],[106.438754,40.554596],[106.474626,40.553879],[106.483381,40.543674],[106.493885,40.482059],[106.476181,40.492761],[106.431067,40.494835],[106.369368,40.490768],[106.340012,40.518488],[106.276345,40.538387],[106.274957,40.508288],[106.204583,40.515111],[106.228137,40.460191],[106.323856,40.345285],[106.427988,40.347391],[106.449038,40.326336],[106.463467,40.324456],[106.516451,40.372566],[106.598846,40.385885],[106.667825,40.383816],[106.808725,40.368921],[106.815389,40.354342],[106.762828,40.295802],[106.700985,40.261308],[106.735386,40.195316],[106.805129,40.181703],[106.861583,40.184461],[106.862193,40.168005],[106.843056,40.14166],[106.829956,40.130775],[106.807296,40.095753],[106.770858,40.081292],[106.76306,40.073919],[106.76393,40.060824],[106.738563,40.050783],[106.721825,40.038867],[106.717356,40.029972],[106.716192,40.019532],[106.72759,39.990832],[106.712505,39.963425],[106.727926,39.941293],[106.731655,39.928104],[106.714416,39.916877],[106.701988,39.898647],[106.708441,39.886246],[106.74497,39.857624],[106.753851,39.828951],[106.747724,39.807231],[106.756575,39.78451],[106.751459,39.76833],[106.75388,39.747674],[106.747473,39.727908],[106.750548,39.714324],[106.758436,39.701687],[106.787243,39.68949],[106.789527,39.683604],[106.78745,39.677054],[106.763767,39.658693],[106.758171,39.645229],[106.771546,39.63585],[106.632845,39.573003],[106.63409,39.56577],[106.616006,39.553952],[106.605891,39.540484],[106.608102,39.512505],[106.630957,39.475284],[106.713666,39.441802],[106.746045,39.436048],[106.747744,39.427114],[106.735089,39.416011],[106.745617,39.384422],[106.731361,39.383606],[106.726738,39.377777],[106.668312,39.353622],[106.636742,39.356708],[106.625076,39.364944],[106.596931,39.373524],[106.523857,39.298542],[106.502877,39.270111],[106.428093,39.285671],[106.276062,39.274345],[106.269539,39.26268],[106.283272,39.216351],[106.273659,39.207085],[106.274002,39.200909],[106.275375,39.192329],[106.284988,39.185806],[106.289223,39.161839],[106.280571,39.145527],[106.246559,39.130791],[106.185097,39.143482],[106.166245,39.162441],[106.152573,39.159286],[106.141441,39.152306],[106.123568,39.129178],[106.108124,39.099903],[106.091865,39.083813],[106.087633,39.066863],[106.08313,39.040398],[106.084999,39.026222],[106.093025,39.018196],[106.075531,38.980026],[106.069161,38.972263],[106.051704,38.963471],[106.032722,38.961746],[106.019295,38.954452],[106.004135,38.935165],[105.96463,38.90456],[105.968277,38.890442],[105.985458,38.869392],[105.980873,38.855709],[105.940361,38.822998],[105.927849,38.804237],[105.915344,38.796959],[105.904396,38.78215],[105.897362,38.736927],[105.883951,38.713416],[105.882507,38.696049],[105.871529,38.671131],[105.854675,38.652454],[105.846428,38.631298],[105.849053,38.61462],[105.867294,38.594997],[105.853355,38.582382],[105.848946,38.571678],[105.855125,38.525726],[105.83563,38.48392],[105.830368,38.46936],[105.836128,38.44268],[105.822487,38.425018],[105.828102,38.390068],[105.826523,38.347763],[105.857872,38.298489],[105.860222,38.281113],[105.854952,38.263601],[105.840744,38.242138],[105.792984,38.216698],[105.778938,38.202232],[105.771065,38.186356],[105.76368,38.13398],[105.7677,38.107246],[105.778782,38.080935],[105.835793,38.007515],[105.835533,38.001305],[105.819138,37.976707],[105.795158,37.956264],[105.797684,37.937839],[105.790619,37.909321],[105.798691,37.891907],[105.800964,37.860611],[105.767906,37.819221],[105.76664,37.793983],[105.727524,37.794487],[105.659691,37.767963],[105.642639,37.778759],[105.618507,37.778259],[105.611015,37.753456],[105.611557,37.718895],[105.59662,37.707008],[105.569023,37.70068],[105.463432,37.702305],[105.444819,37.699181],[105.357254,37.71315],[105.260399,37.684826],[105.232025,37.671188],[105.200256,37.669743],[105.168961,37.662682],[105.020172,37.578518],[104.918289,37.570831],[104.899544,37.565578],[104.862694,37.565613],[104.828346,37.553448],[104.800667,37.537857],[104.609215,37.520508],[104.428863,37.513886],[104.426323,37.50956],[104.415321,37.510349],[104.403335,37.463284],[104.367691,37.460461],[104.352905,37.448444],[104.336563,37.442955],[104.318397,37.447113],[104.299271,37.440502],[104.289688,37.432178],[104.235367,37.410503],[104.180878,37.4062],[104.076187,37.471004],[103.847764,37.63782],[103.671044,37.784279],[103.398926,37.861134],[103.386659,37.916044],[103.354614,38.026272],[103.356689,38.055355],[103.367669,38.088991],[103.549507,38.158318],[103.521202,38.217999],[103.503921,38.281944],[103.480614,38.334072],[103.460335,38.360371],[103.411064,38.401695],[103.412323,38.407509],[103.559532,38.481186],[103.769951,38.596901],[103.876305,38.645123],[104.031906,38.891159],[104.174209,38.941463],[104.205711,39.092949],[104.052536,39.29747],[104.066833,39.349144],[104.087021,39.401318],[104.086376,39.418812],[103.9431,39.457893],[103.847931,39.4599],[103.342415,39.32822],[103.259499,39.264938],[103.010201,39.097759],[102.800865,39.14006],[102.602432,39.172009],[102.454231,39.254185],[102.35115,39.230392],[102.282021,39.190975],[101.82872,39.09206],[102.070866,38.890393],[101.937447,38.811375],[101.854851,38.716969],[101.773514,38.658054],[101.741669,38.67664],[101.718674,38.676739],[101.669579,38.68911],[101.648262,38.68465],[101.634323,38.668175],[101.603412,38.648042],[101.557991,38.712177],[101.501808,38.728619],[101.416687,38.76202],[101.386841,38.770565],[101.326767,38.77557],[101.307228,38.785656],[101.303879,38.800201],[101.333175,38.807587],[101.340721,38.823822],[101.332153,38.845951],[101.277603,38.848068],[101.236442,38.85762],[101.233353,38.905563],[101.195503,38.946262],[101.226814,39.020382],[101.127686,38.976509],[100.961761,38.94294],[100.969025,38.965786],[100.964379,38.999558],[100.958046,39.004921],[100.900291,39.029297],[100.880669,38.994938],[100.844963,39.016654],[100.82898,39.026833],[100.826981,39.072052],[100.866707,39.108871],[100.83844,39.205879],[100.829971,39.403286],[100.708305,39.403595],[100.661491,39.391861],[100.61203,39.386017],[100.529533,39.399002],[100.496677,39.399449],[100.498009,39.479485],[100.441719,39.484356],[100.323837,39.507473],[100.298302,39.571018],[100.311051,39.607262],[100.24514,39.683182],[100.1142,39.704234],[100.035164,39.754623],[99.964813,39.766117],[99.903977,39.786587],[99.81382,39.86377],[99.657806,39.887646],[99.452225,39.873878],[99.4416,39.883775],[99.445198,39.892147],[99.454483,39.895378],[99.55143,39.901875],[99.693916,39.959522],[99.733193,39.984955],[99.749924,40.00518],[99.840294,40.011764],[99.872162,40.024433],[99.926567,40.062439],[99.9552,40.150406],[99.988495,40.186565],[100.167947,40.276595],[100.167971,40.419805],[100.16803,40.540228],[100.241018,40.617629],[100.235713,40.715719],[100.106223,40.874144],[100.055372,40.906645],[99.677551,40.932785],[99.671634,40.931799],[99.564569,40.845746],[99.173246,40.857061],[99.171619,40.74611],[99.124078,40.713959],[99.099586,40.674286],[99.039299,40.691738],[98.982971,40.780914],[98.789063,40.703621],[98.805397,40.657219],[98.800865,40.605248],[98.713783,40.659855],[98.687851,40.689919],[98.666893,40.771023],[98.568519,40.745068],[98.624851,40.675954],[98.342468,40.566399],[98.330874,40.917093],[98.327806,40.918506],[98.141731,40.998966],[97.971359,41.095436],[97.627388,41.438591],[97.613335,41.475281],[97.845146,41.654228],[97.171951,42.793419],[97.181304,42.79232],[97.22628,42.787037],[97.239612,42.785446],[97.281944,42.780396],[97.313338,42.775546],[97.337509,42.771812],[97.375153,42.767085],[97.383185,42.766077],[97.390283,42.765114],[97.390442,42.765093],[97.395656,42.764384],[97.414003,42.761889],[97.4487,42.75695],[97.483208,42.751762],[97.50174,42.749481],[97.557854,42.741318],[97.614059,42.734013],[97.669579,42.726219],[97.682434,42.72477],[97.723137,42.718456],[97.779472,42.711571],[97.826088,42.705162],[97.826517,42.705103],[97.831844,42.704357],[97.87336,42.697826],[97.886841,42.695595],[97.93869,42.688812],[97.987503,42.682003],[98.03627,42.674156],[98.081886,42.66761],[98.095596,42.666382],[98.115791,42.662563],[98.144836,42.658989]]]]}},{"type":"Feature","properties":{"name":"开封市","code":"410200","gb":"156410200","province":"河南省","label":[114.53459827234397,34.60380309711794]},"geometry":{"type":"MultiPolygon","coordinates":[[[[114.877129,35.022488],[114.874703,34.997524],[114.900459,34.989552],[114.899254,34.976948],[114.920631,34.969528],[114.936783,34.989166],[114.949425,34.994968],[115.001488,34.988068],[115.003113,34.977383],[115.021606,34.968151],[115.02755,34.96909],[115.02668,34.98],[115.046059,34.985306],[115.052567,34.995365],[115.079918,34.994839],[115.103485,35.00531],[115.119987,35.007057],[115.126335,35.001125],[115.125218,34.994855],[115.124222,34.981323],[115.141083,34.974506],[115.150131,34.959297],[115.178154,34.960281],[115.184631,34.952679],[115.197868,34.959858],[115.208153,34.96014],[115.21759,34.953663],[115.214973,34.946171],[115.184776,34.924511],[115.182335,34.915321],[115.208878,34.904201],[115.230042,34.914963],[115.24762,34.909584],[115.249008,34.9021],[115.229507,34.884533],[115.228607,34.870125],[115.237572,34.843224],[115.252533,34.839706],[115.261211,34.831372],[115.257953,34.820844],[115.25036,34.813809],[115.236824,34.814963],[115.244066,34.804985],[115.242559,34.79951],[115.197216,34.807014],[115.193421,34.801467],[115.172884,34.799843],[115.169699,34.791772],[115.146507,34.777121],[115.141699,34.778856],[115.138418,34.790637],[115.12072,34.791528],[115.110178,34.787386],[115.109177,34.777974],[115.104719,34.775375],[115.060558,34.77296],[115.050245,34.767799],[115.034541,34.774631],[115.001843,34.774829],[114.992971,34.757244],[114.959885,34.759413],[114.944592,34.756452],[114.943346,34.748419],[114.923301,34.747722],[114.917777,34.748016],[114.907693,34.757719],[114.893298,34.759014],[114.888514,34.763699],[114.888076,34.777813],[114.864444,34.778214],[114.861345,34.768408],[114.826952,34.768843],[114.823199,34.757808],[114.831477,34.753521],[114.83122,34.746063],[114.835599,34.744111],[114.847935,34.751066],[114.862461,34.740387],[114.862286,34.734142],[114.850074,34.73412],[114.840045,34.727353],[114.836349,34.717412],[114.837891,34.711874],[114.8552,34.711393],[114.850789,34.701014],[114.855016,34.686818],[114.874052,34.688567],[114.874768,34.703086],[114.895051,34.701364],[114.905616,34.69308],[114.92632,34.689497],[114.931119,34.678146],[114.930631,34.667181],[114.927156,34.665208],[114.904515,34.677708],[114.882573,34.654465],[114.896508,34.646004],[114.893768,34.627374],[114.898109,34.595246],[114.906499,34.584627],[114.901702,34.571465],[114.912232,34.513217],[114.902719,34.498734],[114.904928,34.496684],[114.912286,34.502454],[114.917304,34.500242],[114.913475,34.486704],[114.9075,34.485286],[114.894079,34.464129],[114.881573,34.462941],[114.874709,34.453125],[114.860689,34.461893],[114.851499,34.445579],[114.860155,34.435403],[114.845478,34.428705],[114.843798,34.411573],[114.843699,34.401847],[114.866967,34.399262],[114.873995,34.388745],[114.881646,34.384126],[114.884855,34.386387],[114.882121,34.379639],[114.854271,34.365751],[114.85841,34.357728],[114.849971,34.333711],[114.854769,34.322306],[114.872537,34.321286],[114.872289,34.308411],[114.863971,34.309248],[114.862804,34.302835],[114.882949,34.300325],[114.890824,34.285887],[114.8954,34.28469],[114.894659,34.266055],[114.880243,34.265376],[114.874545,34.271565],[114.859019,34.27126],[114.827171,34.290644],[114.826741,34.269424],[114.807331,34.260176],[114.783488,34.262636],[114.7732,34.257096],[114.755604,34.255472],[114.75,34.249355],[114.757174,34.244333],[114.75539,34.238042],[114.734,34.234687],[114.72411,34.224362],[114.71026,34.226426],[114.705765,34.231634],[114.706298,34.23566],[114.714288,34.232025],[114.708823,34.242807],[114.682397,34.247348],[114.679578,34.242986],[114.669536,34.243498],[114.667182,34.252493],[114.644829,34.248546],[114.631065,34.262229],[114.620648,34.262721],[114.616737,34.261085],[114.60274,34.264537],[114.594339,34.27384],[114.550476,34.269784],[114.545365,34.278852],[114.549434,34.288708],[114.523729,34.28372],[114.520454,34.305104],[114.526834,34.306439],[114.522929,34.311675],[114.508099,34.315765],[114.508129,34.309979],[114.490468,34.311549],[114.480293,34.322009],[114.480442,34.329903],[114.473583,34.332618],[114.457381,34.332113],[114.457929,34.322415],[114.447711,34.321512],[114.433224,34.32962],[114.4346,34.337793],[114.425027,34.338648],[114.422433,34.335165],[114.431655,34.328686],[114.428958,34.31549],[114.409484,34.3098],[114.407621,34.306021],[114.419804,34.305814],[114.434321,34.295518],[114.437401,34.285608],[114.43317,34.273474],[114.424657,34.266394],[114.409846,34.267944],[114.407355,34.25223],[114.401382,34.247073],[114.380878,34.244009],[114.341302,34.251826],[114.323311,34.265465],[114.283232,34.274998],[114.271717,34.271739],[114.266092,34.261028],[114.254814,34.252782],[114.244764,34.249135],[114.240772,34.243041],[114.225567,34.241947],[114.215793,34.231012],[114.209539,34.231688],[114.206648,34.243345],[114.200643,34.243721],[114.196179,34.240567],[114.191495,34.220542],[114.176674,34.223582],[114.147396,34.215213],[114.152201,34.206919],[114.126711,34.195708],[114.100927,34.212207],[114.091233,34.244115],[114.065998,34.244569],[114.061874,34.252073],[114.041006,34.24607],[114.04032,34.239308],[114.003666,34.245354],[113.985787,34.265458],[113.985477,34.275936],[113.958285,34.283445],[113.952364,34.29198],[113.955002,34.295129],[113.943742,34.299632],[113.940802,34.294543],[113.932236,34.305645],[113.908083,34.303235],[113.899082,34.294414],[113.882929,34.331687],[113.883567,34.348486],[113.873857,34.357267],[113.873453,34.363223],[113.882279,34.3746],[113.87238,34.383011],[113.871252,34.405994],[113.879823,34.431079],[113.900458,34.458447],[113.907258,34.453651],[113.906718,34.44521],[113.917967,34.438156],[113.921954,34.438438],[113.927636,34.456067],[113.935531,34.457757],[113.944098,34.45296],[113.939948,34.436885],[113.943241,34.435663],[113.953023,34.440313],[113.982516,34.436376],[113.998696,34.439845],[114.015383,34.44808],[114.014498,34.464072],[113.999391,34.470386],[113.998854,34.463925],[113.991825,34.463803],[113.989857,34.482143],[113.992363,34.486592],[114.009404,34.484093],[114.017466,34.494919],[114.017919,34.505653],[114.04282,34.505092],[114.054024,34.498397],[114.067862,34.479914],[114.089176,34.47656],[114.093431,34.491382],[114.085398,34.502019],[114.08385,34.514302],[114.08707,34.512063],[114.099137,34.525523],[114.096913,34.548835],[114.102217,34.566118],[114.11207,34.566433],[114.126271,34.580718],[114.122502,34.595105],[114.126823,34.601698],[114.124347,34.592806],[114.127897,34.592177],[114.13136,34.606857],[114.120019,34.608954],[114.121152,34.616056],[114.129818,34.618826],[114.139962,34.615714],[114.139694,34.605508],[114.149521,34.60938],[114.145871,34.615889],[114.14702,34.631825],[114.154902,34.640472],[114.140056,34.65638],[114.149575,34.662861],[114.153124,34.670812],[114.155621,34.683169],[114.151702,34.690741],[114.162822,34.715939],[114.154687,34.717991],[114.14307,34.708806],[114.133379,34.728438],[114.151649,34.761235],[114.160544,34.760042],[114.167232,34.764583],[114.164882,34.777014],[114.147231,34.783163],[114.139582,34.796654],[114.129792,34.802333],[114.114036,34.803197],[114.111291,34.819176],[114.114414,34.824315],[114.120653,34.821231],[114.13364,34.828125],[114.147752,34.829611],[114.159226,34.830014],[114.164731,34.821036],[114.17894,34.81876],[114.192326,34.82335],[114.198789,34.843727],[114.195494,34.847376],[114.204765,34.869863],[114.201198,34.871061],[114.199804,34.880954],[114.206024,34.912568],[114.229881,34.90702],[114.240148,34.897612],[114.250552,34.895197],[114.277674,34.90498],[114.345776,34.903944],[114.365758,34.916373],[114.379498,34.935513],[114.392274,34.94069],[114.407807,34.936301],[114.428343,34.923018],[114.457749,34.910745],[114.496815,34.906985],[114.520764,34.899443],[114.536279,34.901298],[114.565067,34.915023],[114.58952,34.904988],[114.601227,34.906792],[114.652476,34.897911],[114.675782,34.899858],[114.692456,34.906427],[114.747415,34.890393],[114.763652,34.895798],[114.772881,34.906282],[114.776458,34.919009],[114.73943,34.949121],[114.750617,34.968826],[114.776617,34.99183],[114.794292,35.007227],[114.80437,35.011896],[114.807265,35.011653],[114.804321,35.011394],[114.849739,35.001686],[114.861527,35.023182],[114.86985,35.025608],[114.877129,35.022488]]]]}},{"type":"Feature","properties":{"name":"运城市","code":"140800","gb":"156140800","province":"山西省","label":[111.06558607516172,35.18678414052973]},"geometry":{"type":"MultiPolygon","coordinates":[[[[111.184777,35.765456],[111.190482,35.709491],[111.219663,35.711768],[111.233325,35.708637],[111.241088,35.695942],[111.241322,35.684857],[111.261617,35.683179],[111.27229,35.68633],[111.284051,35.702562],[111.324602,35.71499],[111.335736,35.700774],[111.331253,35.690177],[111.341619,35.681861],[111.341339,35.6714],[111.338403,35.668072],[111.321456,35.678249],[111.28827,35.673227],[111.285908,35.667203],[111.29706,35.649363],[111.286246,35.631543],[111.280178,35.628397],[111.262118,35.634386],[111.260711,35.607843],[111.26553,35.587341],[111.27568,35.583016],[111.281466,35.572498],[111.27197,35.569007],[111.27056,35.559598],[111.27502,35.552444],[111.289883,35.544829],[111.292601,35.538489],[111.312408,35.536456],[111.333313,35.553497],[111.34757,35.55731],[111.36674,35.554766],[111.404615,35.56989],[111.406619,35.564755],[111.423669,35.557559],[111.437371,35.558768],[111.455845,35.564687],[111.473215,35.559738],[111.486002,35.564722],[111.492919,35.562084],[111.515344,35.571682],[111.533979,35.565702],[111.546652,35.569371],[111.5698,35.553007],[111.577584,35.564282],[111.576761,35.582857],[111.595857,35.594498],[111.601919,35.62878],[111.612602,35.637764],[111.615097,35.645653],[111.626322,35.639679],[111.65087,35.642934],[111.666619,35.651469],[111.669119,35.656792],[111.674598,35.656537],[111.67724,35.649323],[111.665464,35.639713],[111.704961,35.641348],[111.729596,35.633372],[111.760424,35.614809],[111.77391,35.601519],[111.808229,35.596566],[111.829459,35.603876],[111.839547,35.601986],[111.845686,35.596254],[111.829474,35.5812],[111.826878,35.571278],[111.837168,35.553783],[111.902528,35.542363],[111.896265,35.522336],[111.883111,35.509842],[111.876772,35.515668],[111.864987,35.516526],[111.842958,35.510054],[111.844275,35.499184],[111.827619,35.478886],[111.832054,35.453899],[111.805862,35.436363],[111.808544,35.430764],[111.819112,35.429211],[111.831926,35.435207],[111.842515,35.424923],[111.845444,35.399218],[111.865457,35.395997],[111.879148,35.388131],[111.929567,35.387419],[111.936526,35.388983],[111.951096,35.403014],[111.950696,35.411656],[111.956122,35.419227],[111.971365,35.426226],[112.003311,35.391271],[112.019677,35.392626],[112.019986,35.366539],[112.015091,35.352411],[112.020744,35.346959],[112.04658,35.342004],[112.049177,35.327401],[112.058629,35.323573],[112.063915,35.314656],[112.058114,35.293043],[112.050433,35.288283],[112.052877,35.279141],[112.052452,35.265389],[112.071861,35.22913],[112.065613,35.211918],[112.045624,35.197353],[112.039299,35.186775],[112.041328,35.180382],[112.060753,35.168617],[112.059647,35.139534],[112.04847,35.086571],[112.055397,35.064644],[112.050797,35.050644],[112.029033,35.034736],[112.022507,35.049767],[112.00798,35.06638],[111.970993,35.070545],[111.949516,35.081684],[111.822304,35.072376],[111.809464,35.065647],[111.797417,35.031086],[111.777298,35.030396],[111.760803,35.017654],[111.738838,35.01395],[111.683933,34.992266],[111.667458,34.990791],[111.664711,34.986286],[111.671051,34.965214],[111.669182,34.949421],[111.640839,34.938946],[111.629954,34.930387],[111.619789,34.922432],[111.606956,34.894623],[111.591423,34.888626],[111.579514,34.861565],[111.566673,34.848797],[111.560978,34.84913],[111.53479,34.857098],[111.492798,34.832306],[111.45813,34.830814],[111.447182,34.836838],[111.435318,34.836838],[111.392866,34.818383],[111.380371,34.814468],[111.360962,34.816376],[111.332893,34.8298],[111.301201,34.813705],[111.268021,34.808739],[111.251007,34.814419],[111.220978,34.791927],[111.194794,34.804752],[111.161293,34.8097],[111.144028,34.805149],[111.132569,34.791655],[111.093567,34.753708],[111.073998,34.747601],[111.043457,34.749104],[111.021423,34.738964],[110.960228,34.704666],[110.952454,34.70855],[110.949013,34.724022],[110.939095,34.733331],[110.906654,34.73423],[110.904267,34.699551],[110.897766,34.685028],[110.882378,34.663353],[110.855499,34.642544],[110.837723,34.644928],[110.827103,34.632576],[110.813667,34.626072],[110.774002,34.650997],[110.760323,34.656361],[110.74279,34.655548],[110.71331,34.631924],[110.696617,34.608082],[110.68383,34.615669],[110.671036,34.593269],[110.663376,34.589916],[110.647164,34.592968],[110.605377,34.612686],[110.528015,34.58395],[110.463692,34.619369],[110.434082,34.600529],[110.403137,34.588371],[110.391251,34.589478],[110.367493,34.601082],[110.343178,34.607437],[110.294274,34.60992],[110.260849,34.624291],[110.240452,34.641365],[110.232391,34.660484],[110.233527,34.675367],[110.240036,34.71542],[110.249718,34.73798],[110.252022,34.766216],[110.230789,34.894138],[110.229546,34.924698],[110.239113,34.942783],[110.274484,34.977397],[110.320122,35.026604],[110.334909,35.061371],[110.36557,35.1698],[110.386597,35.265747],[110.409732,35.300103],[110.424665,35.315595],[110.4636,35.353397],[110.475319,35.378784],[110.485901,35.422348],[110.53054,35.468266],[110.547239,35.506133],[110.581909,35.581711],[110.601044,35.605801],[110.608383,35.630745],[110.604897,35.647118],[110.580803,35.691292],[110.577537,35.73968],[110.611064,35.761799],[110.623228,35.782361],[110.646706,35.788439],[110.666911,35.778537],[110.669083,35.768549],[110.688182,35.764233],[110.693522,35.757963],[110.697384,35.748713],[110.687946,35.754253],[110.676186,35.748331],[110.678658,35.729748],[110.739474,35.745067],[110.751212,35.741377],[110.7585,35.732376],[110.767386,35.734391],[110.788065,35.725214],[110.81011,35.726652],[110.815667,35.72328],[110.827545,35.71926],[110.833088,35.725736],[110.850776,35.719585],[110.852951,35.714949],[110.880646,35.703334],[110.89131,35.691937],[110.916945,35.695226],[110.92689,35.710959],[110.94443,35.715588],[110.940121,35.723148],[110.941419,35.771284],[110.9485,35.778195],[110.949117,35.788414],[110.95589,35.799406],[110.969701,35.808507],[110.974302,35.804978],[110.969776,35.789857],[110.99124,35.76079],[110.987793,35.750431],[110.995055,35.740304],[111.001481,35.73687],[111.021622,35.740437],[111.038212,35.736137],[111.052997,35.739208],[111.052332,35.756107],[111.07181,35.768832],[111.070252,35.785057],[111.085248,35.794705],[111.088444,35.809378],[111.113557,35.821191],[111.123051,35.808595],[111.143265,35.80454],[111.155005,35.794969],[111.165883,35.773813],[111.184777,35.765456]]]]}},{"type":"Feature","properties":{"name":"南阳市","code":"411300","gb":"156411300","province":"河南省","label":[112.2842913838503,33.043223634219785]},"geometry":{"type":"MultiPolygon","coordinates":[[[[111.022606,33.179394],[111.005943,33.171005],[111.010575,33.185066],[111.022087,33.191078],[111.025009,33.186268],[111.022606,33.179394]]],[[[111.295137,33.778004],[111.313932,33.764155],[111.328669,33.770116],[111.378895,33.76809],[111.406707,33.754877],[111.42306,33.753314],[111.442172,33.740772],[111.490481,33.722469],[111.507811,33.738495],[111.52695,33.737908],[111.539539,33.729684],[111.574461,33.726528],[111.587396,33.721377],[111.620477,33.722746],[111.649639,33.711113],[111.653879,33.694806],[111.66087,33.688374],[111.682609,33.680895],[111.6964,33.680994],[111.708781,33.687376],[111.799469,33.656177],[111.80543,33.648655],[111.827018,33.640777],[111.820624,33.595996],[111.825609,33.591488],[111.838373,33.595308],[111.860852,33.594325],[111.896268,33.58587],[111.902812,33.582261],[111.913979,33.564117],[111.925511,33.573418],[111.957659,33.574204],[111.978743,33.585072],[112.0092,33.58691],[112.02237,33.593075],[112.018529,33.601727],[112.004282,33.599088],[112.003356,33.61152],[112.008592,33.620854],[112.025746,33.621943],[112.053004,33.605381],[112.057605,33.610247],[112.071037,33.608661],[112.079804,33.602924],[112.086068,33.605595],[112.088624,33.612827],[112.067968,33.640067],[112.074268,33.651477],[112.098636,33.655605],[112.108221,33.655666],[112.110687,33.651178],[112.116747,33.653233],[112.121229,33.660196],[112.117438,33.67907],[112.124874,33.696301],[112.140086,33.712134],[112.156253,33.720605],[112.171901,33.721198],[112.173621,33.699651],[112.187574,33.70265],[112.207886,33.697843],[112.223509,33.712642],[112.243962,33.72073],[112.250067,33.713202],[112.273728,33.713755],[112.282458,33.706043],[112.302551,33.699664],[112.305051,33.69003],[112.3226,33.671172],[112.329063,33.668109],[112.347132,33.670704],[112.354933,33.661364],[112.385773,33.668879],[112.402017,33.678506],[112.413873,33.678647],[112.437914,33.660154],[112.4525,33.64228],[112.487635,33.639173],[112.498759,33.62107],[112.513863,33.608961],[112.515493,33.596718],[112.524126,33.588913],[112.55451,33.592323],[112.583357,33.621286],[112.594585,33.621227],[112.603018,33.615988],[112.609431,33.600561],[112.628247,33.598555],[112.652205,33.608157],[112.655553,33.601864],[112.688901,33.588198],[112.720463,33.590032],[112.723071,33.584651],[112.736101,33.583298],[112.764051,33.561333],[112.801749,33.580176],[112.812207,33.576309],[112.838636,33.578657],[112.847639,33.587924],[112.848963,33.598065],[112.851219,33.606442],[112.863424,33.611774],[112.884895,33.609619],[112.890397,33.616566],[112.911856,33.607253],[112.935753,33.608833],[112.944403,33.590276],[112.959153,33.582884],[112.96765,33.586431],[112.984959,33.569359],[112.998876,33.570054],[113.016825,33.562346],[113.021501,33.556367],[113.01969,33.54957],[113.030516,33.544324],[113.031558,33.538358],[113.04093,33.535489],[113.044338,33.492511],[113.033773,33.467235],[113.039457,33.441767],[113.068372,33.450261],[113.106529,33.448013],[113.114432,33.442807],[113.123057,33.42796],[113.131653,33.425403],[113.145796,33.433815],[113.175752,33.436223],[113.189959,33.426743],[113.204434,33.404579],[113.220006,33.395586],[113.223883,33.38667],[113.219259,33.380134],[113.22643,33.366954],[113.25062,33.367357],[113.272444,33.351149],[113.289471,33.353314],[113.300262,33.343847],[113.321906,33.347217],[113.332268,33.353353],[113.369635,33.341446],[113.375011,33.343386],[113.383228,33.337265],[113.39479,33.336983],[113.396464,33.331146],[113.393146,33.329233],[113.390547,33.333294],[113.389906,33.326264],[113.397916,33.325436],[113.397727,33.304314],[113.379493,33.300657],[113.377594,33.296302],[113.384949,33.279071],[113.40038,33.261053],[113.401166,33.255923],[113.393631,33.253914],[113.398686,33.232086],[113.395526,33.227499],[113.385633,33.229289],[113.380501,33.222756],[113.373872,33.18592],[113.359968,33.186286],[113.37044,33.178423],[113.37958,33.177658],[113.380288,33.130562],[113.380738,33.12139],[113.352711,33.09412],[113.319703,33.082841],[113.300988,33.082474],[113.297574,33.089133],[113.267335,33.081469],[113.25494,33.084912],[113.233194,33.079143],[113.219295,33.069046],[113.197159,33.072203],[113.187943,33.068942],[113.180355,33.054676],[113.163308,33.055041],[113.152502,33.047133],[113.147589,33.032483],[113.116276,33.009987],[113.106993,32.979083],[113.089987,32.953549],[113.099619,32.947637],[113.106194,32.93517],[113.13456,32.931817],[113.141669,32.943357],[113.151416,32.933627],[113.169198,32.926764],[113.168851,32.920992],[113.175586,32.917698],[113.1875,32.916994],[113.195075,32.921678],[113.201648,32.91903],[113.193507,32.897931],[113.201587,32.886905],[113.19221,32.873446],[113.181664,32.869123],[113.172305,32.853104],[113.1598,32.849243],[113.161309,32.839094],[113.178936,32.823301],[113.172569,32.8065],[113.179111,32.802059],[113.180467,32.787573],[113.171544,32.776467],[113.200361,32.754011],[113.183563,32.720386],[113.189013,32.71187],[113.203669,32.728648],[113.199683,32.705789],[113.231423,32.700087],[113.24214,32.681728],[113.255972,32.671808],[113.260858,32.673086],[113.263889,32.66551],[113.252649,32.64888],[113.244673,32.653097],[113.241026,32.669545],[113.231765,32.679265],[113.232081,32.686094],[113.219242,32.688441],[113.220736,32.684832],[113.205004,32.681532],[113.195589,32.660528],[113.180471,32.652128],[113.181557,32.643921],[113.20196,32.633627],[113.195792,32.626727],[113.191245,32.605931],[113.197708,32.596563],[113.194962,32.588579],[113.198429,32.572937],[113.220405,32.572655],[113.239597,32.581689],[113.242864,32.594346],[113.247762,32.597662],[113.273553,32.598713],[113.306318,32.585661],[113.314663,32.590374],[113.324598,32.57916],[113.341782,32.574293],[113.353405,32.575812],[113.360031,32.571187],[113.387933,32.611601],[113.397619,32.615878],[113.416528,32.608608],[113.441298,32.585897],[113.452948,32.588759],[113.484499,32.570274],[113.508437,32.571789],[113.508661,32.584093],[113.523137,32.596261],[113.535826,32.589822],[113.560753,32.604021],[113.566036,32.62508],[113.579938,32.641192],[113.59628,32.647406],[113.596128,32.659892],[113.59079,32.663419],[113.614256,32.671034],[113.61461,32.691819],[113.604887,32.699872],[113.61067,32.715335],[113.621903,32.705806],[113.644241,32.710612],[113.66438,32.695352],[113.674317,32.693523],[113.680146,32.698108],[113.691192,32.698535],[113.712277,32.686902],[113.717304,32.676683],[113.75242,32.655531],[113.77681,32.655532],[113.781339,32.645515],[113.77771,32.639039],[113.779493,32.628334],[113.791501,32.62393],[113.807463,32.602039],[113.784404,32.587239],[113.776739,32.5688],[113.764606,32.563574],[113.759054,32.556248],[113.761226,32.535263],[113.753196,32.513477],[113.761211,32.483361],[113.754054,32.467451],[113.742614,32.465949],[113.733015,32.456469],[113.725536,32.458358],[113.722019,32.439884],[113.70656,32.422524],[113.715731,32.416238],[113.702827,32.415424],[113.69593,32.42308],[113.6604,32.421482],[113.659264,32.411724],[113.649597,32.415665],[113.624893,32.385265],[113.619843,32.360527],[113.589859,32.367088],[113.60012,32.351856],[113.586807,32.351345],[113.574173,32.341785],[113.555122,32.341705],[113.551956,32.32621],[113.565338,32.303322],[113.545967,32.30508],[113.54139,32.30825],[113.5354,32.328674],[113.522369,32.33255],[113.417198,32.275147],[113.399933,32.280941],[113.381378,32.298641],[113.348389,32.297382],[113.31633,32.322216],[113.312843,32.329327],[113.328323,32.343929],[113.326172,32.346912],[113.29995,32.349972],[113.269783,32.382114],[113.231148,32.403053],[113.211197,32.428516],[113.165169,32.425632],[113.156487,32.42107],[113.140968,32.382629],[113.123642,32.378765],[113.115532,32.381294],[113.095543,32.400555],[113.054138,32.405869],[113.028176,32.424937],[113.02005,32.426964],[113.009178,32.419224],[112.994057,32.418633],[112.988121,32.412701],[112.983971,32.402916],[112.991089,32.392239],[112.984863,32.38512],[112.982193,32.369701],[112.957581,32.375336],[112.961136,32.392536],[112.957878,32.394314],[112.948089,32.392834],[112.946312,32.382156],[112.938011,32.382454],[112.897428,32.396708],[112.884628,32.390461],[112.884926,32.380379],[112.87455,32.377708],[112.864166,32.398468],[112.833328,32.375931],[112.801895,32.370888],[112.785294,32.357246],[112.769577,32.360214],[112.762459,32.35191],[112.764534,32.347759],[112.759789,32.34568],[112.742294,32.345386],[112.727463,32.352501],[112.729538,32.360214],[112.723907,32.367626],[112.710266,32.363476],[112.704926,32.353096],[112.678238,32.357841],[112.65007,32.376522],[112.636429,32.375038],[112.633759,32.369999],[112.589569,32.387791],[112.581863,32.38364],[112.569702,32.384529],[112.57119,32.388382],[112.563774,32.396984],[112.555176,32.400543],[112.550728,32.397282],[112.539986,32.406651],[112.52906,32.384495],[112.524071,32.379501],[112.520251,32.381603],[112.510651,32.386055],[112.492905,32.381094],[112.475616,32.380421],[112.437569,32.354965],[112.400124,32.373348],[112.381157,32.37624],[112.353867,32.370617],[112.331543,32.354477],[112.323837,32.333599],[112.317886,32.328308],[112.304916,32.332138],[112.270714,32.357185],[112.24321,32.367176],[112.229149,32.38081],[112.223556,32.393562],[112.217094,32.389523],[112.201637,32.392097],[112.19796,32.385475],[112.193542,32.385475],[112.192444,32.396145],[112.165947,32.386211],[112.168526,32.399456],[112.165581,32.410126],[112.141662,32.413071],[112.13578,32.408657],[112.14093,32.403503],[112.154175,32.400929],[112.146812,32.396881],[112.147552,32.391731],[112.156014,32.386211],[112.149391,32.378853],[112.143135,32.381794],[112.125107,32.395409],[112.123634,32.403873],[112.115173,32.396515],[112.087212,32.419327],[112.074699,32.420429],[112.071022,32.435146],[112.058876,32.442139],[112.062554,32.461269],[112.055931,32.474884],[112.039741,32.475254],[112.029808,32.470837],[112.01693,32.454647],[112.004953,32.452158],[111.999222,32.451786],[111.996834,32.460869],[111.968658,32.485836],[111.946587,32.519318],[111.884163,32.505508],[111.866417,32.51474],[111.856163,32.534115],[111.847702,32.538158],[111.819809,32.536072],[111.751533,32.572292],[111.715263,32.60651],[111.664284,32.622475],[111.64061,32.608482],[111.635918,32.613926],[111.636978,32.627735],[111.635033,32.637047],[111.61261,32.629932],[111.597954,32.612595],[111.571899,32.595814],[111.554264,32.602919],[111.530213,32.623505],[111.520668,32.642632],[111.520714,32.656372],[111.507088,32.676136],[111.469528,32.697689],[111.46183,32.707489],[111.465324,32.714252],[111.462997,32.719852],[111.429863,32.725918],[111.418197,32.73362],[111.419365,32.737118],[111.4357,32.73782],[111.454132,32.73222],[111.462059,32.743183],[111.466263,32.759983],[111.455994,32.775616],[111.449699,32.761616],[111.437973,32.763477],[111.439194,32.755318],[111.434532,32.752285],[111.408165,32.756248],[111.373947,32.830689],[111.325302,32.843105],[111.287682,32.861381],[111.284027,32.867058],[111.284866,32.89455],[111.2743,32.906319],[111.2491,32.886044],[111.244186,32.886204],[111.240227,32.893936],[111.244148,32.916206],[111.237022,32.932598],[111.247384,32.957771],[111.261978,32.965698],[111.267822,32.973793],[111.252983,33.008404],[111.234718,33.021893],[111.241089,33.026619],[111.233467,33.038696],[111.212494,33.044414],[111.18325,33.039967],[111.165772,33.044735],[111.152107,33.038059],[111.147057,33.041477],[111.147026,33.05109],[111.191513,33.0727],[111.184204,33.094311],[111.170219,33.093357],[111.17054,33.116238],[111.153504,33.125633],[111.14003,33.1245],[111.125412,33.139122],[111.120643,33.161366],[111.112061,33.155331],[111.09259,33.178551],[111.082916,33.18367],[111.077423,33.184883],[111.061218,33.174713],[111.049141,33.157555],[111.031021,33.15501],[111.038651,33.168678],[111.049454,33.175667],[111.055809,33.186474],[111.054542,33.193783],[111.011955,33.219208],[110.977661,33.259674],[110.980621,33.297745],[111.002327,33.30542],[111.001633,33.312054],[110.991867,33.320145],[110.994759,33.325687],[111.009773,33.327526],[111.022923,33.33657],[111.017326,33.35651],[111.020432,33.376945],[111.006867,33.395515],[111.005753,33.409008],[110.991127,33.437637],[111.015183,33.45245],[111.021606,33.471107],[111.018837,33.509544],[110.999924,33.533756],[110.995537,33.545597],[111.001999,33.563107],[111.016456,33.550453],[111.025404,33.549706],[111.052127,33.555681],[111.066441,33.567045],[111.082635,33.562265],[111.099268,33.575939],[111.10862,33.577938],[111.128701,33.616074],[111.126764,33.628588],[111.138252,33.634037],[111.146562,33.644709],[111.145286,33.653559],[111.130352,33.666058],[111.124566,33.678251],[111.140733,33.685415],[111.162317,33.682229],[111.173911,33.686165],[111.178713,33.70207],[111.189647,33.714225],[111.18902,33.756398],[111.201744,33.781058],[111.215784,33.799289],[111.25412,33.797884],[111.260391,33.784567],[111.295137,33.778004]]]]}},{"type":"Feature","properties":{"name":"烟台市","code":"370600","gb":"156370600","province":"山东省","label":[120.80001515080212,37.236375272517186]},"geometry":{"type":"MultiPolygon","coordinates":[[[[120.877033,37.832073],[120.898518,37.818617],[120.929796,37.821032],[120.934505,37.775789],[120.971788,37.75536],[120.997087,37.752296],[121.007114,37.722916],[121.024225,37.712586],[121.060326,37.705879],[121.080069,37.710281],[121.137469,37.712061],[121.137433,37.681891],[121.122839,37.66839],[121.154308,37.643846],[121.137867,37.631417],[121.143861,37.598632],[121.17828,37.583093],[121.250441,37.573208],[121.29997,37.576944],[121.335102,37.583145],[121.366658,37.608122],[121.377111,37.596355],[121.372633,37.556259],[121.436402,37.524234],[121.44838,37.488058],[121.46986,37.469105],[121.508421,37.452436],[121.571691,37.43871],[121.595559,37.445237],[121.599052,37.463203],[121.63693,37.486481],[121.646994,37.466608],[121.692268,37.456361],[121.747529,37.453227],[121.853281,37.461376],[121.920213,37.468646],[121.927302,37.449126],[121.917847,37.435351],[121.910966,37.411385],[121.88697,37.395002],[121.887183,37.388008],[121.876364,37.369198],[121.862432,37.36199],[121.86387,37.349515],[121.856879,37.34311],[121.865605,37.330772],[121.858306,37.332037],[121.854972,37.328415],[121.831568,37.319213],[121.818576,37.302729],[121.805492,37.298151],[121.787093,37.301535],[121.790083,37.293833],[121.783933,37.271106],[121.770968,37.24758],[121.756119,37.247594],[121.74247,37.240561],[121.741738,37.224287],[121.74967,37.211252],[121.75661,37.217188],[121.764287,37.19601],[121.755738,37.178071],[121.747237,37.176328],[121.74399,37.182028],[121.749579,37.17069],[121.759173,37.178296],[121.762056,37.169974],[121.758752,37.161066],[121.748011,37.154633],[121.746476,37.140489],[121.732772,37.135456],[121.733181,37.128188],[121.709959,37.121254],[121.695792,37.123715],[121.689185,37.141396],[121.681191,37.144819],[121.676289,37.139238],[121.678993,37.132163],[121.6754,37.122374],[121.663673,37.115622],[121.651533,37.120206],[121.635378,37.135248],[121.625562,37.136208],[121.616784,37.129327],[121.606729,37.127991],[121.601374,37.130935],[121.596327,37.143541],[121.586979,37.14409],[121.580643,37.131749],[121.586265,37.125195],[121.577491,37.108956],[121.556623,37.11494],[121.514915,37.102573],[121.497342,37.104567],[121.476737,37.11696],[121.443004,37.126514],[121.424175,37.105553],[121.422573,37.096746],[121.407653,37.100124],[121.393233,37.095608],[121.349782,37.120676],[121.346092,37.128337],[121.353242,37.124934],[121.358618,37.128552],[121.35392,37.13768],[121.345673,37.136984],[121.334444,37.127089],[121.314201,37.132858],[121.310219,37.144706],[121.294808,37.144252],[121.287043,37.131029],[121.251002,37.112913],[121.238293,37.09238],[121.21871,37.088361],[121.211742,37.079338],[121.192695,37.07089],[121.186981,37.065135],[121.189698,37.054602],[121.197358,37.046841],[121.18631,37.039429],[121.192649,37.020274],[121.174084,37.013704],[121.170322,37.006809],[121.174617,36.998177],[121.197854,36.992408],[121.204901,36.984908],[121.21907,36.986661],[121.224739,36.975384],[121.221465,36.967209],[121.229847,36.956127],[121.250641,36.949413],[121.242787,36.944705],[121.24417,36.941763],[121.257042,36.927684],[121.270578,36.925678],[121.277588,36.914903],[121.2961,36.918501],[121.310714,36.905871],[121.326069,36.909125],[121.338642,36.91946],[121.35765,36.921918],[121.363334,36.904814],[121.358253,36.897184],[121.360415,36.892113],[121.366391,36.885425],[121.376684,36.882733],[121.355093,36.866278],[121.354069,36.850871],[121.362797,36.83995],[121.380944,36.829321],[121.384439,36.811319],[121.396286,36.803254],[121.396284,36.794208],[121.402455,36.788003],[121.426422,36.790894],[121.431645,36.796519],[121.454027,36.783428],[121.470004,36.781482],[121.444546,36.754859],[121.41218,36.762236],[121.376765,36.739504],[121.369212,36.714409],[121.33371,36.720052],[121.292003,36.712312],[121.242546,36.691629],[121.208002,36.692377],[121.148752,36.667445],[121.114342,36.646402],[121.082321,36.621049],[121.0533,36.615463],[121.038119,36.591431],[121.013468,36.579811],[120.994386,36.584603],[120.993803,36.603161],[120.946207,36.583333],[120.925546,36.591418],[120.927683,36.60822],[120.914472,36.627662],[120.889369,36.62328],[120.870644,36.652894],[120.856157,36.654188],[120.869418,36.628584],[120.809796,36.604376],[120.80556,36.591554],[120.790812,36.589031],[120.775715,36.59431],[120.772451,36.601081],[120.720952,36.624143],[120.706641,36.621121],[120.695934,36.6029],[120.65424,36.580421],[120.632971,36.574125],[120.629788,36.588869],[120.642235,36.627688],[120.654754,36.630331],[120.655131,36.651105],[120.647612,36.649781],[120.644055,36.662236],[120.636492,36.665423],[120.622716,36.65966],[120.621418,36.677606],[120.611794,36.689676],[120.582608,36.695467],[120.592109,36.707391],[120.578303,36.735678],[120.559648,36.735351],[120.541664,36.744261],[120.539254,36.749623],[120.540162,36.769144],[120.554472,36.783763],[120.558941,36.800836],[120.562943,36.803752],[120.594982,36.801206],[120.607183,36.828789],[120.582032,36.839562],[120.591634,36.853795],[120.573908,36.859594],[120.571997,36.87955],[120.618147,36.890526],[120.617388,36.909255],[120.615034,36.912866],[120.588275,36.91187],[120.568497,36.927926],[120.569166,36.945466],[120.558505,36.951242],[120.555687,36.960346],[120.561725,36.967212],[120.571117,37.000067],[120.577898,37.0018],[120.589198,36.990884],[120.596037,36.991766],[120.609433,37.02607],[120.601614,37.04714],[120.582301,37.048147],[120.578314,37.058306],[120.56615,37.045922],[120.556161,37.047558],[120.544841,37.040979],[120.53105,37.048543],[120.528237,37.056131],[120.534814,37.059919],[120.537266,37.075238],[120.531588,37.084315],[120.543052,37.118243],[120.538429,37.132166],[120.523166,37.136115],[120.520998,37.142908],[120.502275,37.146985],[120.487552,37.130125],[120.454165,37.113858],[120.435234,37.121969],[120.433802,37.115892],[120.411416,37.110357],[120.403758,37.094313],[120.392959,37.095606],[120.377997,37.105424],[120.364243,37.104309],[120.356264,37.100781],[120.352655,37.083506],[120.34235,37.076176],[120.33172,37.091349],[120.331997,37.103088],[120.324021,37.113664],[120.31491,37.105758],[120.308545,37.113899],[120.300449,37.114419],[120.29801,37.106632],[120.296751,37.131879],[120.275181,37.131302],[120.259101,37.114051],[120.252513,37.116678],[120.228856,37.121775],[120.228541,37.097261],[120.22475,37.088225],[120.218147,37.086587],[120.213155,37.07851],[120.211074,37.055878],[120.201177,37.045747],[120.20392,37.043672],[120.190538,37.033215],[120.185039,37.037517],[120.167727,37.033681],[120.162606,37.017607],[120.152645,37.011602],[120.136342,37.01454],[120.136308,37.020858],[120.132665,37.021439],[120.097045,37.013304],[120.085465,37.017505],[120.04371,37.019312],[120.037757,37.005707],[120.026713,36.996919],[119.984316,37.014695],[119.946715,37.010783],[119.919832,36.994363],[119.903465,36.992999],[119.879984,37.000079],[119.814894,36.998982],[119.803097,37.012422],[119.791335,37.013163],[119.766715,37.003808],[119.764563,36.995763],[119.753669,36.990437],[119.726559,36.987358],[119.716897,36.992591],[119.710798,37.006222],[119.682968,36.997229],[119.625534,37.015475],[119.604715,37.014792],[119.607851,37.03062],[119.603733,37.037106],[119.550899,37.057756],[119.556611,37.095586],[119.572076,37.101362],[119.57752,37.119229],[119.623677,37.137978],[119.623842,37.151011],[119.676838,37.15497],[119.673783,37.115781],[119.70395,37.118272],[119.703106,37.137396],[119.720769,37.138774],[119.728457,37.119951],[119.749547,37.122263],[119.750618,37.141676],[119.775663,37.15885],[119.785171,37.176568],[119.823433,37.191969],[119.861586,37.225249],[119.873688,37.228012],[119.895309,37.259483],[119.890083,37.293431],[119.876917,37.323737],[119.851756,37.325784],[119.834122,37.344219],[119.862263,37.377283],[119.907641,37.380191],[119.940505,37.391115],[119.951627,37.420128],[119.974905,37.414492],[120.00257,37.420662],[120.02671,37.43499],[120.068473,37.43922],[120.100892,37.459458],[120.144704,37.474159],[120.163081,37.482863],[120.217286,37.524534],[120.245348,37.553015],[120.274015,37.567518],[120.312491,37.606025],[120.308936,37.619334],[120.323983,37.644019],[120.288424,37.644906],[120.286406,37.662201],[120.250487,37.67221],[120.241456,37.658793],[120.21688,37.682112],[120.235211,37.688866],[120.30587,37.68666],[120.358802,37.692812],[120.406414,37.715011],[120.44749,37.747438],[120.493842,37.746826],[120.579855,37.757756],[120.603675,37.767921],[120.619673,37.785039],[120.641126,37.777867],[120.67254,37.791014],[120.717739,37.821604],[120.739496,37.827364],[120.782473,37.823776],[120.805267,37.814127],[120.831411,37.812151],[120.857594,37.829039],[120.877033,37.832073]]],[[[120.625941,37.979313],[120.619324,37.945803],[120.595583,37.965628],[120.614126,37.981595],[120.625941,37.979313]]],[[[120.752848,37.928228],[120.744152,37.898434],[120.727856,37.920532],[120.723344,37.961619],[120.692696,37.972359],[120.700935,37.991211],[120.720664,37.985684],[120.752848,37.928228]]],[[[120.774045,38.165373],[120.767463,38.157382],[120.736531,38.159801],[120.742306,38.199547],[120.755834,38.171926],[120.774045,38.165373]]],[[[120.809794,38.290574],[120.798469,38.285136],[120.795486,38.291634],[120.800975,38.29571],[120.804205,38.304073],[120.808183,38.311945],[120.817521,38.316202],[120.830584,38.316808],[120.839126,38.312575],[120.838758,38.303017],[120.834797,38.300836],[120.816501,38.299453],[120.809794,38.290574]]],[[[120.848,38.341163],[120.839084,38.336034],[120.836731,38.338931],[120.837097,38.347547],[120.840867,38.357537],[120.845038,38.349213],[120.850097,38.342872],[120.848,38.341163]]],[[[120.907482,38.357111],[120.91259,38.345432],[120.902132,38.350981],[120.892604,38.363658],[120.894221,38.369352],[120.906298,38.370568],[120.90648,38.366199],[120.907482,38.357111]]],[[[120.924398,38.390509],[120.926529,38.383888],[120.917708,38.386391],[120.89629,38.383137],[120.897661,38.390329],[120.9087,38.398136],[120.914766,38.400033],[120.918766,38.395589],[120.924398,38.390509]]]]}},{"type":"Feature","properties":{"name":"呼伦贝尔市","code":"150700","gb":"156150700","province":"内蒙古自治区","label":[121.19595819667288,49.66087900744486]},"geometry":{"type":"MultiPolygon","coordinates":[[[[121.48938,53.331169],[121.500351,53.313889],[121.531601,53.307648],[121.555046,53.290279],[121.576141,53.280861],[121.601257,53.260086],[121.612549,53.255497],[121.628746,53.259239],[121.659866,53.246796],[121.670654,53.236935],[121.670387,53.227329],[121.664703,53.219223],[121.668495,53.197117],[121.653038,53.194309],[121.645081,53.18639],[121.646141,53.180466],[121.668335,53.163052],[121.691818,53.157314],[121.715668,53.144039],[121.743256,53.147285],[121.751152,53.141254],[121.770989,53.108234],[121.772789,53.102551],[121.766426,53.092834],[121.780228,53.082108],[121.781639,53.076416],[121.809166,53.064106],[121.791306,53.048927],[121.778717,53.018986],[121.704246,52.992714],[121.700218,52.982353],[121.670227,52.946587],[121.668648,52.932838],[121.662033,52.921745],[121.64798,52.908218],[121.635971,52.906387],[121.622986,52.894482],[121.599419,52.889912],[121.602074,52.882416],[121.596916,52.872711],[121.613472,52.852001],[121.594375,52.834713],[121.571106,52.818024],[121.547379,52.810242],[121.522148,52.795559],[121.5046,52.778519],[121.476273,52.772907],[121.465019,52.765133],[121.465408,52.758053],[121.440674,52.728729],[121.425567,52.722931],[121.380943,52.69363],[121.377167,52.687382],[121.362885,52.680672],[121.333618,52.679581],[121.288063,52.66143],[121.283119,52.656059],[121.283264,52.647377],[121.274979,52.641243],[121.232544,52.628632],[121.229607,52.621242],[121.184319,52.594368],[121.190392,52.587193],[121.216316,52.574299],[121.269462,52.582588],[121.315628,52.569439],[121.317856,52.556915],[121.354431,52.527306],[121.383995,52.527943],[121.397026,52.522736],[121.40139,52.505226],[121.458878,52.488152],[121.468964,52.481728],[121.491974,52.478313],[121.511543,52.455402],[121.51915,52.453041],[121.558105,52.459084],[121.583305,52.441982],[121.640923,52.441277],[121.647003,52.432022],[121.6716,52.418549],[121.651413,52.389137],[121.673699,52.37653],[121.701439,52.351456],[121.70826,52.341755],[121.706344,52.320003],[121.711236,52.314884],[121.762154,52.306866],[121.834137,52.281418],[121.893822,52.279484],[121.920044,52.284504],[121.940727,52.297192],[121.951523,52.3232],[121.962204,52.326118],[121.969704,52.342468],[122.028358,52.376102],[122.040329,52.393436],[122.033226,52.411606],[122.074379,52.419338],[122.083839,52.425655],[122.073212,52.438744],[122.100006,52.451042],[122.108765,52.465805],[122.126373,52.474529],[122.123718,52.485001],[122.134987,52.493397],[122.132195,52.507298],[122.158913,52.513412],[122.171936,52.486404],[122.183975,52.474922],[122.200699,52.467854],[122.260086,52.470299],[122.292419,52.476227],[122.303345,52.473862],[122.318863,52.458073],[122.323837,52.433456],[122.33152,52.427391],[122.336189,52.411457],[122.359695,52.41222],[122.369187,52.39658],[122.390282,52.391136],[122.400482,52.376186],[122.409187,52.372639],[122.432434,52.392124],[122.439896,52.392448],[122.455429,52.362019],[122.474945,52.346489],[122.477005,52.340118],[122.467087,52.32354],[122.471512,52.313313],[122.465607,52.29953],[122.470978,52.2948],[122.500267,52.287151],[122.553696,52.281376],[122.579117,52.265209],[122.632934,52.270828],[122.644348,52.27552],[122.671905,52.275356],[122.689575,52.269142],[122.689064,52.260227],[122.703713,52.25489],[122.755928,52.265461],[122.77759,52.252292],[122.782883,52.243786],[122.780037,52.238503],[122.75901,52.23122],[122.757256,52.22686],[122.765503,52.209343],[122.762947,52.177105],[122.739845,52.16523],[122.730896,52.152119],[122.687325,52.14299],[122.683716,52.139072],[122.623688,52.135235],[122.622765,52.128601],[122.637055,52.108189],[122.61747,52.065708],[122.643624,52.057766],[122.645325,52.036079],[122.654587,52.02224],[122.656204,52],[122.664574,51.983723],[122.676994,51.973187],[122.705444,51.978809],[122.719078,51.977394],[122.721466,51.966591],[122.717919,51.941719],[122.723884,51.921692],[122.706398,51.906021],[122.699204,51.888771],[122.718529,51.876717],[122.727623,51.853195],[122.725281,51.832214],[122.753311,51.801876],[122.764946,51.778065],[122.761307,51.765324],[122.742737,51.742352],[122.758423,51.732422],[122.76786,51.70248],[122.809021,51.653793],[122.81369,51.631725],[122.834152,51.622601],[122.849373,51.605347],[122.825012,51.583649],[122.867035,51.559875],[122.878464,51.541088],[122.853866,51.527878],[122.85215,51.523334],[122.876221,51.507717],[122.876999,51.501976],[122.858307,51.48246],[122.849304,51.478756],[122.851252,51.472529],[122.862717,51.462906],[122.864036,51.45372],[122.893524,51.443935],[122.891426,51.426121],[122.895935,51.415264],[122.939575,51.403786],[122.955421,51.392906],[122.959022,51.385502],[122.953171,51.360218],[122.959213,51.344513],[122.994202,51.311451],[123.007172,51.308414],[123.038803,51.31823],[123.06189,51.319305],[123.083961,51.309639],[123.105652,51.305927],[123.1204,51.296196],[123.146156,51.299252],[123.180924,51.282848],[123.219437,51.279858],[123.224045,51.277683],[123.224113,51.267151],[123.274849,51.250103],[123.282829,51.249447],[123.307098,51.263496],[123.332031,51.270885],[123.370727,51.26532],[123.390716,51.274879],[123.406555,51.276997],[123.43232,51.269222],[123.44825,51.272701],[123.455307,51.28511],[123.479759,51.290192],[123.520699,51.285435],[123.560387,51.288944],[123.57531,51.293346],[123.575073,51.305492],[123.588959,51.310608],[123.635208,51.318493],[123.654526,51.317726],[123.652947,51.341358],[123.673698,51.35017],[123.677528,51.372505],[123.703468,51.39674],[123.710861,51.397678],[123.719124,51.395607],[123.747498,51.373497],[123.787079,51.35976],[123.819847,51.367275],[123.835129,51.366138],[123.882988,51.317989],[123.918816,51.299274],[123.932579,51.311687],[123.987068,51.321251],[124.064033,51.319088],[124.075081,51.324471],[124.082527,51.339584],[124.091431,51.341133],[124.120346,51.345718],[124.131775,51.33802],[124.154602,51.344166],[124.179603,51.336941],[124.203506,51.347168],[124.21714,51.348324],[124.231697,51.343037],[124.257454,51.323399],[124.264068,51.306683],[124.298462,51.294315],[124.304123,51.287937],[124.331863,51.291817],[124.334785,51.27499],[124.340217,51.270225],[124.357674,51.277657],[124.392418,51.269833],[124.407005,51.277809],[124.422455,51.299507],[124.418961,51.330105],[124.429321,51.351974],[124.44899,51.359089],[124.47036,51.360638],[124.482613,51.378773],[124.508873,51.377628],[124.519058,51.372913],[124.548447,51.373936],[124.567749,51.368896],[124.579956,51.362274],[124.617325,51.327248],[124.624832,51.325371],[124.647995,51.334389],[124.68615,51.331619],[124.72216,51.344738],[124.743675,51.355404],[124.754059,51.383438],[124.764809,51.388542],[124.806824,51.387424],[124.857208,51.378189],[124.877815,51.38657],[124.876083,51.406124],[124.902176,51.428963],[124.927841,51.43623],[124.935058,51.446037],[124.925896,51.468166],[124.910225,51.472893],[124.908577,51.478458],[124.917877,51.483372],[124.920639,51.496334],[124.976051,51.506802],[124.998749,51.527691],[125.039566,51.527924],[125.064804,51.551685],[125.064957,51.563828],[125.052727,51.598694],[125.0635,51.613861],[125.066139,51.628654],[125.078964,51.638691],[125.090767,51.656559],[125.101036,51.659592],[125.120323,51.657219],[125.121544,51.637226],[125.127304,51.632412],[125.168007,51.63765],[125.20697,51.626438],[125.220833,51.638943],[125.252159,51.628719],[125.274658,51.635818],[125.308136,51.608292],[125.31749,51.616383],[125.343536,51.622177],[125.35318,51.616043],[125.370415,51.597576],[125.374008,51.586151],[125.412796,51.56575],[125.481522,51.510986],[125.523216,51.485157],[125.536209,51.461288],[125.550499,51.459927],[125.557961,51.451336],[125.566254,51.45023],[125.571571,51.443981],[125.562607,51.439102],[125.561691,51.430874],[125.586594,51.417011],[125.597817,51.399231],[125.614387,51.397007],[125.612709,51.382042],[125.629024,51.37158],[125.638939,51.359089],[125.653107,51.35696],[125.650978,51.348782],[125.668732,51.335972],[125.690903,51.330479],[125.703003,51.310387],[125.700958,51.302959],[125.713653,51.298637],[125.724129,51.285381],[125.723442,51.279396],[125.754585,51.25845],[125.756531,51.244068],[125.745277,51.229534],[125.750809,51.225525],[125.785171,51.222473],[125.815285,51.224117],[125.847054,51.209129],[125.846008,51.200153],[125.856155,51.184647],[125.854843,51.17342],[125.86731,51.16758],[125.87516,51.152927],[125.859093,51.148399],[125.858475,51.143162],[125.886215,51.135117],[125.904655,51.139534],[125.93203,51.128483],[125.931496,51.123993],[125.919441,51.123047],[125.91909,51.120052],[125.933205,51.108116],[125.943802,51.106873],[125.969704,51.123718],[125.975639,51.12344],[125.980774,51.116428],[125.992004,51.120415],[125.993843,51.115814],[125.973526,51.095699],[125.986794,51.086803],[125.974648,51.085114],[125.973015,51.081429],[125.986725,51.076271],[126,51.061749],[126.011139,51.063915],[126.004463,51.056793],[126.00856,51.052223],[126.023041,51.053764],[126.024986,51.048988],[126.019684,51.043896],[126.052139,51.03833],[126.055595,51.031284],[126.049866,51.028473],[126.037712,51.034962],[126.032768,51.030102],[126.042397,51.023125],[126.031921,51.0214],[126.027718,51.002827],[126.03727,50.998363],[126.041862,50.989502],[126.041458,50.978062],[126.058899,50.976204],[126.063126,50.967335],[126.076195,50.966572],[126.069855,50.959869],[126.050301,50.959412],[126.052025,50.949142],[126.038109,50.941662],[126.038254,50.923138],[126.029716,50.930813],[126.021355,50.932087],[126.013162,50.921113],[126.021858,50.900761],[125.992065,50.903625],[125.996269,50.896744],[125.988106,50.8881],[125.994682,50.873493],[125.986794,50.867092],[125.974152,50.870701],[125.971733,50.890373],[125.96434,50.898247],[125.957245,50.898582],[125.938522,50.870865],[125.939262,50.867065],[125.95182,50.862717],[125.950012,50.857533],[125.937492,50.8521],[125.890854,50.859539],[125.887878,50.854412],[125.910805,50.847328],[125.918282,50.840206],[125.918755,50.834167],[125.907074,50.82568],[125.872971,50.818233],[125.882202,50.805771],[125.856598,50.78965],[125.824654,50.790367],[125.825806,50.779785],[125.839752,50.767101],[125.83754,50.758179],[125.82296,50.755081],[125.802101,50.769585],[125.783401,50.771938],[125.748917,50.750187],[125.754044,50.743183],[125.773247,50.745319],[125.788231,50.741627],[125.788727,50.735584],[125.769592,50.723667],[125.774971,50.71891],[125.794235,50.719261],[125.818016,50.701893],[125.81842,50.695103],[125.782135,50.677952],[125.796043,50.654747],[125.786789,50.646141],[125.784668,50.637962],[125.807228,50.618114],[125.803391,50.594967],[125.81002,50.590904],[125.82019,50.566357],[125.815125,50.553047],[125.819138,50.546844],[125.792282,50.539047],[125.780441,50.528301],[125.759575,50.531517],[125.757805,50.526329],[125.76609,50.516171],[125.761894,50.510342],[125.744621,50.503601],[125.733902,50.50259],[125.732147,50.507935],[125.745056,50.517883],[125.730141,50.521568],[125.690582,50.494766],[125.670563,50.494915],[125.668724,50.488976],[125.671997,50.486576],[125.696198,50.48172],[125.652908,50.473885],[125.624657,50.442043],[125.613785,50.439522],[125.603218,50.45052],[125.589317,50.452641],[125.572182,50.446629],[125.585503,50.43927],[125.582588,50.434128],[125.554878,50.439114],[125.554306,50.433872],[125.575035,50.408134],[125.567032,50.39946],[125.522232,50.420231],[125.516739,50.412949],[125.50071,50.40612],[125.519722,50.397018],[125.528725,50.382336],[125.511734,50.366528],[125.535896,50.361706],[125.54126,50.35696],[125.533592,50.35128],[125.515808,50.349796],[125.507057,50.344917],[125.50766,50.339619],[125.52282,50.327679],[125.497307,50.319763],[125.513794,50.309265],[125.504044,50.305927],[125.484421,50.30904],[125.472466,50.296017],[125.452126,50.292385],[125.45993,50.266472],[125.437592,50.26593],[125.43306,50.256344],[125.440437,50.248508],[125.440491,50.237972],[125.456879,50.226734],[125.44606,50.224194],[125.437202,50.229088],[125.425385,50.228088],[125.424911,50.223598],[125.439354,50.216206],[125.441055,50.210117],[125.422142,50.197392],[125.401855,50.193748],[125.379936,50.196941],[125.37426,50.187405],[125.382957,50.181015],[125.383415,50.174225],[125.37487,50.17083],[125.362442,50.175117],[125.350632,50.162834],[125.326241,50.164619],[125.326866,50.159325],[125.337738,50.151348],[125.36763,50.146317],[125.371742,50.140877],[125.367935,50.138027],[125.32695,50.137508],[125.321983,50.134712],[125.325325,50.121784],[125.321213,50.11594],[125.312988,50.115532],[125.30748,50.118778],[125.304672,50.136944],[125.293411,50.141182],[125.287834,50.132385],[125.271927,50.12553],[125.275284,50.112602],[125.253418,50.104488],[125.253746,50.096203],[125.275925,50.096031],[125.281364,50.092041],[125.263931,50.081486],[125.264557,50.076199],[125.280075,50.068024],[125.322945,50.06472],[125.32798,50.05698],[125.306915,50.045082],[125.295441,50.047073],[125.273422,50.060032],[125.2584,50.050129],[125.239578,50.048653],[125.241219,50.041817],[125.250061,50.036938],[125.283455,50.032532],[125.288879,50.028542],[125.289597,50.012718],[125.282791,50.003227],[125.23243,49.989532],[125.235809,49.965324],[125.228241,49.959621],[125.176102,49.962528],[125.172028,49.956676],[125.186432,49.949318],[125.190025,49.938641],[125.216576,49.924755],[125.204788,49.911705],[125.221977,49.897453],[125.237869,49.870468],[125.231628,49.866215],[125.211868,49.866283],[125.209099,49.861885],[125.22702,49.855125],[125.233292,49.848095],[125.219276,49.835892],[125.18187,49.833679],[125.168694,49.829708],[125.169432,49.82663],[125.186798,49.813168],[125.195976,49.812038],[125.218987,49.798298],[125.213699,49.757145],[125.193123,49.736938],[125.208916,49.732525],[125.217407,49.724651],[125.207672,49.708511],[125.212784,49.666927],[125.194,49.652668],[125.192131,49.633938],[125.185852,49.628933],[125.17585,49.63311],[125.177628,49.651085],[125.173759,49.658768],[125.148643,49.674095],[125.130043,49.673351],[125.121376,49.66769],[125.120255,49.644424],[125.136192,49.618195],[125.143967,49.614872],[125.152397,49.618282],[125.156967,49.629375],[125.166336,49.630493],[125.17392,49.613632],[125.189301,49.605473],[125.200554,49.590717],[125.208618,49.590382],[125.216125,49.596088],[125.226036,49.591156],[125.225388,49.573132],[125.211906,49.565422],[125.228043,49.553467],[125.229698,49.535347],[125.206917,49.538555],[125.197639,49.538185],[125.197273,49.534443],[125.21463,49.523186],[125.21743,49.50502],[125.236748,49.501953],[125.239594,49.495815],[125.21946,49.490643],[125.215492,49.485542],[125.238571,49.474045],[125.260506,49.451305],[125.259682,49.443069],[125.248451,49.434517],[125.249832,49.390831],[125.267967,49.376526],[125.266159,49.358547],[125.250969,49.356182],[125.256493,49.342411],[125.243385,49.326416],[125.252419,49.313244],[125.23291,49.302032],[125.221817,49.282944],[125.205421,49.279873],[125.204979,49.275375],[125.223984,49.270065],[125.214297,49.262168],[125.226219,49.257938],[125.224709,49.254238],[125.206108,49.252014],[125.22126,49.231071],[125.209846,49.196949],[125.213448,49.187019],[125.208511,49.183468],[125.181175,49.185364],[125.168365,49.171612],[125.154007,49.16544],[125.154678,49.148865],[125.149529,49.143059],[125.121559,49.138203],[125.107635,49.124489],[125.045181,49.142086],[125.026787,49.153358],[125.034203,49.171108],[125.028854,49.175087],[125.012726,49.174232],[124.978127,49.159832],[124.946159,49.161102],[124.908806,49.178375],[124.889389,49.179138],[124.873436,49.167732],[124.859596,49.166771],[124.847015,49.154476],[124.844505,49.139534],[124.833702,49.121029],[124.797287,49.111286],[124.796814,49.106041],[124.822266,49.071224],[124.808235,49.055222],[124.81398,49.042969],[124.802788,49.032879],[124.800766,49.023178],[124.782951,49.015594],[124.778862,49.008236],[124.767212,49.005672],[124.772095,48.996464],[124.767876,48.987602],[124.750473,48.971725],[124.738045,48.947388],[124.73838,48.938354],[124.744537,48.930603],[124.742745,48.922034],[124.727097,48.913971],[124.696815,48.919632],[124.702049,48.90139],[124.694183,48.889656],[124.705009,48.883236],[124.704758,48.867458],[124.689629,48.850735],[124.690979,48.84016],[124.675575,48.833221],[124.65976,48.834568],[124.642708,48.821674],[124.633507,48.794205],[124.644875,48.780994],[124.645226,48.771961],[124.606659,48.746334],[124.607056,48.724522],[124.613884,48.711487],[124.613861,48.69796],[124.606636,48.666653],[124.594368,48.65583],[124.593384,48.631058],[124.584457,48.619366],[124.568954,48.610165],[124.570747,48.591309],[124.555565,48.585854],[124.562576,48.575069],[124.559875,48.569908],[124.547844,48.57486],[124.535309,48.573814],[124.529846,48.56274],[124.516815,48.555698],[124.512802,48.548328],[124.520134,48.541294],[124.538795,48.534599],[124.538109,48.52636],[124.523445,48.513363],[124.532013,48.480728],[124.547394,48.462124],[124.521683,48.451794],[124.519493,48.439095],[124.527557,48.427525],[124.527992,48.419243],[124.512123,48.404785],[124.523239,48.389351],[124.510002,48.379311],[124.509628,48.374817],[124.51693,48.367783],[124.536659,48.361046],[124.538773,48.345936],[124.531029,48.334198],[124.551483,48.322918],[124.558022,48.306892],[124.571114,48.301899],[124.573044,48.298073],[124.565552,48.289326],[124.556381,48.287415],[124.557007,48.281376],[124.548645,48.275673],[124.54821,48.270424],[124.570755,48.257568],[124.558281,48.243],[124.560883,48.233879],[124.557953,48.225723],[124.545868,48.215645],[124.544991,48.205158],[124.538635,48.196373],[124.514252,48.186749],[124.515121,48.170181],[124.506973,48.166718],[124.521461,48.151909],[124.508286,48.141869],[124.502319,48.124054],[124.476349,48.121994],[124.471573,48.118408],[124.467865,48.10051],[124.460602,48.094009],[124.437195,48.095608],[124.430565,48.083069],[124.41868,48.088808],[124.419853,48.102993],[124.43605,48.109173],[124.427139,48.123772],[124.463425,48.128479],[124.468575,48.136555],[124.458488,48.150448],[124.474205,48.164158],[124.468353,48.174892],[124.451187,48.171005],[124.425743,48.175678],[124.407745,48.189095],[124.41407,48.197887],[124.413918,48.209915],[124.407562,48.214653],[124.42025,48.218712],[124.422142,48.24194],[124.40184,48.241165],[124.399811,48.257771],[124.38868,48.273193],[124.367485,48.275448],[124.369507,48.286648],[124.348068,48.285896],[124.356941,48.298363],[124.349388,48.302387],[124.351463,48.314339],[124.336105,48.319386],[124.341431,48.329723],[124.31868,48.341038],[124.316086,48.350895],[124.319931,48.356773],[124.304733,48.364063],[124.313194,48.371284],[124.326859,48.373062],[124.323906,48.378429],[124.314026,48.381779],[124.321243,48.387543],[124.301422,48.39349],[124.311127,48.402172],[124.304207,48.414436],[124.325996,48.418938],[124.32766,48.425644],[124.322746,48.434837],[124.310783,48.44051],[124.294487,48.462864],[124.297333,48.470284],[124.3153,48.483192],[124.299767,48.486732],[124.308784,48.500702],[124.297394,48.51387],[124.266815,48.529743],[124.263864,48.527844],[124.211586,48.502598],[124.120422,48.44796],[124.0718,48.429424],[123.995453,48.375797],[123.875176,48.282745],[123.852241,48.259869],[123.815689,48.242916],[123.731552,48.187313],[123.707687,48.164211],[123.694321,48.144222],[123.639274,48.104637],[123.574219,48.041721],[123.534332,48.022034],[123.465752,48],[123.30661,47.96241],[123.289253,47.949828],[123.248688,47.882217],[123.200012,47.819019],[123.184761,47.805119],[123.126846,47.776524],[123.074036,47.761684],[122.905825,47.692232],[122.836357,47.669441],[122.798622,47.645123],[122.75901,47.614525],[122.705092,47.590045],[122.60926,47.558815],[122.549217,47.520741],[122.497833,47.397919],[122.409937,47.347188],[122.301559,47.301256],[122.253254,47.259392],[122.209211,47.237005],[122.137556,47.219248],[122.108321,47.205598],[122.076735,47.177971],[122.04986,47.191205],[122.038045,47.201677],[122.008959,47.201347],[122.005572,47.210525],[121.924353,47.238135],[121.880904,47.242482],[121.833793,47.263788],[121.815237,47.267073],[121.797409,47.263478],[121.789278,47.27564],[121.74939,47.280968],[121.667148,47.24754],[121.653434,47.221587],[121.644184,47.21815],[121.632591,47.199658],[121.631922,47.188937],[121.64202,47.176216],[121.638031,47.167378],[121.620815,47.175495],[121.592372,47.174922],[121.584549,47.169716],[121.57733,47.178494],[121.548006,47.195094],[121.52588,47.197075],[121.483328,47.181313],[121.478835,47.185266],[121.458894,47.187405],[121.431902,47.183346],[121.431028,47.177129],[121.401706,47.155139],[121.376813,47.148311],[121.369762,47.139585],[121.344265,47.130644],[121.322669,47.134506],[121.297517,47.120996],[121.240779,47.110564],[121.182802,47.136168],[121.12456,47.137864],[121.093836,47.149829],[121.062008,47.145836],[121.038626,47.139697],[121.034499,47.133641],[121.002081,47.119824],[120.966628,47.094433],[120.940694,47.0972],[120.91525,47.117809],[120.893379,47.126703],[120.869913,47.148214],[120.817184,47.14374],[120.805122,47.156327],[120.78705,47.160284],[120.76869,47.172841],[120.769265,47.185602],[120.738896,47.205094],[120.731645,47.216262],[120.653457,47.234067],[120.646443,47.247723],[120.630873,47.244488],[120.625194,47.238249],[120.617506,47.241575],[120.611688,47.286718],[120.6192,47.299373],[120.65249,47.311895],[120.665802,47.323984],[120.700483,47.331988],[120.694803,47.346822],[120.726219,47.355609],[120.723216,47.361047],[120.726439,47.38238],[120.713059,47.400951],[120.692586,47.40884],[120.672886,47.426333],[120.659443,47.433244],[120.641472,47.434606],[120.640586,47.444995],[120.624313,47.464822],[120.583335,47.491512],[120.576739,47.503543],[120.585463,47.520125],[120.595268,47.52725],[120.587302,47.544914],[120.575412,47.546621],[120.544461,47.538741],[120.487,47.5529],[120.473209,47.551005],[120.443988,47.567268],[120.415805,47.566338],[120.410028,47.574438],[120.400827,47.573984],[120.380759,47.589751],[120.36655,47.595406],[120.332689,47.603175],[120.316255,47.602015],[120.311913,47.613871],[120.319812,47.616761],[120.317565,47.623779],[120.289394,47.627805],[120.28125,47.634321],[120.274335,47.649299],[120.261535,47.654852],[120.243107,47.638367],[120.233854,47.637585],[120.218078,47.621971],[120.210514,47.620999],[120.192702,47.630557],[120.175529,47.609191],[120.146863,47.608239],[120.107261,47.595731],[120.084108,47.583904],[120.077745,47.574387],[120.027748,47.559249],[120.014362,47.551023],[119.947061,47.577897],[119.918631,47.567508],[119.899768,47.567922],[119.881257,47.545554],[119.855312,47.533249],[119.841645,47.514863],[119.80507,47.495138],[119.807796,47.47129],[119.788971,47.453963],[119.771869,47.446591],[119.761415,47.434884],[119.689067,47.418333],[119.685295,47.41112],[119.651813,47.407329],[119.634062,47.383901],[119.623127,47.381681],[119.609185,47.360214],[119.597424,47.35415],[119.55946,47.344884],[119.547208,47.348671],[119.517157,47.341594],[119.502386,47.331325],[119.479097,47.33401],[119.479378,47.334396],[119.479413,47.334443],[119.479462,47.334511],[119.479375,47.334777],[119.479324,47.334933],[119.478767,47.336643],[119.476845,47.337475],[119.473135,47.336778],[119.471861,47.336539],[119.470447,47.336273],[119.467804,47.335777],[119.463203,47.337978],[119.462241,47.339547],[119.456955,47.348171],[119.455309,47.348305],[119.450074,47.34873],[119.444933,47.349147],[119.444871,47.34919],[119.444615,47.349664],[119.445074,47.351666],[119.445212,47.352264],[119.4459,47.355263],[119.444356,47.356645],[119.443756,47.357182],[119.442879,47.357967],[119.439102,47.357861],[119.437019,47.357803],[119.436882,47.358241],[119.436837,47.358387],[119.436368,47.359891],[119.436329,47.360014],[119.435272,47.363403],[119.435403,47.36485],[119.4358,47.369233],[119.435944,47.370823],[119.434655,47.371744],[119.43121,47.374205],[119.427193,47.377075],[119.422777,47.377734],[119.416932,47.378606],[119.415146,47.378872],[119.414432,47.380811],[119.413376,47.383678],[119.411163,47.382661],[119.405029,47.379841],[119.39978,47.385769],[119.391609,47.386703],[119.390176,47.391456],[119.389519,47.393635],[119.388062,47.39658],[119.385866,47.396172],[119.383578,47.395747],[119.381513,47.395364],[119.380346,47.395147],[119.380196,47.395119],[119.37739,47.395549],[119.376312,47.395714],[119.376333,47.396316],[119.376442,47.399426],[119.371925,47.400375],[119.367058,47.401398],[119.367073,47.402918],[119.367101,47.405688],[119.367104,47.405949],[119.364149,47.409006],[119.363716,47.409454],[119.361949,47.410714],[119.360179,47.411977],[119.359528,47.412441],[119.358344,47.414002],[119.357285,47.415398],[119.358597,47.419357],[119.355659,47.420273],[119.34771,47.42086],[119.342914,47.423477],[119.341972,47.42399],[119.341187,47.424419],[119.339839,47.42806],[119.339409,47.429222],[119.335533,47.430347],[119.335303,47.430213],[119.332762,47.428734],[119.331543,47.428024],[119.329521,47.426201],[119.327484,47.423847],[119.326652,47.42372],[119.322769,47.423126],[119.317575,47.423149],[119.313248,47.423168],[119.322418,47.433987],[119.326727,47.438925],[119.355788,47.472227],[119.35833,47.47514],[119.357544,47.47535],[119.197838,47.518097],[119.155647,47.53418],[119.144661,47.538303],[119.144601,47.542008],[119.144493,47.548733],[119.136437,47.60103],[119.133499,47.620098],[119.129845,47.652649],[119.126625,47.662205],[119.123247,47.663343],[119.10968,47.667912],[118.765877,47.769062],[118.761978,47.773328],[118.654158,47.891283],[118.636659,47.910426],[118.593277,47.957886],[118.569672,47.985455],[118.561149,47.990158],[118.560913,47.990288],[118.454735,47.994007],[118.444901,47.994232],[118.443794,47.994686],[118.4412,47.995365],[118.441105,47.995375],[118.437935,47.995724],[118.435345,47.996867],[118.433891,47.997509],[118.431549,48],[118.430518,48.002413],[118.42794,48.00845],[118.420998,48.015194],[118.412292,48.01582],[118.402458,48.011087],[118.398056,48.008968],[118.386826,48.007942],[118.381624,48.010901],[118.37767,48.013149],[118.373665,48.015011],[118.367867,48.016167],[118.36428,48.014168],[118.360734,48.012191],[118.359489,48.011497],[118.358725,48.011121],[118.35441,48.008999],[118.352791,48.008202],[118.348198,48.006565],[118.338462,48.006405],[118.336571,48.006374],[118.335671,48.006431],[118.326614,48.007004],[118.318771,48.009567],[118.310493,48.011299],[118.308832,48.009917],[118.304184,48.00605],[118.301674,48.004955],[118.30089,48.005116],[118.298157,48.005676],[118.289925,48.010189],[118.284912,48.009151],[118.277332,48.008707],[118.275787,48.008617],[118.274971,48.010122],[118.273361,48.013092],[118.271347,48.017006],[118.266838,48.021214],[118.260231,48.023487],[118.258577,48.023683],[118.252156,48.024444],[118.245667,48.025214],[118.242821,48.025551],[118.241471,48.026782],[118.240356,48.027798],[118.238808,48.035328],[118.230606,48.042625],[118.218536,48.041031],[118.210243,48.042477],[118.200485,48.042397],[118.197219,48.042321],[118.191887,48.042197],[118.190926,48.042175],[118.182228,48.044456],[118.17592,48.046621],[118.173134,48.047577],[118.166476,48.047092],[118.166061,48.047062],[118.158539,48.043762],[118.157234,48.043006],[118.150101,48.038874],[118.146143,48.036581],[118.14473,48.035763],[118.14434,48.035761],[118.137593,48.03572],[118.134605,48.035702],[118.134485,48.035765],[118.121964,48.042297],[118.117542,48.044559],[118.117012,48.04483],[118.113072,48.044696],[118.109947,48.04459],[118.10782,48.042754],[118.104492,48.039883],[118.103591,48.038697],[118.099007,48.032669],[118.090624,48.032715],[118.089867,48.032719],[118.088,48.031382],[118.081779,48.026928],[118.079819,48.025524],[118.078326,48.025407],[118.076074,48.025231],[118.072102,48.024919],[118.069839,48.024742],[118.068038,48.024148],[118.06234,48.02227],[118.060833,48.022069],[118.054882,48.021273],[118.050889,48.020739],[118.050278,48.020657],[118.043633,48.020412],[118.044095,48.016734],[118.044403,48.014278],[118.043573,48.013975],[118.040649,48.012905],[118.035158,48.012767],[118.031171,48.012667],[118.021957,48.012436],[118.021061,48.012573],[118.017915,48.013053],[118.013733,48.013691],[118.009141,48.011818],[118.001999,48.008904],[118.001796,48.008983],[117.996208,48.011158],[117.98835,48.014534],[117.977585,48.017365],[117.960575,48.01452],[117.959702,48.014374],[117.956161,48.014223],[117.941841,48.013611],[117.937302,48.016972],[117.929024,48.019787],[117.919868,48.017593],[117.918079,48.018808],[117.915329,48.020676],[117.91307,48.021648],[117.911156,48.022472],[117.907149,48.021052],[117.905532,48.02048],[117.901018,48.01888],[117.899948,48.018501],[117.899597,48.018744],[117.89714,48.020442],[117.893501,48.022957],[117.892607,48.023458],[117.889751,48.02506],[117.888863,48.025558],[117.879433,48.023445],[117.877381,48.023198],[117.863472,48.021523],[117.858857,48.020976],[117.844239,48.019243],[117.836212,48.018291],[117.834157,48.017718],[117.828308,48.016087],[117.812508,48.014931],[117.80743,48.014422],[117.805847,48.014263],[117.802757,48.012203],[117.79924,48.009583],[117.796005,48.00724],[117.79277,48.004055],[117.792448,48.003709],[117.789001,48],[117.755447,47.972523],[117.521416,47.780903],[117.523766,47.770599],[117.52317,47.76664],[117.519058,47.76268],[117.511421,47.759907],[117.503868,47.75927],[117.502014,47.759113],[117.485863,47.75634],[117.376274,47.639],[117.172012,47.766884],[117.130844,47.794376],[117.086983,47.821751],[116.871986,47.892078],[116.810669,47.895687],[116.784004,47.895702],[116.662903,47.888748],[116.466499,47.841953],[116.44545,47.835419],[116.25853,47.874733],[116.123024,47.821259],[116.112015,47.815178],[116.10334,47.809589],[115.961098,47.688004],[115.945953,47.684231],[115.944999,47.684029],[115.933839,47.681661],[115.931961,47.681263],[115.674292,47.853826],[115.582291,47.91544],[115.577637,47.921497],[115.565453,47.980846],[115.561523,48],[115.560287,48.008751],[115.550461,48.052021],[115.540591,48.089778],[115.539276,48.09481],[115.535156,48.102379],[115.531962,48.102324],[115.528488,48.102264],[115.524376,48.104877],[115.524594,48.107719],[115.524673,48.108757],[115.52726,48.112431],[115.529396,48.113316],[115.531128,48.114536],[115.535034,48.11729],[115.53804,48.120026],[115.541924,48.123375],[115.543968,48.128181],[115.545631,48.131191],[115.544205,48.133553],[115.54055,48.135876],[115.536232,48.137344],[115.533073,48.13887],[115.531418,48.138828],[115.532997,48.142483],[115.530701,48.148846],[115.679498,48.206918],[115.750566,48.234654],[115.803192,48.255192],[115.813156,48.2572],[115.815437,48.25766],[115.812726,48.28697],[115.791786,48.513344],[115.794281,48.521152],[115.800209,48.529015],[115.822983,48.55838],[115.859032,48.593647],[115.895294,48.634621],[115.960611,48.70322],[116.061714,48.809402],[116.068586,48.818162],[116.070404,48.82048],[116.040878,48.87154],[116.332211,49.299467],[116.343193,49.315598],[116.404502,49.404837],[116.41886,49.425119],[116.42435,49.433335],[116.42997,49.441729],[116.52636,49.580177],[116.552742,49.618652],[116.676367,49.796719],[116.703941,49.836437],[116.710342,49.845657],[116.71756,49.853928],[116.72892,49.845917],[116.927826,49.754749],[117.036911,49.704967],[117.060966,49.693638],[117.092033,49.684608],[117.153419,49.6679],[117.213364,49.651154],[117.257057,49.638916],[117.261986,49.637554],[117.270096,49.634602],[117.2733,49.634517],[117.318642,49.633316],[117.332008,49.633335],[117.393219,49.632034],[117.455833,49.631618],[117.468849,49.630936],[117.476936,49.631168],[117.514923,49.617004],[117.565887,49.598022],[117.617165,49.578335],[117.630501,49.573292],[117.67894,49.559521],[117.793747,49.52198],[117.802368,49.519161],[117.80239,49.519154],[117.802979,49.518963],[117.80328,49.519067],[117.808006,49.520702],[117.808873,49.521944],[117.811928,49.526318],[117.814888,49.533615],[117.818355,49.535648],[117.822838,49.538277],[117.827461,49.540986],[117.827467,49.54099],[117.830421,49.542721],[117.834511,49.548016],[117.83577,49.548851],[117.842819,49.552788],[117.846947,49.556625],[117.842384,49.559917],[117.841393,49.560414],[117.834618,49.563812],[117.840607,49.568268],[117.850484,49.573093],[117.853951,49.574787],[117.857674,49.583122],[117.858192,49.59087],[117.869247,49.597691],[117.883011,49.599136],[117.89035,49.598518],[117.89125,49.598549],[117.902046,49.598927],[117.904476,49.599563],[117.912155,49.601574],[117.918137,49.60334],[117.933243,49.600601],[117.942894,49.602356],[117.944884,49.603492],[117.947044,49.604725],[117.94653,49.606442],[117.945259,49.610691],[117.946671,49.614861],[117.951729,49.615734],[117.962273,49.614799],[117.969849,49.615814],[117.974754,49.624584],[117.979805,49.625462],[117.986,49.623335],[117.991193,49.621552],[117.991241,49.621536],[117.992876,49.621045],[118.004654,49.617504],[118.014366,49.617115],[118.015511,49.616962],[118.017342,49.616955],[118.018257,49.616653],[118.019859,49.616196],[118.021469,49.616638],[118.035233,49.616577],[118.037521,49.616268],[118.040962,49.615803],[118.048317,49.616852],[118.054314,49.617313],[118.055893,49.617672],[118.058647,49.617958],[118.061859,49.617943],[118.063232,49.617935],[118.063743,49.617877],[118.065987,49.617622],[118.068512,49.618355],[118.073799,49.619076],[118.078445,49.623821],[118.081245,49.628281],[118.083011,49.631471],[118.083576,49.632494],[118.084534,49.634224],[118.090752,49.638077],[118.094933,49.640583],[118.097661,49.642327],[118.098633,49.642948],[118.098264,49.647209],[118.097832,49.652191],[118.099236,49.654568],[118.104587,49.653962],[118.107491,49.653633],[118.107975,49.654074],[118.110741,49.656597],[118.110981,49.65923],[118.111527,49.665209],[118.111772,49.667899],[118.111801,49.668217],[118.112125,49.669422],[118.113243,49.673573],[118.115547,49.67416],[118.118309,49.67474],[118.123329,49.672031],[118.133362,49.666611],[118.140577,49.66298],[118.142944,49.661789],[118.144929,49.661649],[118.152122,49.661144],[118.154921,49.662632],[118.157669,49.664093],[118.157831,49.66497],[118.159401,49.673473],[118.162201,49.676735],[118.168701,49.681469],[118.1704,49.684802],[118.172943,49.689793],[118.175735,49.692459],[118.178955,49.69244],[118.182594,49.689735],[118.183914,49.685257],[118.184158,49.685204],[118.189512,49.684102],[118.189865,49.684029],[118.190135,49.68424],[118.195908,49.688763],[118.203819,49.696167],[118.204276,49.696766],[118.205948,49.698959],[118.209644,49.703807],[118.210381,49.704773],[118.213203,49.709526],[118.209584,49.712771],[118.206848,49.715225],[118.208252,49.717007],[118.219299,49.717537],[118.225296,49.71899],[118.225301,49.718996],[118.228577,49.723141],[118.228443,49.726931],[118.228249,49.732384],[118.227817,49.734595],[118.227463,49.736409],[118.226967,49.738949],[118.229294,49.74102],[118.232529,49.741596],[118.235725,49.740086],[118.240275,49.737083],[118.24028,49.73708],[118.240286,49.737079],[118.245306,49.736156],[118.245323,49.736153],[118.25177,49.736706],[118.254716,49.741892],[118.256493,49.745022],[118.25975,49.747089],[118.269882,49.748215],[118.278641,49.74905],[118.281898,49.751415],[118.283821,49.756767],[118.283401,49.759453],[118.286171,49.760029],[118.289856,49.760303],[118.295784,49.756687],[118.296099,49.756726],[118.298088,49.756969],[118.298584,49.75935],[118.298716,49.760455],[118.299118,49.763817],[118.300995,49.76619],[118.306992,49.767044],[118.307859,49.767593],[118.310249,49.769108],[118.311002,49.769665],[118.313042,49.771175],[118.316284,49.772343],[118.318573,49.771435],[118.328178,49.767788],[118.330716,49.768043],[118.33094,49.768066],[118.331462,49.773569],[118.331505,49.774025],[118.332489,49.778191],[118.334335,49.778477],[118.337563,49.778454],[118.341416,49.775668],[118.34256,49.774841],[118.346703,49.774513],[118.347107,49.775154],[118.348502,49.777336],[118.348595,49.777481],[118.350945,49.780445],[118.353729,49.781914],[118.362473,49.781551],[118.373935,49.781999],[118.375366,49.782055],[118.375827,49.782347],[118.377228,49.783234],[118.375877,49.784733],[118.374066,49.785623],[118.37268,49.786304],[118.363556,49.790787],[118.364502,49.792568],[118.366821,49.793144],[118.37326,49.792801],[118.382935,49.793026],[118.387764,49.792839],[118.381866,49.797951],[118.37413,49.803078],[118.387062,49.805065],[118.394958,49.808884],[118.395027,49.812535],[118.395042,49.813351],[118.382638,49.820199],[118.381355,49.820908],[118.377281,49.824814],[118.376862,49.827202],[118.378716,49.827782],[118.380119,49.828964],[118.382431,49.829247],[118.386078,49.829414],[118.387962,49.829502],[118.391962,49.830407],[118.393051,49.830654],[118.395803,49.830188],[118.398567,49.82972],[118.411903,49.828423],[118.417877,49.827782],[118.422523,49.82983],[118.428154,49.835152],[118.433723,49.837196],[118.445747,49.839188],[118.452637,49.838238],[118.460739,49.828335],[118.465767,49.826206],[118.475464,49.82732],[118.478271,49.829384],[118.478333,49.832363],[118.476067,49.834171],[118.470123,49.836903],[118.468369,49.841087],[118.472542,49.842545],[118.481773,49.843063],[118.490082,49.843887],[118.489693,49.847469],[118.480576,49.852314],[118.482491,49.855877],[118.487617,49.858814],[118.48632,49.862995],[118.479988,49.869308],[118.482895,49.876438],[118.487549,49.878487],[118.501587,49.878452],[118.511597,49.881561],[118.521393,49.886841],[118.525558,49.887402],[118.527695,49.889671],[118.533516,49.892994],[118.533104,49.895084],[118.527618,49.897518],[118.524925,49.901119],[118.524986,49.904099],[118.530045,49.90316],[118.536018,49.902214],[118.548935,49.901802],[118.54985,49.901497],[118.553574,49.90295],[118.549026,49.906273],[118.543518,49.907513],[118.541733,49.910507],[118.54776,49.911648],[118.553291,49.911301],[118.55793,49.912453],[118.558449,49.915131],[118.551674,49.922047],[118.561203,49.935669],[118.568123,49.93531],[118.572189,49.9314],[118.574913,49.929287],[118.585136,49.932175],[118.600372,49.932034],[118.60524,49.933029],[118.607193,49.937485],[118.606834,49.942257],[118.609695,49.946102],[118.623032,49.943592],[118.632637,49.939629],[118.635384,49.938408],[118.639977,49.937469],[118.642921,49.944893],[118.644936,49.952026],[118.652458,49.957615],[118.659836,49.956947],[118.666267,49.955395],[118.673172,49.954433],[118.693016,49.953636],[118.700867,49.953556],[118.710548,49.952564],[118.721153,49.951859],[118.732231,49.951447],[118.738739,49.953167],[118.744835,49.95668],[118.749138,49.962296],[118.757217,49.962063],[118.762711,49.960217],[118.768936,49.959702],[118.775902,49.961117],[118.784286,49.963707],[118.791321,49.967506],[118.796036,49.971031],[118.802292,49.971706],[118.80983,49.968494],[118.815361,49.967838],[118.825302,49.968174],[118.833275,49.972553],[118.838364,49.972496],[118.84668,49.972404],[118.85775,49.97168],[118.862953,49.976089],[118.868683,49.982582],[118.875229,49.985188],[118.87664,49.977535],[118.879616,49.976791],[118.882416,49.977951],[118.88755,49.979679],[118.890396,49.982029],[118.893196,49.983189],[118.900154,49.984001],[118.904808,49.985138],[118.910446,49.988052],[118.916565,49.991856],[118.924736,49.994587],[118.931892,49.99435],[118.941475,49.990063],[118.947998,49.991772],[118.957314,49.994041],[118.964294,49.987846],[118.972404,49.988487],[118.976982,49.986942],[118.980057,49.981537],[118.987442,49.981148],[118.98896,49.9856],[118.993675,49.988522],[119.001488,49.986931],[119.015388,49.987946],[119.028229,49.992104],[119.030579,49.993263],[119.037971,49.993168],[119.040672,49.990749],[119.045143,49.98592],[119.051132,49.985245],[119.052147,49.988213],[119.055962,49.991741],[119.060211,49.994667],[119.070374,49.994232],[119.080544,49.994099],[119.089531,49.996338],[119.09964,49.999817],[119.110023,50.00473],[119.113426,50.00975],[119.113739,50.019283],[119.119377,50.021889],[119.132767,50.021111],[119.133377,50.025284],[119.133057,50.029751],[119.138229,50.03236],[119.147339,50.028061],[119.155945,50.022575],[119.158852,50.026409],[119.155426,50.034508],[119.157867,50.038345],[119.160698,50.039284],[119.161583,50.040249],[119.163391,50.042751],[119.165306,50.046143],[119.167381,50.049355],[119.168503,50.053684],[119.171646,50.055592],[119.172676,50.058559],[119.17794,50.063549],[119.183525,50.064365],[119.185013,50.067326],[119.180016,50.07008],[119.175034,50.073429],[119.186707,50.076244],[119.185959,50.081322],[119.178223,50.085304],[119.17836,50.089478],[119.186241,50.089664],[119.199913,50.082909],[119.21521,50.083286],[119.219154,50.076969],[119.223557,50.073666],[119.23114,50.075302],[119.23307,50.079201],[119.232918,50.086308],[119.23497,50.091942],[119.244354,50.095081],[119.245094,50.102821],[119.249794,50.104839],[119.256775,50.105629],[119.261993,50.108829],[119.264069,50.115059],[119.270111,50.115566],[119.279251,50.111851],[119.287094,50.11084],[119.28717,50.112923],[119.289597,50.115868],[119.288841,50.120647],[119.28949,50.125706],[119.286377,50.12933],[119.288017,50.133705],[119.287552,50.136169],[119.287643,50.138554],[119.288902,50.141365],[119.296082,50.141106],[119.301659,50.141319],[119.306335,50.142441],[119.310585,50.144463],[119.314156,50.146942],[119.314751,50.150509],[119.31356,50.155895],[119.309095,50.160171],[119.308182,50.161045],[119.309189,50.163113],[119.3144,50.166016],[119.32476,50.165855],[119.325066,50.165852],[119.330266,50.165864],[119.341537,50.16589],[119.341774,50.165894],[119.341888,50.16899],[119.341927,50.170063],[119.335594,50.174335],[119.329742,50.179192],[119.330406,50.184547],[119.336639,50.189816],[119.343807,50.190723],[119.347595,50.191202],[119.349236,50.19141],[119.358185,50.194847],[119.357061,50.196068],[119.355957,50.197266],[119.345856,50.200405],[119.339485,50.203781],[119.331749,50.208076],[119.325829,50.211147],[119.319481,50.215416],[119.314911,50.217278],[119.312683,50.219994],[119.310936,50.223],[119.311989,50.226261],[119.311768,50.232822],[119.314667,50.23576],[119.316177,50.239014],[119.324638,50.24157],[119.329926,50.246258],[119.327499,50.249722],[119.325279,50.252438],[119.330017,50.254749],[119.342613,50.256046],[119.339905,50.258175],[119.326103,50.261963],[119.322472,50.264404],[119.329224,50.270855],[119.327034,50.274467],[119.322495,50.277515],[119.316147,50.281788],[119.322273,50.284077],[119.333946,50.285091],[119.338196,50.286812],[119.338562,50.292557],[119.336807,50.299355],[119.343346,50.302517],[119.357903,50.307487],[119.361412,50.309998],[119.367126,50.313484],[119.376831,50.317654],[119.379524,50.321041],[119.377289,50.32346],[119.361855,50.321617],[119.351707,50.324158],[119.349564,50.32896],[119.35878,50.332397],[119.362465,50.3377],[119.352455,50.343819],[119.359833,50.348026],[119.354836,50.351379],[119.355499,50.356438],[119.350861,50.357105],[119.338608,50.35342],[119.330444,50.359211],[119.324409,50.359898],[119.311501,50.350857],[119.305298,50.353542],[119.305077,50.353638],[119.299492,50.353722],[119.298935,50.351345],[119.300461,50.342083],[119.295242,50.339478],[119.291115,50.341328],[119.287689,50.349426],[119.282707,50.353378],[119.278648,50.357014],[119.272232,50.359791],[119.266693,50.360268],[119.260468,50.356689],[119.25666,50.352692],[119.251648,50.344601],[119.244453,50.338745],[119.233749,50.338902],[119.227806,50.341969],[119.228043,50.34882],[119.227928,50.358654],[119.225708,50.361668],[119.219254,50.363548],[119.211304,50.36277],[119.202744,50.357826],[119.191704,50.348446],[119.182938,50.345615],[119.175339,50.346592],[119.174988,50.349876],[119.182121,50.354244],[119.187462,50.360428],[119.184219,50.361069],[119.169724,50.359486],[119.151512,50.35825],[119.150711,50.362133],[119.166985,50.374722],[119.166122,50.37682],[119.162895,50.377762],[119.148369,50.375576],[119.145561,50.381973],[119.141678,50.384312],[119.134651,50.383217],[119.127571,50.38063],[119.124298,50.380379],[119.12059,50.381027],[119.123619,50.38784],[119.129845,50.392818],[119.136627,50.400475],[119.139732,50.409672],[119.147606,50.408073],[119.150581,50.406391],[119.155037,50.407074],[119.156181,50.413319],[119.157272,50.418072],[119.16523,50.418854],[119.170868,50.418316],[119.181526,50.41803],[119.189392,50.41613],[119.195038,50.410835],[119.201233,50.407917],[119.204559,50.409657],[119.2052,50.414715],[119.203079,50.420704],[119.207733,50.424725],[119.213615,50.4286],[119.214836,50.436626],[119.221939,50.437035],[119.233772,50.436874],[119.24263,50.443974],[119.243286,50.449329],[119.237526,50.458054],[119.241425,50.462467],[119.25087,50.465607],[119.254745,50.469425],[119.251289,50.477222],[119.253807,50.482254],[119.251633,50.486755],[119.245193,50.489532],[119.234116,50.493271],[119.229836,50.497654],[119.231041,50.500881],[119.240105,50.502766],[119.250931,50.506138],[119.255234,50.508755],[119.258621,50.511982],[119.259712,50.516438],[119.260483,50.524769],[119.259789,50.531338],[119.25808,50.535831],[119.259132,50.539093],[119.261581,50.542038],[119.270615,50.546078],[119.272217,50.551716],[119.265312,50.554798],[119.261299,50.560219],[119.262451,50.566162],[119.271645,50.568699],[119.285789,50.571171],[119.285469,50.579407],[119.28495,50.583534],[119.283913,50.589981],[119.281281,50.594788],[119.275841,50.599636],[119.275993,50.603806],[119.278961,50.607933],[119.285286,50.614395],[119.290955,50.615803],[119.301231,50.615051],[119.305008,50.615887],[119.30928,50.617313],[119.323074,50.623062],[119.328995,50.63102],[119.330261,50.639641],[119.334633,50.643745],[119.338379,50.643688],[119.340553,50.639187],[119.343033,50.630505],[119.347656,50.628944],[119.352058,50.633644],[119.355408,50.639999],[119.359634,50.645401],[119.3638,50.649433],[119.369019,50.652988],[119.375374,50.657429],[119.381706,50.661194],[119.383286,50.665638],[119.378418,50.673164],[119.374962,50.680668],[119.379829,50.68536],[119.386841,50.684654],[119.396599,50.682411],[119.399025,50.68325],[119.405602,50.684944],[119.414154,50.687496],[119.422134,50.687668],[119.430031,50.685753],[119.437653,50.68861],[119.444695,50.694603],[119.445427,50.701149],[119.441788,50.708187],[119.446808,50.712151],[119.455315,50.713501],[119.460678,50.718479],[119.465271,50.727642],[119.468834,50.734436],[119.477028,50.739666],[119.486259,50.744331],[119.492928,50.74762],[119.492973,50.74852],[119.497223,50.750954],[119.499725,50.754784],[119.498566,50.760765],[119.497795,50.76495],[119.492264,50.767426],[119.488144,50.770176],[119.488258,50.772854],[119.493484,50.774258],[119.501007,50.774429],[119.504395,50.776756],[119.504936,50.778538],[119.501747,50.780972],[119.497978,50.780739],[119.496162,50.782257],[119.496002,50.785278],[119.506287,50.788345],[119.518608,50.790821],[119.51786,50.795303],[119.507706,50.799942],[119.50547,50.802662],[119.505348,50.811008],[119.505585,50.816666],[119.500137,50.821522],[119.493973,50.825947],[119.494194,50.831306],[119.492981,50.836094],[119.492233,50.84087],[119.493805,50.844719],[119.498611,50.847023],[119.498245,50.863834],[119.496513,50.864635],[119.495636,50.866142],[119.493805,50.867363],[119.491508,50.868889],[119.488266,50.870136],[119.487831,50.871037],[119.486969,50.872837],[119.487587,50.876404],[119.488663,50.879662],[119.489705,50.88066],[119.491112,50.882008],[119.493004,50.882275],[119.496834,50.883698],[119.497518,50.884432],[119.499152,50.886184],[119.499298,50.886341],[119.504601,50.889233],[119.509448,50.893502],[119.511734,50.895515],[119.517883,50.902714],[119.52964,50.91135],[119.530105,50.911645],[119.534149,50.914211],[119.535797,50.915087],[119.53849,50.916519],[119.542873,50.918704],[119.544266,50.919399],[119.548941,50.922198],[119.55056,50.923168],[119.557297,50.929165],[119.557846,50.929628],[119.560883,50.93219],[119.564129,50.934883],[119.568665,50.938648],[119.569725,50.941311],[119.573196,50.945423],[119.581978,50.957123],[119.583282,50.960445],[119.58429,50.961918],[119.58493,50.965778],[119.585449,50.973637],[119.583893,50.977745],[119.587006,50.981567],[119.59494,50.985245],[119.604759,50.987583],[119.614517,50.990574],[119.624397,50.995197],[119.624542,51.001068],[119.624397,51.003017],[119.622513,51.007519],[119.630531,51.010689],[119.648186,51.011086],[119.660355,51.012218],[119.671013,51.014648],[119.679512,51.01878],[119.685257,51.024506],[119.682884,51.028538],[119.679672,51.033974],[119.690941,51.038288],[119.700096,51.040565],[119.702591,51.042168],[119.704933,51.043781],[119.708,51.044979],[119.716934,51.047672],[119.722984,51.056255],[119.721092,51.064289],[119.719109,51.066101],[119.716782,51.06913],[119.718674,51.072063],[119.724632,51.072235],[119.73201,51.072224],[119.740051,51.073624],[119.737511,51.07869],[119.738533,51.08403],[119.743347,51.085987],[119.758934,51.088596],[119.761055,51.093304],[119.758537,51.098984],[119.75341,51.101936],[119.747177,51.105522],[119.747879,51.110409],[119.74749,51.115711],[119.747864,51.120369],[119.751587,51.121655],[119.76577,51.125633],[119.767433,51.131878],[119.768356,51.138542],[119.77623,51.146511],[119.776588,51.15139],[119.769249,51.155609],[119.762642,51.159405],[119.758568,51.162167],[119.760231,51.16354],[119.775017,51.163517],[119.78051,51.165443],[119.782303,51.169918],[119.780167,51.175171],[119.774612,51.178997],[119.773689,51.181538],[119.764755,51.193653],[119.761276,51.20285],[119.75885,51.207207],[119.759224,51.211864],[119.761734,51.216141],[119.769867,51.220577],[119.777596,51.22192],[119.786339,51.221924],[119.794693,51.218399],[119.800598,51.209713],[119.80761,51.210129],[119.816841,51.214149],[119.819984,51.219547],[119.817436,51.225674],[119.810333,51.231449],[119.803764,51.234585],[119.79718,51.237942],[119.794189,51.240292],[119.793983,51.243164],[119.797203,51.247459],[119.801559,51.250397],[119.811531,51.254276],[119.819748,51.257824],[119.819405,51.262684],[119.80439,51.270454],[119.803909,51.27404],[119.805321,51.276596],[119.811081,51.281265],[119.816742,51.284332],[119.822411,51.287399],[119.831398,51.291077],[119.844398,51.293472],[119.855766,51.292458],[119.868797,51.292816],[119.877037,51.296139],[119.880348,51.304417],[119.879196,51.310802],[119.875214,51.317333],[119.874031,51.32925],[119.879066,51.335373],[119.88063,51.33596],[119.881622,51.336872],[119.886719,51.339886],[119.890167,51.341087],[119.896622,51.344643],[119.907112,51.346413],[119.917122,51.348057],[119.926826,51.351479],[119.927765,51.352482],[119.9338,51.3559],[119.93602,51.361492],[119.93277,51.363361],[119.917061,51.364891],[119.906319,51.369812],[119.902985,51.372978],[119.902695,51.377201],[119.902443,51.380775],[119.903664,51.385693],[119.911095,51.391102],[119.920296,51.393631],[119.931679,51.394585],[119.937935,51.394428],[119.945747,51.39431],[119.954514,51.394863],[119.964905,51.395798],[119.970985,51.40543],[119.974556,51.40696],[119.975624,51.41431],[119.963768,51.420185],[119.959297,51.424004],[119.959633,51.429253],[119.96508,51.434151],[119.973488,51.439659],[119.983444,51.445122],[119.993385,51.452221],[119.994522,51.458599],[119.991249,51.460793],[119.988922,51.464314],[119.984001,51.467766],[119.982201,51.471298],[119.971634,51.481113],[119.971519,51.482738],[119.974205,51.489319],[119.978104,51.493332],[119.97773,51.498856],[119.977882,51.504395],[119.978859,51.505398],[119.980354,51.506413],[119.982635,51.50803],[119.991379,51.512615],[120,51.514095],[120.018333,51.522549],[120.025261,51.535225],[120.027779,51.540707],[120.03949,51.548859],[120.043678,51.553558],[120.044746,51.562256],[120.045609,51.569263],[120.048683,51.570778],[120.050133,51.57362],[120.046478,51.579391],[120.037537,51.584518],[120.035225,51.588543],[120.038757,51.590801],[120.042885,51.596519],[120.040733,51.610493],[120.048729,51.613503],[120.048882,51.618782],[120.056068,51.624805],[120.056007,51.633804],[120.068001,51.641338],[120.084961,51.648354],[120.09539,51.651932],[120.098351,51.656853],[120.091072,51.667892],[120.085289,51.672832],[120.085815,51.68029],[120.094872,51.685081],[120.104126,51.681614],[120.129593,51.674854],[120.149178,51.676487],[120.156876,51.678082],[120.178787,51.681934],[120.189911,51.687691],[120.197609,51.70229],[120.214752,51.709179],[120.225563,51.721455],[120.230568,51.726807],[120.257042,51.730499],[120.260468,51.734917],[120.264664,51.746746],[120.268677,51.748371],[120.274704,51.750557],[120.280487,51.750053],[120.291855,51.752361],[120.30394,51.773045],[120.3106,51.782131],[120.316559,51.785713],[120.325615,51.785542],[120.351334,51.788685],[120.358986,51.791409],[120.369171,51.803837],[120.377754,51.807903],[120.390739,51.811005],[120.407295,51.816349],[120.396889,51.832439],[120.400368,51.836342],[120.412613,51.838146],[120.43013,51.841343],[120.441956,51.843391],[120.452972,51.845161],[120.47245,51.850182],[120.479576,51.855183],[120.480164,51.866673],[120.474937,51.871658],[120.472092,51.877327],[120.478294,51.884995],[120.49028,51.886314],[120.498756,51.886311],[120.511742,51.88393],[120.51973,51.881042],[120.538666,51.881447],[120.549454,51.887539],[120.546921,51.903553],[120.551613,51.908245],[120.553146,51.910316],[120.557167,51.912186],[120.56337,51.911808],[120.564255,51.910995],[120.575409,51.9104],[120.58477,51.912636],[120.611267,51.918285],[120.646797,51.924877],[120.657684,51.931091],[120.662689,51.959885],[120.686378,51.972599],[120.699142,51.981266],[120.708221,51.989353],[120.711807,52],[120.711594,52.004726],[120.711792,52.010712],[120.701027,52.021519],[120.68248,52.034687],[120.679764,52.037781],[120.679596,52.045807],[120.686195,52.056328],[120.697998,52.06506],[120.708641,52.074554],[120.715416,52.077969],[120.720146,52.081238],[120.726219,52.082302],[120.732841,52.082745],[120.737999,52.081902],[120.744568,52.083286],[120.745247,52.085537],[120.736809,52.093254],[120.732643,52.096592],[120.737015,52.101086],[120.747574,52.104439],[120.753563,52.107388],[120.759384,52.11245],[120.763161,52.120785],[120.76226,52.127388],[120.759933,52.133007],[120.756592,52.138294],[120.756714,52.144997],[120.766624,52.15234],[120.774506,52.158474],[120.779289,52.165173],[120.776382,52.172043],[120.760361,52.184959],[120.750061,52.196095],[120.744247,52.204639],[120.737381,52.208599],[120.734962,52.215794],[120.734978,52.225552],[120.738503,52.236641],[120.750793,52.250587],[120.748383,52.259026],[120.743095,52.26207],[120.725014,52.264553],[120.70797,52.266739],[120.697914,52.272522],[120.696838,52.278622],[120.693764,52.284229],[120.684532,52.292721],[120.668915,52.296818],[120.645264,52.307049],[120.632423,52.316551],[120.626999,52.321793],[120.625603,52.338135],[120.622101,52.345936],[120.618996,52.351067],[120.615707,52.354778],[120.615448,52.359493],[120.621979,52.362461],[120.630142,52.363571],[120.637321,52.364029],[120.641731,52.365158],[120.646225,52.370506],[120.645668,52.380886],[120.644806,52.387478],[120.646255,52.39109],[120.649109,52.393547],[120.651474,52.397373],[120.653877,52.40057],[120.662132,52.409863],[120.67099,52.417595],[120.681374,52.425671],[120.683685,52.430756],[120.686455,52.43679],[120.685593,52.443386],[120.681572,52.451176],[120.677917,52.461807],[120.678116,52.467793],[120.67923,52.476002],[120.690758,52.482208],[120.694481,52.484959],[120.699783,52.491989],[120.694748,52.499447],[120.68454,52.507114],[120.681015,52.511333],[120.681435,52.515228],[120.683472,52.517803],[120.688179,52.519779],[120.718628,52.528053],[120.729408,52.532391],[120.73246,52.538273],[120.733101,52.545841],[120.721855,52.553493],[120.709419,52.554195],[120.6978,52.549248],[120.687004,52.548405],[120.676315,52.555122],[120.671921,52.56007],[120.66819,52.562202],[120.664429,52.56496],[120.656784,52.567799],[120.643677,52.571316],[120.630692,52.572628],[120.619675,52.575554],[120.61367,52.581413],[120.607491,52.59042],[120.595978,52.593018],[120.572189,52.593159],[120.558502,52.597599],[120.542953,52.607353],[120.527191,52.611744],[120.514542,52.615887],[120.496475,52.624317],[120.477638,52.636826],[120.460701,52.643391],[120.44574,52.642437],[120.43618,52.637821],[120.408226,52.620522],[120.398026,52.618092],[120.390251,52.618237],[120.385605,52.618134],[120.379845,52.619263],[120.339371,52.621189],[120.318016,52.623539],[120.305542,52.624516],[120.2957,52.624603],[120.284874,52.624043],[120.258385,52.613194],[120.240707,52.606483],[120.224258,52.596012],[120.197746,52.582794],[120.186447,52.581581],[120.173996,52.58223],[120.160934,52.584435],[120.14679,52.587242],[120.130646,52.58905],[120.111458,52.589844],[120.100616,52.589577],[120.087753,52.588627],[120.070183,52.588509],[120.059669,52.59108],[120.053238,52.594383],[120.050278,52.599979],[120.04615,52.607433],[120.043465,52.616497],[120.043045,52.622784],[120.040657,52.627449],[120.038765,52.632442],[120.034592,52.640522],[120.034378,52.651226],[120.03653,52.657387],[120.039505,52.663479],[120.041687,52.669518],[120.04557,52.680954],[120.052284,52.688992],[120.06353,52.706593],[120.062592,52.712868],[120.057083,52.72533],[120.051445,52.739674],[120.033501,52.759338],[120.028687,52.76902],[120.027824,52.77404],[120.027649,52.776554],[120.034088,52.779915],[120.055885,52.781353],[120.069908,52.781387],[120.085472,52.783421],[120.100166,52.78717],[120.101715,52.791145],[120.103065,52.794331],[120.108391,52.800022],[120.127274,52.805309],[120.14151,52.810066],[120.152763,52.812855],[120.169464,52.81168],[120.182579,52.809792],[120.18721,52.813164],[120.195114,52.820953],[120.200104,52.828156],[120.216362,52.838142],[120.218712,52.840008],[120.22271,52.842621],[120.22802,52.844948],[120.23838,52.849602],[120.250389,52.853027],[120.265984,52.857327],[120.280724,52.8633],[120.288223,52.872009],[120.289452,52.875023],[120.291016,52.885452],[120.292236,52.890991],[120.295631,52.895004],[120.304321,52.897564],[120.312119,52.897739],[120.324516,52.897312],[120.329681,52.8979],[120.335098,52.898811],[120.34095,52.900986],[120.347023,52.908051],[120.347107,52.919544],[120.346825,52.932606],[120.353104,52.940773],[120.359764,52.942654],[120.36438,52.943859],[120.378532,52.944725],[120.388809,52.947155],[120.401169,52.954037],[120.411179,52.965275],[120.420151,52.976646],[120.426277,52.983234],[120.434227,52.994427],[120.452148,53.004574],[120.45948,53.008663],[120.470413,53.013622],[120.483376,53.019562],[120.500404,53.027634],[120.504875,53.031506],[120.508789,53.036156],[120.510506,53.038078],[120.515213,53.042427],[120.521782,53.046345],[120.523705,53.049217],[120.526886,53.053059],[120.534813,53.060623],[120.545158,53.071697],[120.553703,53.077698],[120.565742,53.082039],[120.579155,53.0853],[120.586914,53.086876],[120.59787,53.091976],[120.609596,53.097408],[120.624809,53.100896],[120.6269,53.101376],[120.637107,53.104939],[120.640755,53.106213],[120.64315,53.110355],[120.647629,53.119255],[120.651306,53.128616],[120.654984,53.134693],[120.661079,53.136677],[120.669952,53.137165],[120.68026,53.140202],[120.689949,53.144955],[120.692375,53.148464],[120.695007,53.153236],[120.696968,53.160515],[120.695717,53.164425],[120.695503,53.168358],[120.694199,53.17321],[120.693733,53.176979],[120.694388,53.177498],[120.698006,53.180367],[120.701381,53.181605],[120.707512,53.183853],[120.716217,53.187798],[120.722794,53.192173],[120.728004,53.197784],[120.732422,53.203533],[120.734408,53.205067],[120.738594,53.208302],[120.741712,53.208649],[120.763222,53.21104],[120.785831,53.217484],[120.79216,53.219288],[120.799545,53.223675],[120.804329,53.232735],[120.809845,53.237713],[120.817665,53.238644],[120.823387,53.237095],[120.829056,53.236492],[120.833855,53.237602],[120.834412,53.239578],[120.834861,53.240226],[120.837837,53.244518],[120.831921,53.249297],[120.827164,53.253139],[120.823892,53.257607],[120.820679,53.261993],[120.819771,53.264492],[120.821426,53.267986],[120.830498,53.270355],[120.846664,53.272537],[120.865677,53.275707],[120.873138,53.278675],[120.87767,53.282688],[120.877586,53.289612],[120.87957,53.292007],[120.884771,53.291713],[120.885895,53.291649],[120.89492,53.289761],[120.904518,53.286781],[120.927005,53.285301],[120.927177,53.28529],[120.935478,53.287319],[120.949127,53.293064],[120.954803,53.295208],[120.955027,53.295221],[120.962135,53.295647],[120.973526,53.293636],[120.986313,53.289761],[120.991969,53.288894],[121.004829,53.286922],[121.028954,53.28701],[121.028992,53.28701],[121.03565,53.286928],[121.03565,53.286928],[121.035934,53.286924],[121.038879,53.286888],[121.044998,53.287354],[121.052261,53.28968],[121.058891,53.292549],[121.065735,53.297443],[121.073509,53.30217],[121.078907,53.303704],[121.081963,53.304573],[121.082652,53.304512],[121.086021,53.304211],[121.092635,53.301311],[121.098862,53.29858],[121.115364,53.290726],[121.117622,53.288059],[121.119911,53.284534],[121.12059,53.27985],[121.121384,53.278011],[121.123352,53.276478],[121.125046,53.27565],[121.127896,53.275355],[121.128624,53.27528],[121.134308,53.27565],[121.14698,53.279266],[121.155434,53.281528],[121.156665,53.281923],[121.158241,53.282429],[121.162285,53.282349],[121.16861,53.281055],[121.168755,53.281025],[121.179237,53.280186],[121.192055,53.28038],[121.202751,53.280117],[121.208285,53.279487],[121.209587,53.279339],[121.21492,53.278732],[121.223289,53.277431],[121.229218,53.277664],[121.237503,53.278214],[121.242882,53.280285],[121.256119,53.287594],[121.259621,53.28907],[121.268875,53.289345],[121.27018,53.289364],[121.276511,53.289456],[121.281693,53.289532],[121.286186,53.29002],[121.29274,53.292534],[121.302505,53.297939],[121.314392,53.309849],[121.32431,53.317532],[121.330864,53.320045],[121.33815,53.322281],[121.347412,53.322552],[121.353165,53.32135],[121.359421,53.319302],[121.372391,53.315777],[121.381691,53.314907],[121.398041,53.316124],[121.403171,53.317152],[121.411728,53.318867],[121.414307,53.319897],[121.41539,53.320064],[121.425415,53.321609],[121.427405,53.321768],[121.429241,53.321914],[121.43031,53.322],[121.435457,53.32241],[121.436081,53.32246],[121.446953,53.322213],[121.452019,53.322098],[121.455473,53.322811],[121.457916,53.323315],[121.462522,53.324494],[121.474876,53.327656],[121.48938,53.331169]]]]}},{"type":"Feature","properties":{"name":"北京市","code":"110000","gb":"156110000","province":"北京市","label":[116.41047341110824,40.1850695679726]},"geometry":{"type":"MultiPolygon","coordinates":[[[[116.666886,40.976711],[116.681259,40.944229],[116.710823,40.93206],[116.711319,40.909203],[116.715507,40.900963],[116.776962,40.872479],[116.785362,40.862854],[116.785286,40.849144],[116.79158,40.842724],[116.838028,40.838017],[116.880509,40.799666],[116.891601,40.779549],[116.912651,40.772614],[116.920586,40.746983],[116.941558,40.725147],[116.994232,40.692959],[117.140663,40.701801],[117.26104,40.671062],[117.305985,40.653904],[117.32103,40.655197],[117.339477,40.665627],[117.37056,40.675072],[117.401886,40.679695],[117.488243,40.670795],[117.498841,40.663986],[117.506111,40.657089],[117.498983,40.645776],[117.495224,40.636768],[117.484673,40.635494],[117.469963,40.637451],[117.446434,40.652283],[117.436157,40.649628],[117.418846,40.619831],[117.437309,40.589046],[117.438667,40.580124],[117.4338,40.576275],[117.373818,40.564884],[117.334015,40.576622],[117.299759,40.577332],[117.235344,40.546467],[117.234886,40.533897],[117.247383,40.52467],[117.249382,40.516888],[117.208496,40.512817],[117.195091,40.496902],[117.223061,40.453522],[117.229744,40.436108],[117.216019,40.374433],[117.218529,40.366924],[117.235115,40.366592],[117.245727,40.356312],[117.251366,40.334423],[117.266289,40.330112],[117.263306,40.323811],[117.267281,40.305901],[117.284859,40.295288],[117.287178,40.276382],[117.300446,40.277046],[117.319351,40.286003],[117.323662,40.275059],[117.322441,40.261974],[117.340088,40.234875],[117.350189,40.229099],[117.379738,40.226872],[117.385635,40.21899],[117.370071,40.216515],[117.370781,40.208378],[117.384926,40.202366],[117.372192,40.199184],[117.375374,40.1861],[117.389519,40.190697],[117.399422,40.185391],[117.386337,40.173367],[117.344254,40.171246],[117.353096,40.154625],[117.342842,40.146488],[117.342842,40.142601],[117.348854,40.142952],[117.348854,40.138355],[117.322678,40.131283],[117.315254,40.138],[117.304642,40.137295],[117.289085,40.119259],[117.275642,40.118904],[117.267159,40.103699],[117.242401,40.114307],[117.230728,40.109356],[117.216942,40.093086],[117.20385,40.094147],[117.202087,40.080002],[117.184135,40.070721],[117.182335,40.081257],[117.177795,40.082603],[117.165383,40.071247],[117.148216,40.076267],[117.14846,40.066841],[117.131043,40.062004],[117.111236,40.07019],[117.098824,40.069134],[117.095123,40.073624],[117.07769,40.073097],[117.076637,40.066494],[117.061577,40.065437],[117.062111,40.062004],[117.044151,40.057777],[117.045471,40.051437],[117.029884,40.045891],[117.01844,40.036003],[117.016945,40.028194],[116.991585,40.030045],[116.978912,40.036648],[116.962799,40.034008],[116.961738,40.041401],[116.95533,40.045658],[116.865257,40.040291],[116.834869,40.043587],[116.797821,40.029987],[116.760254,40.027573],[116.751572,40.020969],[116.755333,40.014852],[116.771263,40],[116.756104,39.966316],[116.758469,39.959972],[116.774513,39.94735],[116.78022,39.892586],[116.794525,39.878544],[116.803215,39.876938],[116.825226,39.87682],[116.836906,39.861332],[116.873741,39.848312],[116.889122,39.836117],[116.901245,39.837566],[116.905548,39.848198],[116.915399,39.846959],[116.942055,39.792229],[116.946205,39.772968],[116.941383,39.768208],[116.928085,39.771988],[116.902069,39.75917],[116.899635,39.755074],[116.90654,39.741055],[116.885475,39.720871],[116.894295,39.696308],[116.899353,39.677956],[116.868164,39.673187],[116.84726,39.662148],[116.831207,39.63802],[116.818809,39.630886],[116.830963,39.620438],[116.827736,39.615311],[116.818169,39.612881],[116.81292,39.61721],[116.804947,39.613979],[116.783486,39.608093],[116.782913,39.594227],[116.771706,39.591381],[116.766579,39.603916],[116.755371,39.611511],[116.741127,39.617969],[116.73011,39.613602],[116.719688,39.621721],[116.693268,39.619297],[116.694786,39.608475],[116.718529,39.59594],[116.719475,39.59119],[116.704475,39.586063],[116.659897,39.6035],[116.646675,39.598209],[116.630806,39.6035],[116.621216,39.598537],[116.613609,39.600193],[116.600052,39.623337],[116.558724,39.618565],[116.561691,39.609661],[116.552788,39.598381],[116.534378,39.59185],[116.520729,39.597786],[116.517372,39.59462],[116.514313,39.584568],[116.520134,39.572258],[116.501137,39.5592],[116.500542,39.549702],[116.493416,39.547325],[116.463738,39.553261],[116.470856,39.533077],[116.432274,39.522392],[116.436424,39.508144],[116.426331,39.505768],[116.415649,39.514675],[116.413864,39.523579],[116.394279,39.526546],[116.395462,39.512894],[116.409119,39.50399],[116.413277,39.49271],[116.404366,39.48024],[116.420395,39.474304],[116.428711,39.480835],[116.435829,39.479649],[116.441177,39.476086],[116.447013,39.452848],[116.444145,39.44759],[116.429603,39.443493],[116.382111,39.453316],[116.344795,39.448544],[116.298714,39.482639],[116.243736,39.504768],[116.237986,39.51603],[116.235123,39.5499],[116.237907,39.55714],[116.218079,39.565784],[116.214266,39.575841],[116.200966,39.576511],[116.195427,39.584835],[116.180077,39.589596],[116.169502,39.584003],[116.147034,39.584503],[116.14154,39.571018],[116.131912,39.568424],[116.102272,39.568955],[116.098106,39.576908],[116.084808,39.572132],[116.025185,39.570019],[116.0177,39.574017],[116.015999,39.583244],[116.008591,39.584305],[115.998718,39.575512],[115.988235,39.575512],[115.984741,39.591492],[115.972252,39.59399],[115.969261,39.589996],[115.971207,39.570484],[115.949341,39.560028],[115.923203,39.591873],[115.903236,39.598526],[115.899437,39.58807],[115.901337,39.58284],[115.90799,39.581417],[115.907211,39.574467],[115.898483,39.564781],[115.883278,39.567158],[115.886131,39.554798],[115.881851,39.550995],[115.866165,39.544819],[115.847626,39.552898],[115.840027,39.549095],[115.839073,39.542442],[115.821014,39.538639],[115.814835,39.529133],[115.822914,39.507744],[115.820534,39.505367],[115.805328,39.508694],[115.766884,39.507528],[115.750107,39.51173],[115.717155,39.56152],[115.704155,39.560211],[115.691658,39.566181],[115.681663,39.599796],[115.660873,39.607388],[115.647247,39.598305],[115.628433,39.602848],[115.623894,39.596359],[115.611572,39.602196],[115.597946,39.60025],[115.583031,39.593765],[115.57914,39.587925],[115.571998,39.587925],[115.564865,39.589874],[115.556435,39.605442],[115.537407,39.615486],[115.506485,39.589226],[115.505837,39.608036],[115.516212,39.618416],[115.514915,39.637875],[115.491562,39.650848],[115.47081,39.648254],[115.472107,39.658634],[115.483131,39.667713],[115.47924,39.672256],[115.481186,39.680687],[115.492211,39.690418],[115.485726,39.698853],[115.484428,39.735828],[115.478592,39.740368],[115.459778,39.739071],[115.432533,39.750099],[115.417496,39.774384],[115.432892,39.78199],[115.451996,39.780586],[115.475998,39.796154],[115.488319,39.792911],[115.500649,39.782532],[115.509079,39.789021],[115.549294,39.797451],[115.562799,39.812417],[115.560684,39.818977],[115.525002,39.831928],[115.512772,39.843338],[115.510338,39.856831],[115.523033,39.877228],[115.510224,39.885204],[115.513123,39.90237],[115.508324,39.911968],[115.447777,39.948845],[115.42145,39.951924],[115.413811,39.957645],[115.419098,39.971165],[115.436844,39.992279],[115.440819,40.026234],[115.501636,40.067546],[115.553726,40.099217],[115.586311,40.09446],[115.592216,40.099304],[115.597984,40.115807],[115.606308,40.118843],[115.634971,40.11792],[115.673279,40.135345],[115.723793,40.129303],[115.739273,40.133747],[115.755257,40.147568],[115.750976,40.157597],[115.752983,40.165836],[115.776161,40.178555],[115.780968,40.175842],[115.789513,40.156014],[115.80748,40.150639],[115.822502,40.140217],[115.835045,40.139832],[115.846185,40.148911],[115.838303,40.178017],[115.872498,40.197636],[115.875008,40.219818],[115.892273,40.228825],[115.916031,40.250198],[115.943825,40.252624],[115.955132,40.261818],[115.936981,40.290466],[115.910324,40.352146],[115.856323,40.358246],[115.852478,40.374065],[115.839149,40.373386],[115.766106,40.444519],[115.762794,40.466885],[115.774208,40.490234],[115.758392,40.497269],[115.731987,40.495495],[115.729225,40.501873],[115.733014,40.511594],[115.744812,40.53352],[115.771034,40.555176],[115.792038,40.558277],[115.811188,40.567539],[115.820015,40.588161],[115.870773,40.594162],[115.885986,40.608643],[115.904571,40.61697],[115.958084,40.60453],[115.964264,40.599812],[115.971527,40.580925],[115.979881,40.577293],[115.996948,40.58165],[116.008568,40.599083],[116.016922,40.604168],[116.022003,40.602715],[116.023827,40.595814],[116.065224,40.609615],[116.074842,40.620079],[116.105538,40.637581],[116.102997,40.645206],[116.117164,40.652107],[116.127327,40.664093],[116.157112,40.661552],[116.172729,40.709492],[116.210487,40.740475],[116.225334,40.770847],[116.225914,40.781136],[116.232231,40.786865],[116.244591,40.787346],[116.253044,40.782108],[116.262855,40.773335],[116.266968,40.760498],[116.30188,40.749718],[116.305527,40.767349],[116.318176,40.773308],[116.369125,40.770401],[116.404701,40.785061],[116.410423,40.782547],[116.411629,40.769062],[116.42218,40.763584],[116.442978,40.765423],[116.45414,40.773655],[116.458061,40.780285],[116.454452,40.790112],[116.429436,40.813873],[116.398064,40.833511],[116.366661,40.868454],[116.331009,40.894699],[116.324348,40.904289],[116.326439,40.922806],[116.334892,40.935162],[116.359322,40.939652],[116.368736,40.936344],[116.385971,40.90596],[116.459366,40.892513],[116.468429,40.898232],[116.468742,40.910114],[116.443695,40.948967],[116.440071,40.962452],[116.444313,40.975483],[116.450973,40.978912],[116.494209,40.976402],[116.53022,40.988277],[116.554108,40.985752],[116.575257,40.975681],[116.589478,40.978867],[116.609856,41.015419],[116.60086,41.043316],[116.606636,41.051308],[116.62059,41.058609],[116.636032,41.058361],[116.677131,41.040924],[116.689484,41.027416],[116.685219,41.020111],[116.666886,40.976711]]]]}},{"type":"Feature","properties":{"name":"洛阳市","code":"410300","gb":"156410300","province":"河南省","label":[112.03108497796386,34.29069895063917]},"geometry":{"type":"MultiPolygon","coordinates":[[[[112.029033,35.034736],[112.035808,35.028403],[112.101691,35.029845],[112.146239,35.015519],[112.174226,34.994017],[112.180311,34.969516],[112.206861,34.966845],[112.218566,34.954195],[112.231901,34.953829],[112.251747,34.939082],[112.259275,34.945981],[112.261875,34.958839],[112.278443,34.962617],[112.301039,34.939604],[112.311695,34.938235],[112.322078,34.942362],[112.339721,34.939265],[112.366804,34.922633],[112.379479,34.919297],[112.419041,34.921772],[112.451433,34.918205],[112.516437,34.895335],[112.529478,34.896576],[112.524491,34.907211],[112.531267,34.918637],[112.524482,34.921367],[112.519881,34.931929],[112.509339,34.930842],[112.505077,34.920633],[112.491956,34.921283],[112.498709,34.942855],[112.514419,34.94341],[112.522586,34.932776],[112.529978,34.930858],[112.536205,34.943653],[112.544871,34.942233],[112.541316,34.938276],[112.550252,34.938793],[112.552275,34.948129],[112.563089,34.955902],[112.566761,34.944337],[112.575722,34.943609],[112.573207,34.932223],[112.58055,34.924545],[112.613813,34.919581],[112.628838,34.927331],[112.632535,34.916915],[112.628104,34.904209],[112.633311,34.898701],[112.642688,34.900921],[112.643773,34.889461],[112.63459,34.88807],[112.633835,34.856311],[112.655495,34.860228],[112.720145,34.830083],[112.749052,34.829807],[112.779607,34.838867],[112.807844,34.833461],[112.805359,34.800164],[112.805378,34.783534],[112.824483,34.771566],[112.839431,34.772747],[112.844149,34.785713],[112.86163,34.782943],[112.865241,34.785998],[112.876269,34.778311],[112.880526,34.778885],[112.881793,34.785276],[112.890191,34.784592],[112.910698,34.76397],[112.909039,34.758624],[112.894789,34.753925],[112.904895,34.738088],[112.933047,34.724293],[112.927045,34.713927],[112.910696,34.71221],[112.894539,34.694221],[112.863605,34.710701],[112.820672,34.694391],[112.821328,34.674347],[112.829956,34.668882],[112.826741,34.654965],[112.840443,34.641924],[112.837932,34.630465],[112.819408,34.630056],[112.819195,34.626606],[112.839521,34.624925],[112.847681,34.617296],[112.847557,34.60818],[112.833286,34.604928],[112.830139,34.59503],[112.855526,34.585727],[112.870454,34.561038],[112.889297,34.548779],[112.962322,34.547174],[112.974271,34.535429],[112.923755,34.528728],[112.914017,34.48803],[112.91672,34.479255],[112.901305,34.469108],[112.886716,34.477944],[112.859521,34.474839],[112.850804,34.480655],[112.80197,34.481089],[112.769254,34.502075],[112.762975,34.496655],[112.731576,34.492986],[112.737171,34.469084],[112.736629,34.444396],[112.730196,34.425319],[112.721726,34.417175],[112.723343,34.408063],[112.729013,34.406684],[112.727059,34.395468],[112.716148,34.389082],[112.714796,34.38291],[112.72437,34.378613],[112.726184,34.352396],[112.751487,34.358564],[112.753848,34.348567],[112.770172,34.346167],[112.750578,34.332764],[112.724949,34.331265],[112.697585,34.335832],[112.65763,34.326208],[112.648004,34.341225],[112.635591,34.345878],[112.602478,34.329847],[112.609034,34.3237],[112.590874,34.319475],[112.566065,34.292264],[112.549113,34.284181],[112.540261,34.272751],[112.57576,34.247861],[112.565943,34.242499],[112.550838,34.213513],[112.57507,34.201107],[112.584326,34.187724],[112.588565,34.171631],[112.606157,34.160296],[112.617053,34.144189],[112.595479,34.08827],[112.601047,34.074889],[112.598458,34.065449],[112.577875,34.064992],[112.572031,34.06092],[112.574776,34.048269],[112.570615,34.040102],[112.557728,34.039268],[112.529048,34.023168],[112.563757,34.004573],[112.539984,34.001045],[112.539757,33.993121],[112.543044,33.985286],[112.524037,33.958958],[112.524011,33.94319],[112.489202,33.92978],[112.489522,33.918486],[112.505783,33.915039],[112.514266,33.904953],[112.53376,33.901665],[112.536377,33.897545],[112.534504,33.887336],[112.516338,33.86249],[112.48701,33.855675],[112.474035,33.858844],[112.448071,33.842164],[112.427813,33.821671],[112.425279,33.814276],[112.414463,33.810888],[112.395722,33.81177],[112.383965,33.830205],[112.374684,33.82812],[112.351793,33.834777],[112.309259,33.824525],[112.298825,33.818022],[112.300871,33.813524],[112.294588,33.807594],[112.277385,33.810498],[112.270742,33.791731],[112.253526,33.783371],[112.251428,33.776711],[112.261556,33.768856],[112.256263,33.739644],[112.244438,33.733433],[112.243962,33.72073],[112.223509,33.712642],[112.207886,33.697843],[112.187574,33.70265],[112.173621,33.699651],[112.171901,33.721198],[112.156253,33.720605],[112.140086,33.712134],[112.124874,33.696301],[112.117438,33.67907],[112.121229,33.660196],[112.116747,33.653233],[112.110687,33.651178],[112.108221,33.655666],[112.098636,33.655605],[112.074268,33.651477],[112.067968,33.640067],[112.088624,33.612827],[112.086068,33.605595],[112.079804,33.602924],[112.071037,33.608661],[112.057605,33.610247],[112.053004,33.605381],[112.025746,33.621943],[112.008592,33.620854],[112.003356,33.61152],[112.004282,33.599088],[112.018529,33.601727],[112.02237,33.593075],[112.0092,33.58691],[111.978743,33.585072],[111.957659,33.574204],[111.925511,33.573418],[111.913979,33.564117],[111.902812,33.582261],[111.896268,33.58587],[111.860852,33.594325],[111.838373,33.595308],[111.825609,33.591488],[111.820624,33.595996],[111.827018,33.640777],[111.80543,33.648655],[111.799469,33.656177],[111.708781,33.687376],[111.6964,33.680994],[111.682609,33.680895],[111.66087,33.688374],[111.653879,33.694806],[111.649639,33.711113],[111.620477,33.722746],[111.587396,33.721377],[111.574461,33.726528],[111.539539,33.729684],[111.52695,33.737908],[111.507811,33.738495],[111.490481,33.722469],[111.442172,33.740772],[111.42306,33.753314],[111.406707,33.754877],[111.378895,33.76809],[111.328669,33.770116],[111.313932,33.764155],[111.295137,33.778004],[111.260391,33.784567],[111.25412,33.797884],[111.255155,33.825881],[111.233535,33.843734],[111.229735,33.857724],[111.210548,33.864116],[111.211862,33.871525],[111.199256,33.881252],[111.196873,33.890653],[111.22183,33.890446],[111.23,33.897216],[111.2186,33.917907],[111.220398,33.926718],[111.230204,33.933317],[111.244037,33.93508],[111.256529,33.928639],[111.268396,33.93623],[111.277736,33.934056],[111.278819,33.927068],[111.296893,33.928516],[111.306076,33.952713],[111.324006,33.968504],[111.340391,33.974218],[111.351804,33.986877],[111.345366,34.026365],[111.337158,34.036306],[111.336847,34.055731],[111.346032,34.083839],[111.362595,34.091881],[111.354202,34.107419],[111.329072,34.116781],[111.307199,34.116806],[111.302857,34.124062],[111.303741,34.138726],[111.299404,34.142352],[111.284409,34.147614],[111.274971,34.137983],[111.273466,34.149108],[111.265317,34.149237],[111.260885,34.143432],[111.246883,34.161756],[111.236181,34.16354],[111.227009,34.179351],[111.207351,34.176232],[111.201702,34.198769],[111.168026,34.212563],[111.151748,34.225967],[111.174559,34.229728],[111.181359,34.248812],[111.175328,34.259843],[111.1749,34.290921],[111.181352,34.288857],[111.194025,34.29781],[111.184561,34.308113],[111.177289,34.325378],[111.156515,34.338772],[111.155962,34.350091],[111.130565,34.361867],[111.135368,34.367306],[111.133565,34.372664],[111.139169,34.388493],[111.147988,34.395887],[111.179473,34.399809],[111.185998,34.404162],[111.180887,34.412384],[111.186042,34.41894],[111.193496,34.419121],[111.208149,34.429628],[111.211252,34.460978],[111.221148,34.461986],[111.255889,34.449032],[111.269843,34.447999],[111.267267,34.472457],[111.293381,34.49067],[111.297018,34.477136],[111.317725,34.472056],[111.339811,34.473806],[111.362819,34.482808],[111.364094,34.473699],[111.382193,34.476241],[111.392731,34.484385],[111.440302,34.503435],[111.451195,34.515182],[111.475914,34.52299],[111.500393,34.550022],[111.508635,34.546277],[111.539153,34.545551],[111.557733,34.569249],[111.581757,34.554513],[111.586289,34.555604],[111.577141,34.560453],[111.578449,34.570833],[111.592898,34.571204],[111.615025,34.55503],[111.629888,34.554447],[111.677319,34.530695],[111.688671,34.532223],[111.688506,34.537947],[111.663619,34.573839],[111.691643,34.574194],[111.703449,34.585076],[111.707665,34.595169],[111.715056,34.593904],[111.728878,34.605725],[111.741798,34.602345],[111.735295,34.599328],[111.73919,34.596253],[111.75361,34.594297],[111.757682,34.596921],[111.7553,34.605149],[111.760236,34.612874],[111.776156,34.608551],[111.780589,34.616594],[111.778311,34.625311],[111.795963,34.633241],[111.799894,34.638664],[111.817792,34.634361],[111.814944,34.645605],[111.829521,34.657262],[111.846103,34.654114],[111.858102,34.649257],[111.880601,34.620814],[111.888239,34.618384],[111.894535,34.62506],[111.90353,34.625249],[111.913773,34.608863],[111.924988,34.605051],[111.930187,34.620243],[111.93512,34.618992],[111.940505,34.625425],[111.940017,34.640996],[111.956689,34.640891],[111.973719,34.651955],[111.965231,34.671764],[111.974059,34.679491],[111.973169,34.695657],[111.989568,34.693249],[111.992511,34.696358],[111.989792,34.698696],[111.989629,34.710356],[112.009825,34.727143],[112.008397,34.732838],[111.989279,34.738274],[111.992529,34.7522],[112.010384,34.749377],[112.012951,34.768807],[112.025052,34.778086],[112.024178,34.792594],[112.009368,34.798615],[112.015706,34.812264],[111.978373,34.843941],[111.977533,34.847717],[111.986753,34.854471],[111.985015,34.858483],[111.943566,34.849841],[111.946487,34.859759],[111.941297,34.867122],[111.912342,34.886235],[111.897645,34.885827],[111.89325,34.891592],[111.878465,34.89449],[111.876768,34.898811],[111.877649,34.910991],[111.884271,34.922503],[111.918699,34.93468],[111.927996,34.949144],[111.950392,34.949069],[111.97522,34.959349],[111.974536,34.972299],[111.951019,34.983076],[111.93549,34.983603],[111.974797,34.992379],[111.979232,35.00439],[111.928312,35.035841],[111.930008,35.041839],[111.949341,35.046586],[111.955118,35.068542],[111.970993,35.070545],[112.00798,35.06638],[112.022507,35.049767],[112.029033,35.034736]]]]}},{"type":"Feature","properties":{"name":"忻州市","code":"140900","gb":"156140900","province":"山西省","label":[112.40858106996826,38.881892898477794]},"geometry":{"type":"MultiPolygon","coordinates":[[[[111.536209,39.655262],[111.602173,39.634789],[111.639564,39.637779],[111.674965,39.630928],[111.701035,39.617077],[111.711548,39.603489],[111.760559,39.589947],[111.827973,39.611969],[111.861664,39.608749],[111.919289,39.61533],[111.932208,39.601021],[111.940446,39.579358],[111.996995,39.537573],[112.002599,39.526558],[111.986407,39.522453],[111.965874,39.525557],[111.934321,39.523253],[111.891527,39.50646],[111.894051,39.494249],[111.91374,39.471354],[111.913374,39.459643],[111.941053,39.460552],[111.967212,39.444056],[111.982212,39.447394],[111.986393,39.427102],[112.003123,39.404995],[112.006357,39.39908],[111.99813,39.381037],[112.01588,39.364541],[112.010281,39.356322],[112.018835,39.342129],[112.035196,39.336978],[112.04451,39.328175],[112.042547,39.319686],[112.05817,39.308285],[112.048162,39.289364],[112.067042,39.272408],[112.072999,39.256543],[112.079486,39.25148],[112.089906,39.252268],[112.094463,39.262857],[112.110788,39.275929],[112.138277,39.275387],[112.162976,39.267596],[112.166948,39.255964],[112.185486,39.245576],[112.180845,39.235147],[112.213895,39.200467],[112.215353,39.19188],[112.206584,39.1763],[112.209649,39.174006],[112.229109,39.181259],[112.246813,39.182555],[112.266241,39.163314],[112.259187,39.128678],[112.289721,39.12888],[112.297332,39.125101],[112.299,39.11585],[112.284261,39.106658],[112.29038,39.097715],[112.306815,39.101751],[112.306291,39.117745],[112.309531,39.1211],[112.335891,39.120871],[112.369461,39.102435],[112.376975,39.103406],[112.389888,39.115599],[112.413361,39.113429],[112.421249,39.099569],[112.435463,39.118113],[112.453388,39.111688],[112.49324,39.136313],[112.514698,39.144755],[112.542747,39.137076],[112.550918,39.117698],[112.559349,39.110892],[112.574821,39.11223],[112.582511,39.085899],[112.610902,39.089943],[112.620335,39.086144],[112.634867,39.088379],[112.6483,39.096511],[112.651076,39.101455],[112.644135,39.115222],[112.666605,39.131572],[112.686481,39.12433],[112.736495,39.149909],[112.743917,39.166391],[112.728528,39.184598],[112.750614,39.1777],[112.752405,39.186222],[112.777399,39.190749],[112.795048,39.185892],[112.808943,39.174951],[112.817798,39.183187],[112.817213,39.191005],[112.828101,39.195939],[112.830147,39.206021],[112.839224,39.214439],[112.852838,39.217023],[112.867303,39.212887],[112.876605,39.221582],[112.875805,39.238106],[112.895826,39.24592],[112.8987,39.249284],[112.895307,39.256983],[112.934744,39.296061],[112.973886,39.302601],[112.99971,39.313238],[113.027997,39.318809],[113.044405,39.337532],[113.045912,39.349933],[113.070729,39.351767],[113.086035,39.361306],[113.107908,39.360283],[113.111787,39.353957],[113.123567,39.348509],[113.11709,39.330619],[113.120708,39.326607],[113.136247,39.322174],[113.143792,39.308326],[113.172922,39.302828],[113.175096,39.298764],[113.199908,39.29742],[113.25161,39.314821],[113.256902,39.309462],[113.26684,39.308068],[113.280867,39.31704],[113.309021,39.320541],[113.326319,39.31154],[113.353607,39.315539],[113.360286,39.305699],[113.379958,39.300862],[113.386376,39.311294],[113.406139,39.318139],[113.409602,39.329994],[113.414564,39.331938],[113.444693,39.318673],[113.441782,39.328854],[113.445517,39.338794],[113.500373,39.347251],[113.515634,39.360137],[113.529735,39.388813],[113.553594,39.395022],[113.552904,39.431941],[113.56448,39.438832],[113.577144,39.432383],[113.577017,39.426428],[113.594745,39.417595],[113.606089,39.416698],[113.639155,39.429628],[113.656429,39.428696],[113.672807,39.41644],[113.714152,39.420579],[113.73253,39.417205],[113.754626,39.407285],[113.768494,39.38204],[113.785593,39.370269],[113.799461,39.373392],[113.841846,39.36405],[113.872366,39.379541],[113.876096,39.371438],[113.894249,39.372469],[113.895652,39.364176],[113.884948,39.347942],[113.905616,39.327637],[113.923833,39.319147],[113.939784,39.296126],[113.955268,39.283499],[113.961925,39.267419],[113.958695,39.256065],[113.949792,39.250267],[113.953677,39.220856],[113.932617,39.209811],[113.930083,39.190454],[113.939163,39.182799],[113.938597,39.164434],[113.945515,39.15245],[113.941696,39.131288],[113.957604,39.099232],[113.938049,39.091034],[113.923683,39.075569],[113.920647,39.065628],[113.912361,39.059826],[113.891655,39.06839],[113.879227,39.066177],[113.868729,39.044361],[113.857964,39.04105],[113.848297,39.026138],[113.838905,39.025032],[113.828964,39.014538],[113.811844,39.011223],[113.803009,38.98803],[113.778554,38.988979],[113.770088,38.986137],[113.760887,38.958836],[113.769562,38.884891],[113.794746,38.854156],[113.810486,38.845413],[113.829155,38.841919],[113.849129,38.82835],[113.851227,38.817726],[113.847229,38.809574],[113.830101,38.795334],[113.833122,38.75779],[113.825464,38.75634],[113.796364,38.762634],[113.777473,38.735615],[113.769028,38.709167],[113.756432,38.700714],[113.738732,38.700863],[113.722397,38.711281],[113.706909,38.70866],[113.703362,38.697678],[113.707207,38.663067],[113.703194,38.654678],[113.660545,38.646427],[113.626121,38.652615],[113.606392,38.645546],[113.597763,38.615643],[113.602364,38.600155],[113.59993,38.592304],[113.583115,38.575691],[113.560654,38.566112],[113.555504,38.557835],[113.554558,38.533417],[113.548904,38.514545],[113.523583,38.522391],[113.500601,38.519473],[113.486454,38.508431],[113.464426,38.504784],[113.415307,38.523633],[113.368632,38.496986],[113.342295,38.49549],[113.305013,38.480564],[113.30182,38.472894],[113.27886,38.466243],[113.278839,38.451257],[113.262046,38.438287],[113.249878,38.437696],[113.239871,38.430804],[113.215002,38.431901],[113.194683,38.414862],[113.147607,38.415134],[113.140531,38.411692],[113.13337,38.417933],[113.122021,38.420061],[113.082689,38.415917],[113.074185,38.40784],[113.079962,38.397863],[113.076941,38.393085],[113.03329,38.381056],[113.028082,38.376973],[113.028532,38.36902],[113.013735,38.361186],[113.003974,38.346251],[112.995438,38.341026],[112.978792,38.338462],[112.971168,38.342489],[112.97043,38.353363],[112.964596,38.355856],[112.941012,38.33359],[112.917568,38.330596],[112.908144,38.322342],[112.863743,38.308592],[112.844003,38.306955],[112.820358,38.291746],[112.794554,38.253436],[112.725271,38.237409],[112.702431,38.244559],[112.672533,38.236417],[112.660729,38.244373],[112.63646,38.247355],[112.634324,38.244399],[112.644771,38.228124],[112.631698,38.214869],[112.608964,38.206281],[112.591946,38.210291],[112.564301,38.208339],[112.551701,38.222625],[112.558158,38.23801],[112.52248,38.268718],[112.518149,38.265841],[112.518689,38.250527],[112.495465,38.236669],[112.450835,38.250145],[112.437172,38.278683],[112.426076,38.279719],[112.396569,38.266247],[112.379669,38.274606],[112.359763,38.274976],[112.337226,38.298998],[112.313887,38.3103],[112.294313,38.305111],[112.267272,38.311521],[112.241815,38.290494],[112.244894,38.281208],[112.261043,38.274643],[112.262445,38.267905],[112.228462,38.262078],[112.214208,38.252499],[112.226409,38.234514],[112.242835,38.223718],[112.247534,38.200839],[112.258795,38.18763],[112.260649,38.178257],[112.249536,38.152537],[112.230401,38.14062],[112.213966,38.146455],[112.205881,38.143852],[112.208633,38.132814],[112.150873,38.150338],[112.134617,38.147173],[112.126081,38.14003],[112.109462,38.157975],[112.091681,38.168682],[112.041088,38.17084],[112.011066,38.180563],[112.004029,38.189412],[111.949714,38.16821],[111.939305,38.17119],[111.932278,38.17901],[111.923606,38.175556],[111.908943,38.178332],[111.891038,38.199007],[111.873922,38.191346],[111.863673,38.193685],[111.859545,38.199804],[111.861261,38.222363],[111.840224,38.231597],[111.833967,38.220969],[111.84396,38.213826],[111.811091,38.213306],[111.798144,38.222396],[111.792519,38.241463],[111.766895,38.246074],[111.760407,38.260613],[111.7658,38.260998],[111.768104,38.269119],[111.762517,38.283414],[111.766952,38.291445],[111.79305,38.297886],[111.804593,38.29955],[111.814533,38.292655],[111.828593,38.296727],[111.837128,38.303508],[111.835947,38.314937],[111.832259,38.322186],[111.815577,38.331805],[111.814641,38.342373],[111.821307,38.35115],[111.813416,38.371097],[111.79688,38.374324],[111.783973,38.388564],[111.783542,38.400123],[111.773252,38.423359],[111.79003,38.432036],[111.790817,38.448237],[111.725348,38.492557],[111.711993,38.506685],[111.76536,38.535514],[111.754845,38.55236],[111.754034,38.563801],[111.730373,38.586545],[111.726702,38.601058],[111.705349,38.604196],[111.683472,38.567849],[111.625216,38.547364],[111.600417,38.543067],[111.563187,38.518915],[111.555258,38.505569],[111.53915,38.508099],[111.516278,38.526268],[111.501706,38.522653],[111.496447,38.508269],[111.497313,38.486499],[111.481752,38.493256],[111.470778,38.505348],[111.456821,38.506334],[111.441669,38.529848],[111.444744,38.552992],[111.44216,38.561684],[111.424743,38.572911],[111.419185,38.569863],[111.366817,38.573024],[111.353723,38.581671],[111.341296,38.583569],[111.339525,38.603801],[111.322822,38.607814],[111.278281,38.594663],[111.261576,38.600484],[111.242793,38.626524],[111.252634,38.644507],[111.226085,38.665895],[111.215583,38.70651],[111.207389,38.712479],[111.205389,38.721641],[111.197741,38.727227],[111.169184,38.731928],[111.156547,38.719613],[111.139546,38.71986],[111.117309,38.712548],[111.097256,38.692361],[111.069683,38.694437],[111.062735,38.676033],[111.035111,38.669034],[111.013071,38.649429],[111.000327,38.661337],[110.98321,38.687879],[110.959364,38.689157],[110.960946,38.680836],[110.957491,38.676079],[110.946265,38.679784],[110.942426,38.701182],[110.951081,38.709097],[110.944004,38.725068],[110.953606,38.752708],[110.954422,38.771347],[110.97506,38.785122],[110.998703,38.831146],[110.998871,38.843563],[110.989655,38.864285],[111.009682,38.870914],[111.015976,38.88438],[111.003021,38.928936],[110.987198,38.944923],[110.98806,38.954136],[110.972664,38.965988],[110.974716,38.97477],[110.990135,38.987972],[110.9953,39.000263],[111.017159,39.006012],[111.044479,39.024277],[111.074409,39.01754],[111.106224,39.033817],[111.11879,39.045563],[111.137848,39.074905],[111.141624,39.094978],[111.164181,39.11328],[111.171112,39.130497],[111.161697,39.157894],[111.19606,39.217636],[111.20948,39.231915],[111.201576,39.248768],[111.205124,39.267223],[111.22953,39.289063],[111.245239,39.296719],[111.204987,39.300083],[111.18103,39.31065],[111.17379,39.324757],[111.187744,39.341118],[111.183319,39.350452],[111.165939,39.348736],[111.154343,39.332649],[111.149925,39.332333],[111.147697,39.337345],[111.153793,39.359066],[111.15126,39.364304],[111.116402,39.363735],[111.111946,39.373859],[111.122025,39.391071],[111.16021,39.417103],[111.175529,39.419014],[111.194,39.414547],[111.203438,39.424843],[111.217278,39.426716],[111.256279,39.418037],[111.329025,39.418007],[111.345665,39.425201],[111.353226,39.439587],[111.353439,39.45269],[111.356476,39.469975],[111.365921,39.480946],[111.41597,39.500675],[111.426178,39.516476],[111.417839,39.549419],[111.433395,39.585762],[111.419052,39.61079],[111.427467,39.617138],[111.444168,39.60318],[111.452698,39.605625],[111.454895,39.611866],[111.452782,39.623779],[111.43158,39.629158],[111.430701,39.642785],[111.48661,39.658478],[111.536209,39.655262]]]]}},{"type":"Feature","properties":{"name":"济源市","code":"419001","gb":"156419001","province":"河南省","label":[112.39238000612029,35.09959928297729]},"geometry":{"type":"MultiPolygon","coordinates":[[[[112.610053,35.252537],[112.621292,35.271507],[112.632332,35.257889],[112.643745,35.257889],[112.646156,35.248119],[112.658791,35.238625],[112.675339,35.233112],[112.6894,35.217396],[112.699493,35.216896],[112.69574,35.203884],[112.701439,35.186977],[112.705345,35.188278],[112.710549,35.20454],[112.719002,35.210392],[112.751755,35.203852],[112.756059,35.189251],[112.764975,35.182754],[112.751363,35.14989],[112.757955,35.145028],[112.758028,35.119477],[112.765979,35.110546],[112.747678,35.10089],[112.745299,35.085645],[112.740011,35.085098],[112.737393,35.078437],[112.743651,35.076114],[112.74168,35.067466],[112.730702,35.062224],[112.731726,35.050042],[112.72609,35.043581],[112.728849,35.042173],[112.728972,35.038722],[112.700362,35.030096],[112.669455,34.994859],[112.649302,34.997857],[112.642061,34.98156],[112.637374,34.980326],[112.613152,34.982849],[112.588248,34.971938],[112.573627,34.975924],[112.569292,34.973643],[112.570193,34.966696],[112.563089,34.955902],[112.552275,34.948129],[112.550252,34.938793],[112.541316,34.938276],[112.544871,34.942233],[112.536205,34.943653],[112.529978,34.930858],[112.522586,34.932776],[112.514419,34.94341],[112.498709,34.942855],[112.491956,34.921283],[112.505077,34.920633],[112.509339,34.930842],[112.519881,34.931929],[112.524482,34.921367],[112.531267,34.918637],[112.524491,34.907211],[112.529478,34.896576],[112.516437,34.895335],[112.451433,34.918205],[112.419041,34.921772],[112.379479,34.919297],[112.366804,34.922633],[112.339721,34.939265],[112.322078,34.942362],[112.311695,34.938235],[112.301039,34.939604],[112.278443,34.962617],[112.261875,34.958839],[112.259275,34.945981],[112.251747,34.939082],[112.231901,34.953829],[112.218566,34.954195],[112.206861,34.966845],[112.180311,34.969516],[112.174226,34.994017],[112.146239,35.015519],[112.101691,35.029845],[112.035808,35.028403],[112.029033,35.034736],[112.050797,35.050644],[112.055397,35.064644],[112.04847,35.086571],[112.059647,35.139534],[112.060753,35.168617],[112.041328,35.180382],[112.039299,35.186775],[112.045624,35.197353],[112.065613,35.211918],[112.071861,35.22913],[112.052452,35.265389],[112.052877,35.279141],[112.061233,35.282619],[112.09803,35.270054],[112.1232,35.272282],[112.186607,35.256199],[112.202828,35.256752],[112.199058,35.239792],[112.210876,35.231621],[112.247467,35.239838],[112.28093,35.254444],[112.289108,35.246471],[112.279503,35.22216],[112.285957,35.218071],[112.352524,35.220463],[112.36869,35.229237],[112.385368,35.24625],[112.392631,35.247658],[112.447037,35.226364],[112.492363,35.227909],[112.502457,35.219933],[112.528542,35.223293],[112.544739,35.213722],[112.558357,35.211147],[112.565712,35.221451],[112.612457,35.221085],[112.620552,35.231388],[112.632698,35.231388],[112.634537,35.239487],[112.61393,35.24464],[112.610053,35.252537]]]]}},{"type":"Feature","properties":{"name":"营口市","code":"210800","gb":"156210800","province":"辽宁省","label":[122.46336081872117,40.39152947257998]},"geometry":{"type":"MultiPolygon","coordinates":[[[[122.459023,40.93882],[122.470185,40.931313],[122.496587,40.932435],[122.504036,40.918194],[122.498185,40.906166],[122.487618,40.904369],[122.48127,40.894603],[122.486343,40.891403],[122.487618,40.881435],[122.49688,40.878078],[122.497223,40.871299],[122.482483,40.858802],[122.479042,40.849586],[122.511505,40.846606],[122.518364,40.832553],[122.516404,40.824125],[122.536863,40.817109],[122.533356,40.808833],[122.535469,40.794474],[122.510822,40.764775],[122.536965,40.759874],[122.54317,40.764895],[122.550012,40.764101],[122.569351,40.756262],[122.571274,40.747057],[122.575622,40.745008],[122.588303,40.757929],[122.601662,40.7511],[122.613648,40.75474],[122.635796,40.752237],[122.648637,40.733541],[122.643555,40.723543],[122.644669,40.70638],[122.617897,40.68665],[122.6193,40.667661],[122.632781,40.660237],[122.657471,40.670094],[122.666458,40.668324],[122.664482,40.660996],[122.652626,40.653718],[122.64611,40.61554],[122.624022,40.605542],[122.645858,40.592449],[122.646514,40.582977],[122.654655,40.582363],[122.658454,40.593243],[122.67427,40.591095],[122.697532,40.599976],[122.711449,40.595314],[122.717994,40.585377],[122.73024,40.581207],[122.755775,40.581922],[122.764504,40.574326],[122.783776,40.578491],[122.794749,40.576244],[122.800759,40.57336],[122.801766,40.557017],[122.813775,40.55429],[122.82412,40.534896],[122.870927,40.526747],[122.891801,40.536963],[122.909029,40.53575],[122.939028,40.524233],[122.947603,40.508029],[122.962302,40.509354],[122.971285,40.503947],[122.977418,40.483877],[123.002421,40.480575],[122.997498,40.472208],[122.982639,40.466232],[122.978055,40.459876],[122.989249,40.443653],[122.989985,40.426272],[122.977715,40.416771],[122.938654,40.413954],[122.932842,40.409736],[122.92925,40.387923],[122.933717,40.376504],[122.922296,40.359246],[122.928507,40.344785],[122.91044,40.330132],[122.886201,40.318272],[122.876374,40.30172],[122.876595,40.289071],[122.868134,40.267056],[122.879837,40.235005],[122.886238,40.231102],[122.891647,40.217419],[122.888217,40.20289],[122.863578,40.178962],[122.853721,40.160613],[122.843612,40.153869],[122.844505,40.142234],[122.853317,40.133593],[122.846068,40.123423],[122.829886,40.117972],[122.819411,40.119521],[122.808684,40.102133],[122.795439,40.101592],[122.775808,40.109595],[122.761709,40.108432],[122.741781,40.096412],[122.728337,40.093577],[122.7104,40.077494],[122.704709,40.066107],[122.684437,40.06932],[122.653843,40.061358],[122.612323,40.062297],[122.602145,40.051513],[122.575671,40.053607],[122.564608,40.048686],[122.553896,40.057468],[122.532572,40.059699],[122.524202,40.042228],[122.547106,40.020625],[122.540003,40.012141],[122.523134,40.014003],[122.514138,40.00067],[122.516832,39.996302],[122.539644,39.990199],[122.534005,39.97029],[122.552179,39.970873],[122.544008,39.952673],[122.553132,39.943075],[122.545846,39.935393],[122.526734,39.940825],[122.519669,39.932581],[122.503655,39.931315],[122.503022,39.924769],[122.51106,39.920071],[122.49778,39.924811],[122.485561,39.93604],[122.472061,39.936076],[122.459389,39.948466],[122.438675,39.953685],[122.413856,39.969092],[122.35575,39.96696],[122.336608,39.983909],[122.328001,39.980381],[122.308401,39.982601],[122.280853,39.964695],[122.254186,39.987938],[122.257116,40.002678],[122.23615,40.018681],[122.216222,40.00034],[122.195637,39.996533],[122.186925,40.008023],[122.174801,40.011818],[122.169735,40.025403],[122.162991,40.029656],[122.147762,40.034871],[122.13464,40.029427],[122.113514,40.042363],[122.084926,40.037709],[122.076892,40.053762],[122.060748,40.064031],[122.041346,40.064619],[122.03226,40.05845],[122.009501,40.056562],[121.995066,40.049688],[121.987146,40.051405],[121.97841,40.062967],[121.980414,40.085789],[121.970316,40.095213],[121.967333,40.108992],[121.960021,40.111598],[122.001006,40.129014],[122.010161,40.153387],[122.004275,40.17719],[121.990732,40.179149],[121.981151,40.200484],[122.051261,40.203518],[122.099291,40.236888],[122.094896,40.246982],[122.094029,40.306325],[122.131612,40.327229],[122.111035,40.363536],[122.128461,40.365371],[122.14772,40.345245],[122.190748,40.358319],[122.185574,40.377839],[122.200241,40.390099],[122.2069,40.424512],[122.228035,40.420553],[122.246598,40.440614],[122.224804,40.473494],[122.25978,40.476569],[122.240619,40.486148],[122.22943,40.504235],[122.252464,40.51383],[122.200032,40.570078],[122.149452,40.602399],[122.145742,40.630504],[122.161723,40.658523],[122.14839,40.671406],[122.146951,40.69985],[122.157312,40.709448],[122.166834,40.707937],[122.178747,40.698692],[122.185801,40.702787],[122.199662,40.692317],[122.231672,40.686214],[122.235293,40.681085],[122.266192,40.692948],[122.266459,40.704461],[122.254061,40.710386],[122.202402,40.711416],[122.200869,40.716238],[122.205202,40.72577],[122.201397,40.737959],[122.179804,40.744657],[122.102457,40.786234],[122.091692,40.798453],[122.123812,40.816885],[122.146731,40.838618],[122.182353,40.832361],[122.170672,40.85557],[122.175693,40.874827],[122.182392,40.874071],[122.202014,40.85602],[122.216289,40.850565],[122.227726,40.863211],[122.257961,40.868055],[122.274029,40.863512],[122.298199,40.887064],[122.307271,40.90521],[122.3177,40.905885],[122.312588,40.895128],[122.323903,40.891649],[122.32816,40.892938],[122.330632,40.90384],[122.347252,40.914159],[122.35836,40.907185],[122.372073,40.907268],[122.372293,40.915943],[122.377073,40.922749],[122.397534,40.921408],[122.444263,40.938286],[122.459023,40.93882]]]]}},{"type":"Feature","properties":{"name":"商丘市","code":"411400","gb":"156411400","province":"河南省","label":[115.69789395606853,34.28956226517888]},"geometry":{"type":"MultiPolygon","coordinates":[[[[115.321182,34.851913],[115.33268,34.849072],[115.348434,34.83654],[115.364708,34.833183],[115.367683,34.828533],[115.394097,34.832733],[115.411919,34.808708],[115.424057,34.804318],[115.421219,34.787525],[115.436203,34.769699],[115.437492,34.756268],[115.444466,34.744644],[115.437752,34.736633],[115.421219,34.733276],[115.420959,34.726303],[115.44072,34.711201],[115.437042,34.700687],[115.445976,34.698586],[115.438087,34.662582],[115.446762,34.661793],[115.459641,34.640244],[115.508148,34.588299],[115.531532,34.579025],[115.575157,34.575806],[115.612061,34.580326],[115.671303,34.561329],[115.681541,34.568699],[115.686493,34.579716],[115.686142,34.595982],[115.693619,34.603725],[115.712608,34.595207],[115.775726,34.58345],[115.793244,34.574891],[115.794716,34.574385],[115.824554,34.564129],[115.83036,34.573994],[115.910599,34.57991],[115.947235,34.590061],[115.968071,34.590092],[115.975838,34.594227],[115.976097,34.611412],[115.982201,34.622646],[115.997757,34.624958],[116.031944,34.594067],[116.049446,34.596378],[116.076942,34.60923],[116.095558,34.60672],[116.112213,34.590691],[116.128853,34.560715],[116.143341,34.557632],[116.185913,34.579468],[116.191566,34.563393],[116.185432,34.536747],[116.194488,34.516163],[116.175713,34.509159],[116.154228,34.466583],[116.169373,34.445808],[116.173653,34.431614],[116.180603,34.428219],[116.199806,34.41687],[116.210426,34.404552],[116.211601,34.396763],[116.20446,34.391438],[116.208122,34.383434],[116.230591,34.376232],[116.264908,34.374371],[116.278801,34.36665],[116.296127,34.343349],[116.357963,34.317986],[116.367798,34.295094],[116.358002,34.273712],[116.364097,34.272015],[116.383537,34.280716],[116.413132,34.276077],[116.439773,34.293892],[116.44722,34.287689],[116.450926,34.271638],[116.460785,34.272354],[116.484711,34.292179],[116.497665,34.297733],[116.561279,34.285809],[116.574361,34.277409],[116.569389,34.264046],[116.538147,34.23624],[116.536499,34.223614],[116.541458,34.212235],[116.560669,34.194202],[116.564598,34.179367],[116.556549,34.168015],[116.540634,34.162498],[116.530723,34.152424],[116.522079,34.117065],[116.528747,34.106312],[116.546967,34.102474],[116.559418,34.093113],[116.562523,34.077473],[116.575912,34.054512],[116.588539,34.043697],[116.593072,34.022325],[116.59716,34.00861],[116.633545,33.988464],[116.642748,33.975023],[116.647011,33.963867],[116.634804,33.950436],[116.640572,33.931442],[116.633316,33.918751],[116.638001,33.898373],[116.635895,33.891697],[116.622154,33.890179],[116.581436,33.908813],[116.558861,33.909039],[116.553169,33.90324],[116.549263,33.888283],[116.541603,33.884987],[116.521484,33.887295],[116.51593,33.872543],[116.499954,33.873749],[116.496239,33.864983],[116.472832,33.866329],[116.436439,33.854439],[116.42749,33.846302],[116.42543,33.837925],[116.423996,33.823719],[116.430252,33.805603],[116.397705,33.80143],[116.385788,33.79073],[116.368347,33.782257],[116.328041,33.77671],[116.309662,33.759266],[116.275757,33.749886],[116.258232,33.731525],[116.224991,33.732006],[116.191857,33.726746],[116.171547,33.711548],[116.160873,33.709564],[116.149856,33.711246],[116.132233,33.741528],[116.113152,33.747684],[116.104446,33.757431],[116.090851,33.763893],[116.087234,33.779678],[116.067922,33.786192],[116.055382,33.813007],[116.040047,33.833538],[116.053772,33.864639],[116.036697,33.869774],[116.011276,33.895039],[116.004181,33.893902],[116.001419,33.905254],[115.982185,33.903637],[115.976929,33.910843],[115.99485,33.966473],[115.974802,33.992909],[115.952232,34.009254],[115.922843,34.009243],[115.899048,34.011551],[115.889999,34.030285],[115.876999,34.034298],[115.864464,34.023632],[115.857773,34.008202],[115.844581,34.006245],[115.840073,34.013546],[115.839828,34.032352],[115.810059,34.054329],[115.804855,34.07217],[115.780045,34.07471],[115.774475,34.076466],[115.757507,34.06781],[115.726173,34.080574],[115.706169,34.072567],[115.681076,34.073452],[115.65451,34.062157],[115.644472,34.066902],[115.640574,34.082276],[115.627486,34.089766],[115.617399,34.08776],[115.618202,34.083886],[115.613148,34.082348],[115.585514,34.088748],[115.58463,34.0834],[115.57887,34.083061],[115.551265,34.092627],[115.539651,34.08598],[115.535901,34.082969],[115.543027,34.079521],[115.544103,34.040652],[115.531568,34.031358],[115.533733,34.022228],[115.520687,34.015185],[115.510907,34.021632],[115.493313,34.015325],[115.482307,34.021431],[115.46699,34.00804],[115.455453,34.011706],[115.45648,34.00026],[115.450466,33.987562],[115.42475,33.988388],[115.39042,33.997041],[115.350911,34.018267],[115.339318,34.018089],[115.327923,34.007178],[115.315399,34.008391],[115.309886,34.005048],[115.307984,33.996916],[115.288308,33.99581],[115.283384,34.006509],[115.291308,34.020512],[115.288458,34.023756],[115.264014,34.018527],[115.247782,34.022773],[115.242581,34.018237],[115.241627,34.007694],[115.254265,33.98357],[115.236845,33.98042],[115.226104,33.985722],[115.22087,33.980249],[115.199384,33.987687],[115.19375,33.99357],[115.186977,33.991725],[115.18888,33.981341],[115.201257,33.974946],[115.202896,33.968078],[115.180039,33.963266],[115.177991,33.955629],[115.164677,33.947947],[115.150329,33.945932],[115.136101,33.950872],[115.134758,33.963037],[115.115299,33.964513],[115.107678,33.963671],[115.103548,33.956411],[115.099068,33.933826],[115.065805,33.937281],[115.059746,33.942399],[115.049901,33.938269],[115.040549,33.94857],[115.043655,33.956783],[115.052927,33.956402],[115.057366,33.976498],[115.052704,33.979544],[115.053769,33.985362],[115.061357,33.987709],[115.075878,34.00274],[115.065907,34.023619],[115.115066,34.025095],[115.133346,34.05383],[115.132158,34.058537],[115.114159,34.069896],[115.110619,34.091202],[115.110693,34.098918],[115.11916,34.10697],[115.115082,34.127586],[115.126705,34.157892],[115.124197,34.176707],[115.11192,34.189849],[115.118091,34.206356],[115.115473,34.210487],[115.10176,34.206056],[115.084175,34.222153],[115.055128,34.224597],[115.040851,34.23104],[115.028986,34.252446],[114.991042,34.246559],[114.990951,34.251361],[114.973377,34.269352],[114.967048,34.263337],[114.968327,34.256392],[114.960037,34.255819],[114.949311,34.268554],[114.937327,34.263439],[114.932698,34.281915],[114.904921,34.28178],[114.905169,34.285467],[114.890824,34.285887],[114.882949,34.300325],[114.862804,34.302835],[114.863971,34.309248],[114.872289,34.308411],[114.872537,34.321286],[114.854769,34.322306],[114.849971,34.333711],[114.85841,34.357728],[114.854271,34.365751],[114.882121,34.379639],[114.884855,34.386387],[114.881646,34.384126],[114.873995,34.388745],[114.866967,34.399262],[114.843699,34.401847],[114.843798,34.411573],[114.845478,34.428705],[114.860155,34.435403],[114.851499,34.445579],[114.860689,34.461893],[114.874709,34.453125],[114.881573,34.462941],[114.894079,34.464129],[114.9075,34.485286],[114.913475,34.486704],[114.917304,34.500242],[114.912286,34.502454],[114.904928,34.496684],[114.902719,34.498734],[114.912232,34.513217],[114.901702,34.571465],[114.906499,34.584627],[114.898109,34.595246],[114.893768,34.627374],[114.896508,34.646004],[114.882573,34.654465],[114.904515,34.677708],[114.927156,34.665208],[114.930631,34.667181],[114.931119,34.678146],[114.92632,34.689497],[114.905616,34.69308],[114.895051,34.701364],[114.874768,34.703086],[114.874052,34.688567],[114.855016,34.686818],[114.850789,34.701014],[114.8552,34.711393],[114.837891,34.711874],[114.836349,34.717412],[114.840045,34.727353],[114.850074,34.73412],[114.862286,34.734142],[114.862461,34.740387],[114.847935,34.751066],[114.835599,34.744111],[114.83122,34.746063],[114.831477,34.753521],[114.823199,34.757808],[114.826952,34.768843],[114.861345,34.768408],[114.864444,34.778214],[114.888076,34.777813],[114.888514,34.763699],[114.893298,34.759014],[114.907693,34.757719],[114.917777,34.748016],[114.923301,34.747722],[114.943346,34.748419],[114.944592,34.756452],[114.959885,34.759413],[114.992971,34.757244],[115.001843,34.774829],[115.034541,34.774631],[115.050245,34.767799],[115.060558,34.77296],[115.104719,34.775375],[115.109177,34.777974],[115.110178,34.787386],[115.12072,34.791528],[115.138418,34.790637],[115.141699,34.778856],[115.146507,34.777121],[115.169699,34.791772],[115.172884,34.799843],[115.193421,34.801467],[115.197216,34.807014],[115.242559,34.79951],[115.244066,34.804985],[115.236824,34.814963],[115.25036,34.813809],[115.257953,34.820844],[115.261211,34.831372],[115.252533,34.839706],[115.261505,34.844421],[115.259956,34.854755],[115.26693,34.858501],[115.286697,34.851265],[115.289665,34.861729],[115.309425,34.862503],[115.321182,34.851913]]]]}},{"type":"Feature","properties":{"name":"潍坊市","code":"370700","gb":"156370700","province":"山东省","label":[119.0712156208047,36.54636046411635]},"geometry":{"type":"MultiPolygon","coordinates":[[[[119.044465,37.241712],[119.078088,37.227466],[119.09448,37.249144],[119.096882,37.248343],[119.079091,37.226841],[119.100814,37.208938],[119.12183,37.237445],[119.104418,37.245831],[119.123053,37.239617],[119.114027,37.216495],[119.139864,37.176346],[119.148242,37.227107],[119.183549,37.221093],[119.181073,37.190434],[119.204483,37.193793],[119.200762,37.214333],[119.221701,37.218406],[119.237465,37.204966],[119.273054,37.206374],[119.285931,37.199877],[119.271062,37.121909],[119.247674,37.089471],[119.275952,37.099856],[119.292352,37.115321],[119.331754,37.087669],[119.382242,37.119858],[119.466326,37.114309],[119.466154,37.095621],[119.489245,37.096779],[119.4993,37.123322],[119.529228,37.124104],[119.551142,37.117463],[119.550899,37.057756],[119.603733,37.037106],[119.607851,37.03062],[119.604715,37.014792],[119.578387,36.950288],[119.594624,36.921372],[119.59196,36.857027],[119.561966,36.805022],[119.553153,36.803297],[119.544251,36.808876],[119.533898,36.805832],[119.537442,36.802863],[119.525724,36.76634],[119.530816,36.742777],[119.542967,36.725337],[119.573808,36.711915],[119.581953,36.696132],[119.590928,36.690073],[119.607901,36.663173],[119.615201,36.643146],[119.677356,36.606695],[119.690971,36.606174],[119.710626,36.592251],[119.721025,36.591681],[119.725124,36.581652],[119.722171,36.562361],[119.742522,36.571401],[119.82102,36.541036],[119.922385,36.523255],[119.918939,36.495176],[119.92567,36.495624],[119.940328,36.518366],[119.966611,36.522206],[119.969402,36.51568],[119.993601,36.503628],[119.994951,36.508415],[120.00461,36.508736],[120.003025,36.497806],[119.998837,36.477231],[120.001009,36.468847],[120.005189,36.467491],[120.006583,36.451948],[119.990293,36.443994],[119.989345,36.450172],[119.950887,36.446252],[119.941196,36.439264],[119.937594,36.428311],[119.929125,36.420062],[119.920097,36.41942],[119.918037,36.413565],[119.922454,36.402285],[119.93394,36.397013],[119.940617,36.384602],[119.899639,36.382746],[119.90148,36.3758],[119.89596,36.36911],[119.898261,36.354612],[119.890784,36.349875],[119.897313,36.333354],[119.893122,36.320981],[119.860127,36.309944],[119.857912,36.298621],[119.832292,36.282074],[119.833518,36.265644],[119.816998,36.252832],[119.814165,36.241989],[119.801991,36.23411],[119.811492,36.21499],[119.818622,36.211079],[119.818762,36.195039],[119.826567,36.180605],[119.806662,36.166974],[119.786914,36.171546],[119.783673,36.166923],[119.765368,36.167499],[119.742165,36.158484],[119.730411,36.159275],[119.727714,36.168488],[119.712983,36.180087],[119.707892,36.180097],[119.707969,36.175151],[119.6868,36.174809],[119.67556,36.181718],[119.663152,36.174972],[119.663856,36.168187],[119.649369,36.145243],[119.638282,36.12756],[119.65221,36.108851],[119.65176,36.100896],[119.62685,36.09168],[119.628229,36.067732],[119.654204,36.065776],[119.66139,36.058069],[119.670329,36.063251],[119.689146,36.052762],[119.704008,36.054494],[119.711543,36.041853],[119.679114,36.014828],[119.6836,35.991415],[119.680057,35.97684],[119.694572,35.946273],[119.696607,35.927533],[119.711194,35.928029],[119.714379,35.907112],[119.727299,35.896136],[119.731499,35.863615],[119.711684,35.853126],[119.69873,35.864288],[119.688364,35.864393],[119.6698,35.848238],[119.670355,35.841996],[119.660642,35.840937],[119.649773,35.845946],[119.625664,35.8366],[119.620235,35.81937],[119.604964,35.810729],[119.603336,35.798738],[119.612509,35.787637],[119.60594,35.775514],[119.593034,35.776711],[119.586661,35.753578],[119.600197,35.747521],[119.609746,35.733405],[119.621707,35.725995],[119.620039,35.712194],[119.608612,35.717756],[119.60025,35.711047],[119.584703,35.71673],[119.57079,35.713247],[119.541334,35.726109],[119.524736,35.721188],[119.519961,35.73068],[119.525702,35.730218],[119.507465,35.741531],[119.500103,35.751863],[119.485244,35.75125],[119.481679,35.770659],[119.491898,35.781379],[119.49337,35.789553],[119.48706,35.797557],[119.465036,35.798764],[119.465521,35.808288],[119.460134,35.81089],[119.433995,35.802451],[119.406565,35.799359],[119.394397,35.789342],[119.396743,35.774608],[119.361573,35.776395],[119.363417,35.797086],[119.358617,35.810751],[119.366827,35.81771],[119.365923,35.85774],[119.370034,35.867329],[119.352276,35.883199],[119.347848,35.896684],[119.342111,35.900932],[119.311277,35.888146],[119.302767,35.894636],[119.291685,35.89034],[119.292484,35.900227],[119.298831,35.905201],[119.291609,35.913076],[119.279871,35.912717],[119.269599,35.910566],[119.263604,35.897457],[119.252513,35.892518],[119.228358,35.890803],[119.228811,35.884129],[119.186582,35.877108],[119.166184,35.89462],[119.156848,35.895153],[119.154731,35.881599],[119.150291,35.882093],[119.128781,35.892143],[119.16396,35.917981],[119.178483,35.917313],[119.168884,35.935138],[119.175251,35.945319],[119.174072,35.972008],[119.162894,35.975384],[119.15486,35.973215],[119.155084,35.96899],[119.119509,35.961589],[119.087938,35.959555],[119.086274,35.96446],[119.071914,35.958647],[119.065715,35.966835],[119.056658,35.965177],[119.047429,35.97024],[119.038389,35.981657],[119.023831,35.975376],[119.016406,35.976541],[119.009871,35.992198],[119.022632,36.004884],[119.023269,36.010442],[119.011965,36.013499],[119.00909,36.019061],[119.018395,36.026168],[119.042103,36.024471],[119.044821,36.034193],[119.034341,36.046241],[119.043032,36.065122],[119.060954,36.074525],[119.057388,36.086124],[119.043897,36.09255],[119.032697,36.090298],[119.020227,36.101885],[118.98749,36.098056],[118.983412,36.092264],[118.952454,36.10451],[118.936726,36.117677],[118.923729,36.111849],[118.917654,36.114687],[118.904172,36.106125],[118.904895,36.102586],[118.910475,36.103033],[118.903192,36.091643],[118.87485,36.084732],[118.855126,36.102002],[118.853652,36.162737],[118.849221,36.170278],[118.841019,36.172681],[118.839198,36.201659],[118.792895,36.201953],[118.781447,36.197023],[118.760809,36.206458],[118.742484,36.193839],[118.739083,36.188029],[118.744807,36.182512],[118.743524,36.175364],[118.739353,36.167075],[118.733008,36.167354],[118.729321,36.162755],[118.72829,36.152927],[118.732284,36.146541],[118.718712,36.140272],[118.71447,36.143154],[118.715529,36.150633],[118.708645,36.155236],[118.698526,36.151447],[118.694951,36.144039],[118.688131,36.14368],[118.676289,36.151052],[118.677891,36.158605],[118.67311,36.166824],[118.660213,36.168406],[118.648996,36.175388],[118.631419,36.170324],[118.616102,36.177348],[118.585606,36.156141],[118.574126,36.152497],[118.569586,36.158275],[118.56553,36.156839],[118.558387,36.146323],[118.559071,36.129447],[118.547457,36.130488],[118.510126,36.109641],[118.493257,36.111289],[118.499111,36.105907],[118.522019,36.104073],[118.522994,36.092103],[118.502217,36.074913],[118.498513,36.068965],[118.483969,36.067755],[118.474694,36.073862],[118.478812,36.104825],[118.473458,36.117948],[118.486826,36.126793],[118.481943,36.131759],[118.456761,36.14048],[118.442356,36.140982],[118.4223,36.133027],[118.416166,36.123231],[118.396356,36.130257],[118.396503,36.161402],[118.38165,36.174339],[118.368268,36.199056],[118.376304,36.206826],[118.37629,36.2271],[118.381712,36.238678],[118.344704,36.263319],[118.312008,36.249616],[118.301147,36.251866],[118.313964,36.281968],[118.29851,36.321006],[118.291284,36.32431],[118.294295,36.333422],[118.287941,36.338351],[118.261443,36.339198],[118.229635,36.389467],[118.245771,36.401677],[118.244728,36.410948],[118.23572,36.414324],[118.233534,36.40924],[118.223754,36.407659],[118.219101,36.411984],[118.222396,36.429654],[118.227061,36.432732],[118.226855,36.463896],[118.210354,36.478279],[118.203909,36.50702],[118.204305,36.525185],[118.213871,36.529327],[118.217794,36.539981],[118.186152,36.545734],[118.17531,36.562139],[118.170297,36.584886],[118.174536,36.593312],[118.209805,36.617617],[118.204053,36.629785],[118.193945,36.637685],[118.195911,36.641631],[118.208362,36.646359],[118.211658,36.656214],[118.226254,36.663442],[118.216423,36.670454],[118.214614,36.667381],[118.209844,36.66997],[118.211219,36.680151],[118.221849,36.69402],[118.23271,36.691768],[118.232528,36.696821],[118.224053,36.701557],[118.228397,36.705897],[118.22148,36.717089],[118.229587,36.725563],[118.247409,36.731576],[118.257393,36.724108],[118.276405,36.719689],[118.278568,36.723093],[118.266001,36.742524],[118.276113,36.753554],[118.292176,36.753008],[118.292442,36.777134],[118.312124,36.779468],[118.31575,36.770501],[118.344114,36.767719],[118.382654,36.790568],[118.414075,36.79572],[118.432823,36.810379],[118.433602,36.836827],[118.444093,36.836908],[118.448315,36.857797],[118.455419,36.853729],[118.454203,36.844775],[118.475814,36.852316],[118.473904,36.85839],[118.459383,36.863022],[118.47703,36.878621],[118.477445,36.90023],[118.469073,36.904808],[118.469723,36.908518],[118.483629,36.913691],[118.491294,36.928568],[118.48414,36.943199],[118.461756,36.945167],[118.468571,36.955377],[118.480411,36.955879],[118.497992,36.951076],[118.497631,36.943647],[118.515833,36.943498],[118.539291,36.93612],[118.548749,36.937952],[118.556571,36.95098],[118.551381,36.965513],[118.552695,36.979306],[118.546864,36.979316],[118.54861,37.000952],[118.552523,37.002882],[118.558156,36.993811],[118.569548,36.993604],[118.575022,36.996826],[118.572498,37.000301],[118.568424,36.996016],[118.560652,36.998511],[118.562069,37.006105],[118.583749,37.001362],[118.582919,37.017035],[118.538967,37.024649],[118.539838,37.038059],[118.550488,37.040545],[118.554964,37.062032],[118.586163,37.068106],[118.605422,37.062623],[118.626443,37.066375],[118.626682,37.069946],[118.659474,37.081401],[118.662911,37.088103],[118.656354,37.094522],[118.658271,37.101661],[118.662711,37.101171],[118.666186,37.138368],[118.646078,37.150493],[118.64585,37.162821],[118.640067,37.158864],[118.630766,37.160843],[118.628085,37.170786],[118.637503,37.174495],[118.643785,37.188532],[118.654777,37.187356],[118.666209,37.203776],[118.66888,37.217021],[118.66049,37.225357],[118.707204,37.24313],[118.771914,37.279492],[118.960555,37.313286],[118.988175,37.315657],[118.988075,37.284643],[118.998749,37.267871],[119.028902,37.26782],[119.044465,37.241712]]]]}},{"type":"Feature","properties":{"name":"巴彦淖尔市","code":"150800","gb":"156150800","province":"内蒙古自治区","label":[107.56933603796736,41.44575623301263]},"geometry":{"type":"MultiPolygon","coordinates":[[[[108.292885,42.436516],[108.351059,42.436192],[108.409012,42.439175],[108.465874,42.441669],[108.527573,42.4412],[108.582794,42.432045],[108.639915,42.421497],[108.685822,42.413551],[108.699501,42.411579],[108.711777,42.412674],[108.753319,42.412834],[108.79335,42.413338],[108.802612,42.409466],[108.824921,42.40435],[108.84021,42.393986],[108.892654,42.413258],[108.945061,42.433758],[108.95813,42.439109],[108.977669,42.447109],[108.993729,42.451191],[108.998381,42.449575],[109.004275,42.447527],[109.006973,42.44659],[109.019951,42.456612],[109.03698,42.455051],[109.091995,42.450481],[109.109253,42.448865],[109.149307,42.445114],[109.208832,42.440201],[109.256432,42.436581],[109.268379,42.434841],[109.285637,42.433876],[109.29953,42.438038],[109.314949,42.439945],[109.329575,42.440781],[109.377014,42.445675],[109.38052,42.446165],[109.380917,42.442833],[109.427414,42.42569],[109.431442,42.404901],[109.43893,42.396977],[109.439712,42.376493],[109.471028,42.343496],[109.466705,42.314371],[109.501732,42.262911],[109.533564,42.145498],[109.509643,42.137641],[109.482005,42.075573],[109.368554,41.930823],[109.34355,41.920556],[109.339076,41.915149],[109.341018,41.904892],[109.330019,41.896781],[109.291681,41.88829],[109.257125,41.887225],[109.25426,41.866818],[109.276614,41.861401],[109.28852,41.849948],[109.31111,41.806652],[109.340092,41.793166],[109.361672,41.763837],[109.335494,41.740579],[109.388952,41.696012],[109.389065,41.676156],[109.398504,41.658909],[109.422566,41.647665],[109.420617,41.627688],[109.425061,41.586189],[109.430331,41.574343],[109.429347,41.558956],[109.422464,41.549895],[109.441936,41.532703],[109.451646,41.513299],[109.443204,41.50453],[109.475601,41.497916],[109.658095,41.497603],[109.664323,41.481523],[109.648263,41.465164],[109.643818,41.44509],[109.620493,41.430314],[109.649173,41.409165],[109.647441,41.403085],[109.655463,41.395993],[109.677679,41.391334],[109.680346,41.380052],[109.688172,41.378339],[109.695856,41.358776],[109.692934,41.351938],[109.684539,41.349622],[109.686324,41.331792],[109.693025,41.322257],[109.653396,41.32031],[109.647233,41.307058],[109.635042,41.316215],[109.619993,41.304587],[109.629821,41.292341],[109.625011,41.285787],[109.615669,41.28277],[109.613955,41.276295],[109.632409,41.255221],[109.633679,41.243528],[109.651111,41.228894],[109.65321,41.211881],[109.678545,41.176658],[109.703996,41.150335],[109.718926,41.113899],[109.694341,41.112133],[109.652114,41.118852],[109.652359,41.11429],[109.673106,41.097394],[109.670289,41.087931],[109.678237,41.070765],[109.675218,41.056306],[109.695838,41.03552],[109.730927,41.034817],[109.740827,41.022611],[109.745555,41.005434],[109.755349,40.996939],[109.76987,41.000822],[109.784506,40.994057],[109.792463,41.004986],[109.806859,41.007153],[109.81974,40.992753],[109.823473,40.980449],[109.819818,40.966413],[109.830675,40.943364],[109.852584,40.935078],[109.872142,40.919112],[109.88139,40.923283],[109.87672,40.890883],[109.861653,40.877183],[109.869166,40.854562],[109.862938,40.84053],[109.834721,40.834039],[109.823873,40.81516],[109.814943,40.811846],[109.794422,40.801109],[109.792522,40.793238],[109.797979,40.775632],[109.786097,40.758148],[109.768051,40.752663],[109.763671,40.758349],[109.749517,40.757913],[109.715364,40.749164],[109.697394,40.751269],[109.63504,40.73896],[109.607555,40.736607],[109.540019,40.74167],[109.522826,40.731546],[109.505159,40.733692],[109.473237,40.748611],[109.472299,40.739881],[109.465619,40.736635],[109.456688,40.739195],[109.435268,40.724953],[109.433771,40.714527],[109.406415,40.70252],[109.403134,40.690619],[109.410027,40.660797],[109.40554,40.645542],[109.394479,40.640279],[109.402245,40.628202],[109.424429,40.622],[109.425582,40.60115],[109.413085,40.595972],[109.412228,40.591772],[109.427108,40.55429],[109.417456,40.547949],[109.440477,40.536549],[109.419316,40.515409],[109.428157,40.508181],[109.435603,40.515423],[109.445246,40.491851],[109.442142,40.484812],[109.433449,40.477582],[109.391833,40.460371],[109.375105,40.467839],[109.35215,40.489037],[109.309251,40.48336],[109.276992,40.501152],[109.259643,40.503983],[109.218661,40.485485],[109.215039,40.488498],[109.2179,40.509661],[109.210339,40.51823],[109.190515,40.516079],[109.16578,40.520296],[109.144521,40.509365],[109.115004,40.532979],[109.079601,40.53214],[109.056899,40.543231],[109.04771,40.549378],[109.0261,40.547385],[108.992554,40.555952],[108.999362,40.536541],[108.997065,40.53024],[108.942718,40.533869],[108.927944,40.527364],[108.919908,40.534654],[108.919045,40.556418],[108.894576,40.553774],[108.884441,40.567792],[108.872442,40.570856],[108.845925,40.559587],[108.830057,40.541794],[108.820153,40.541616],[108.803168,40.56144],[108.772764,40.566042],[108.763033,40.575386],[108.760341,40.588116],[108.765494,40.608955],[108.757144,40.625912],[108.724395,40.62394],[108.714969,40.61816],[108.650762,40.666375],[108.642593,40.660439],[108.59126,40.651501],[108.57951,40.679739],[108.575297,40.710036],[108.534077,40.733595],[108.503811,40.738107],[108.485646,40.745913],[108.477852,40.753035],[108.462482,40.784177],[108.450126,40.79279],[108.409901,40.806539],[108.391009,40.806964],[108.378915,40.800727],[108.333603,40.800336],[108.282314,40.818047],[108.243041,40.823796],[108.206664,40.819682],[108.200941,40.828215],[108.206359,40.844752],[108.201211,40.858275],[108.189847,40.871534],[108.168573,40.879424],[108.156321,40.880352],[108.148568,40.875801],[108.115693,40.838786],[108.083786,40.830806],[108.010945,40.83986],[107.965816,40.860918],[107.953118,40.861663],[107.908546,40.847405],[107.893543,40.848185],[107.851163,40.873091],[107.830598,40.863281],[107.827068,40.855457],[107.831712,40.844397],[107.817166,40.83512],[107.805724,40.845904],[107.793126,40.850857],[107.743701,40.859849],[107.732002,40.855179],[107.722885,40.840774],[107.729223,40.809206],[107.721751,40.808025],[107.701395,40.815934],[107.69363,40.812381],[107.696627,40.781219],[107.685344,40.762427],[107.674155,40.756586],[107.658779,40.756427],[107.622634,40.773469],[107.60665,40.776891],[107.586272,40.766382],[107.577243,40.752391],[107.580564,40.739817],[107.551375,40.723587],[107.531026,40.704226],[107.519362,40.700354],[107.497005,40.712667],[107.482106,40.710857],[107.456882,40.684003],[107.413638,40.667434],[107.386576,40.643532],[107.366259,40.643205],[107.333847,40.649905],[107.319843,40.646356],[107.301303,40.655812],[107.2882,40.654755],[107.281127,40.649117],[107.252855,40.598508],[107.239109,40.556707],[107.222036,40.55821],[107.185526,40.57821],[107.17315,40.579447],[107.162209,40.573903],[107.159178,40.571879],[107.155691,40.52421],[107.197659,40.505235],[107.198878,40.499846],[107.183945,40.478911],[107.170304,40.476183],[107.154617,40.458648],[107.149351,40.448239],[107.165444,40.418177],[107.166846,40.392057],[107.163113,40.385641],[107.12078,40.351099],[107.060484,40.337993],[107.046719,40.330988],[107.027283,40.307004],[107.022836,40.276519],[107.010118,40.253755],[106.921471,40.187299],[106.862193,40.168005],[106.861583,40.184461],[106.805129,40.181703],[106.735386,40.195316],[106.700985,40.261308],[106.762828,40.295802],[106.815389,40.354342],[106.808725,40.368921],[106.667825,40.383816],[106.598846,40.385885],[106.516451,40.372566],[106.463467,40.324456],[106.449038,40.326336],[106.427988,40.347391],[106.323856,40.345285],[106.228137,40.460191],[106.204583,40.515111],[106.274957,40.508288],[106.276345,40.538387],[106.340012,40.518488],[106.369368,40.490768],[106.431067,40.494835],[106.476181,40.492761],[106.493885,40.482059],[106.483381,40.543674],[106.474626,40.553879],[106.438754,40.554596],[106.400741,40.572957],[106.321122,40.596907],[106.296476,40.590757],[106.275729,40.597279],[106.260607,40.608302],[106.253695,40.621612],[106.242679,40.624896],[106.245495,40.668139],[106.203597,40.675159],[106.177999,40.703335],[106.153687,40.692605],[106.130831,40.709705],[106.110474,40.716577],[105.935309,40.740017],[105.865522,40.762284],[105.831459,40.78065],[105.775613,40.784583],[105.693611,40.809935],[105.63226,40.853524],[105.554668,40.889219],[105.499989,40.925939],[105.390854,40.983317],[105.398861,41.014321],[105.374828,41.057869],[105.313581,41.111611],[105.330012,41.129884],[105.31292,41.199922],[105.242459,41.32082],[105.215862,41.379926],[105.218336,41.398452],[105.19755,41.540549],[105.22108,41.672902],[105.229842,41.749228],[105.287376,41.748081],[105.317345,41.76128],[105.33577,41.771145],[105.360931,41.781166],[105.380653,41.795231],[105.429573,41.816181],[105.480118,41.838741],[105.585251,41.886772],[105.62973,41.905346],[105.671761,41.923122],[105.714775,41.938488],[105.737183,41.947418],[105.883194,41.991302],[105.903397,41.998219],[106.008499,42.030228],[106.057152,42.047775],[106.07811,42.054661],[106.339928,42.147614],[106.367462,42.159271],[106.512848,42.207939],[106.578232,42.22971],[106.608322,42.240108],[106.780853,42.289658],[106.993805,42.311447],[107.023407,42.314259],[107.045799,42.317284],[107.265295,42.362051],[107.266273,42.362251],[107.270142,42.371197],[107.287931,42.405124],[107.288231,42.405697],[107.296802,42.409907],[107.298576,42.410778],[107.313428,42.414815],[107.325209,42.418016],[107.33799,42.42149],[107.390427,42.437492],[107.460503,42.456879],[107.488281,42.455399],[107.496001,42.454988],[107.496162,42.454979],[107.532079,42.433516],[107.56916,42.411358],[107.594608,42.41164],[107.594608,42.41164],[107.638342,42.412125],[107.730896,42.413151],[107.777466,42.410709],[107.799816,42.409935],[107.826721,42.409004],[107.859259,42.406678],[107.876251,42.405464],[107.921204,42.402946],[107.933945,42.402046],[107.956841,42.411064],[107.981361,42.411354],[108,42.421616],[108.011497,42.427399],[108.016724,42.431339],[108.029068,42.431973],[108.083557,42.434258],[108.102516,42.437519],[108.13488,42.442974],[108.182865,42.451425],[108.188489,42.452234],[108.18849,42.452234],[108.190531,42.452635],[108.232628,42.458477],[108.242821,42.458035],[108.253716,42.455952],[108.253738,42.455921],[108.292885,42.436516]]]]}},{"type":"Feature","properties":{"name":"平顶山市","code":"410400","gb":"156410400","province":"河南省","label":[113.01167039920634,33.79569455157386]},"geometry":{"type":"MultiPolygon","coordinates":[[[[112.77882,34.346464],[112.782265,34.333674],[112.803478,34.340768],[112.819833,34.333697],[112.836561,34.337068],[112.836669,34.326017],[112.848224,34.319109],[112.834108,34.312521],[112.834967,34.299492],[112.851373,34.304232],[112.886484,34.301556],[112.907255,34.295045],[112.939414,34.300256],[112.983493,34.297882],[113.000439,34.301772],[113.03324,34.280694],[113.063043,34.284228],[113.076681,34.267451],[113.069953,34.262991],[113.058317,34.23244],[113.067771,34.230042],[113.06144,34.219215],[113.067562,34.212027],[113.07777,34.215882],[113.09444,34.207861],[113.103918,34.194464],[113.097256,34.187267],[113.097901,34.180652],[113.101224,34.169253],[113.122088,34.142621],[113.118599,34.135335],[113.123456,34.125842],[113.139961,34.116451],[113.156421,34.09894],[113.176557,34.099971],[113.207185,34.110582],[113.219759,34.100837],[113.22407,34.090554],[113.237733,34.101185],[113.235505,34.112145],[113.249676,34.114615],[113.255609,34.104423],[113.273487,34.092817],[113.299134,34.079351],[113.31336,34.077413],[113.324612,34.068023],[113.312534,34.050912],[113.326598,34.02908],[113.340583,34.027899],[113.337416,34.038276],[113.348519,34.046214],[113.376554,34.038578],[113.379495,34.046231],[113.386419,34.045254],[113.386759,34.025791],[113.407281,34.015906],[113.406149,34.010712],[113.392354,34.003333],[113.392255,33.995545],[113.411932,33.98697],[113.414905,33.962071],[113.40823,33.956253],[113.410432,33.94409],[113.382806,33.93733],[113.359423,33.888196],[113.365354,33.859066],[113.378241,33.841757],[113.377283,33.829167],[113.373943,33.814153],[113.380325,33.799215],[113.367415,33.78602],[113.416321,33.76413],[113.432699,33.765603],[113.451527,33.758686],[113.457301,33.751485],[113.445982,33.751108],[113.44423,33.738826],[113.462527,33.738625],[113.462994,33.744072],[113.488554,33.752148],[113.489696,33.758473],[113.502828,33.764138],[113.514481,33.75703],[113.54554,33.750289],[113.565496,33.751941],[113.569874,33.758517],[113.573608,33.754867],[113.567947,33.743809],[113.555379,33.743419],[113.576115,33.740775],[113.583773,33.733957],[113.582977,33.72718],[113.575984,33.722565],[113.580038,33.712802],[113.575091,33.682743],[113.581715,33.660592],[113.605245,33.645562],[113.614755,33.630111],[113.621257,33.630635],[113.624188,33.624622],[113.61726,33.617072],[113.61097,33.618645],[113.591571,33.608803],[113.579886,33.607979],[113.566,33.591334],[113.546418,33.588389],[113.547298,33.573637],[113.55761,33.569167],[113.551446,33.555216],[113.542309,33.552659],[113.53594,33.541048],[113.528112,33.511357],[113.53146,33.500193],[113.526185,33.498994],[113.514322,33.50644],[113.499347,33.506599],[113.489675,33.501653],[113.472148,33.505446],[113.472766,33.497378],[113.480462,33.489623],[113.467263,33.466611],[113.46609,33.443035],[113.454369,33.439244],[113.452257,33.430206],[113.459721,33.423111],[113.485709,33.427449],[113.488314,33.419976],[113.510942,33.408455],[113.515248,33.410148],[113.516469,33.421712],[113.533662,33.422513],[113.543214,33.40685],[113.552818,33.411095],[113.57735,33.403829],[113.585824,33.408194],[113.587965,33.415113],[113.618574,33.416694],[113.636097,33.42633],[113.647096,33.420442],[113.676813,33.421588],[113.678502,33.411206],[113.682458,33.40912],[113.671488,33.377843],[113.647932,33.371646],[113.633468,33.355759],[113.633478,33.323855],[113.619575,33.307691],[113.603872,33.250369],[113.599327,33.246364],[113.599283,33.234648],[113.604402,33.233271],[113.603305,33.222426],[113.616564,33.194267],[113.62254,33.186992],[113.640952,33.187388],[113.643356,33.182205],[113.618534,33.150269],[113.612227,33.14736],[113.596545,33.162614],[113.585517,33.157084],[113.553664,33.161739],[113.550884,33.148909],[113.542262,33.140611],[113.526914,33.15445],[113.519977,33.154992],[113.50737,33.16462],[113.479956,33.153831],[113.447453,33.162267],[113.391792,33.150559],[113.380288,33.130562],[113.37958,33.177658],[113.37044,33.178423],[113.359968,33.186286],[113.373872,33.18592],[113.380501,33.222756],[113.385633,33.229289],[113.395526,33.227499],[113.398686,33.232086],[113.393631,33.253914],[113.401166,33.255923],[113.40038,33.261053],[113.384949,33.279071],[113.377594,33.296302],[113.379493,33.300657],[113.397727,33.304314],[113.397916,33.325436],[113.389906,33.326264],[113.390547,33.333294],[113.393146,33.329233],[113.396464,33.331146],[113.39479,33.336983],[113.383228,33.337265],[113.375011,33.343386],[113.369635,33.341446],[113.332268,33.353353],[113.321906,33.347217],[113.300262,33.343847],[113.289471,33.353314],[113.272444,33.351149],[113.25062,33.367357],[113.22643,33.366954],[113.219259,33.380134],[113.223883,33.38667],[113.220006,33.395586],[113.204434,33.404579],[113.189959,33.426743],[113.175752,33.436223],[113.145796,33.433815],[113.131653,33.425403],[113.123057,33.42796],[113.114432,33.442807],[113.106529,33.448013],[113.068372,33.450261],[113.039457,33.441767],[113.033773,33.467235],[113.044338,33.492511],[113.04093,33.535489],[113.031558,33.538358],[113.030516,33.544324],[113.01969,33.54957],[113.021501,33.556367],[113.016825,33.562346],[112.998876,33.570054],[112.984959,33.569359],[112.96765,33.586431],[112.959153,33.582884],[112.944403,33.590276],[112.935753,33.608833],[112.911856,33.607253],[112.890397,33.616566],[112.884895,33.609619],[112.863424,33.611774],[112.851219,33.606442],[112.848963,33.598065],[112.847639,33.587924],[112.838636,33.578657],[112.812207,33.576309],[112.801749,33.580176],[112.764051,33.561333],[112.736101,33.583298],[112.723071,33.584651],[112.720463,33.590032],[112.688901,33.588198],[112.655553,33.601864],[112.652205,33.608157],[112.628247,33.598555],[112.609431,33.600561],[112.603018,33.615988],[112.594585,33.621227],[112.583357,33.621286],[112.55451,33.592323],[112.524126,33.588913],[112.515493,33.596718],[112.513863,33.608961],[112.498759,33.62107],[112.487635,33.639173],[112.4525,33.64228],[112.437914,33.660154],[112.413873,33.678647],[112.402017,33.678506],[112.385773,33.668879],[112.354933,33.661364],[112.347132,33.670704],[112.329063,33.668109],[112.3226,33.671172],[112.305051,33.69003],[112.302551,33.699664],[112.282458,33.706043],[112.273728,33.713755],[112.250067,33.713202],[112.243962,33.72073],[112.244438,33.733433],[112.256263,33.739644],[112.261556,33.768856],[112.251428,33.776711],[112.253526,33.783371],[112.270742,33.791731],[112.277385,33.810498],[112.294588,33.807594],[112.300871,33.813524],[112.298825,33.818022],[112.309259,33.824525],[112.351793,33.834777],[112.374684,33.82812],[112.383965,33.830205],[112.395722,33.81177],[112.414463,33.810888],[112.425279,33.814276],[112.427813,33.821671],[112.448071,33.842164],[112.474035,33.858844],[112.48701,33.855675],[112.516338,33.86249],[112.534504,33.887336],[112.536377,33.897545],[112.53376,33.901665],[112.514266,33.904953],[112.505783,33.915039],[112.489522,33.918486],[112.489202,33.92978],[112.524011,33.94319],[112.524037,33.958958],[112.543044,33.985286],[112.539757,33.993121],[112.539984,34.001045],[112.563757,34.004573],[112.529048,34.023168],[112.557728,34.039268],[112.570615,34.040102],[112.574776,34.048269],[112.572031,34.06092],[112.577875,34.064992],[112.598458,34.065449],[112.601047,34.074889],[112.595479,34.08827],[112.617053,34.144189],[112.606157,34.160296],[112.588565,34.171631],[112.584326,34.187724],[112.57507,34.201107],[112.550838,34.213513],[112.565943,34.242499],[112.57576,34.247861],[112.540261,34.272751],[112.549113,34.284181],[112.566065,34.292264],[112.590874,34.319475],[112.609034,34.3237],[112.602478,34.329847],[112.635591,34.345878],[112.648004,34.341225],[112.65763,34.326208],[112.697585,34.335832],[112.724949,34.331265],[112.750578,34.332764],[112.770172,34.346167],[112.77882,34.346464]]]]}},{"type":"Feature","properties":{"name":"阜新市","code":"210900","gb":"156210900","province":"辽宁省","label":[121.95420893703225,42.27936479938392]},"geometry":{"type":"MultiPolygon","coordinates":[[[[122.5737,42.787281],[122.617554,42.771248],[122.646782,42.779736],[122.721664,42.784534],[122.730446,42.767742],[122.758347,42.756119],[122.778755,42.7547],[122.78495,42.746948],[122.780434,42.733128],[122.792961,42.733387],[122.797607,42.738682],[122.827685,42.714744],[122.809169,42.716918],[122.795466,42.724022],[122.761202,42.705475],[122.741953,42.686699],[122.750844,42.677285],[122.770632,42.673069],[122.786333,42.660469],[122.788019,42.648174],[122.819185,42.650302],[122.836755,42.646751],[122.8342,42.640697],[122.837183,42.628886],[122.843798,42.622809],[122.853975,42.62128],[122.858072,42.61605],[122.854051,42.61259],[122.862111,42.606604],[122.897685,42.611571],[122.921244,42.602331],[122.923396,42.599802],[122.917918,42.591624],[122.924395,42.585989],[122.963689,42.57],[122.968485,42.56286],[122.95096,42.546984],[122.943811,42.54294],[122.934969,42.547796],[122.931795,42.544695],[122.932207,42.530474],[122.910249,42.526339],[122.909684,42.517435],[122.903161,42.509554],[122.903787,42.498625],[122.877747,42.499964],[122.875845,42.504568],[122.864693,42.500513],[122.830681,42.503386],[122.822135,42.496603],[122.81356,42.479373],[122.823692,42.428656],[122.811683,42.414034],[122.828353,42.41548],[122.822852,42.40811],[122.826781,42.401236],[122.839523,42.397486],[122.856925,42.404665],[122.862487,42.391592],[122.868468,42.387239],[122.876563,42.3883],[122.870132,42.373228],[122.875548,42.366987],[122.889869,42.366838],[122.896018,42.347654],[122.852797,42.343057],[122.781133,42.298376],[122.743832,42.286177],[122.730336,42.282751],[122.714369,42.264305],[122.70055,42.261508],[122.680774,42.245539],[122.675983,42.239428],[122.677799,42.235926],[122.619144,42.232116],[122.605151,42.226485],[122.604288,42.211665],[122.609118,42.207458],[122.606265,42.205783],[122.502374,42.165611],[122.458038,42.141628],[122.433861,42.14851],[122.427101,42.141831],[122.431297,42.138035],[122.420405,42.125923],[122.359429,42.10343],[122.362107,42.096063],[122.349366,42.09038],[122.338181,42.095282],[122.30587,42.08388],[122.301216,42.08819],[122.287933,42.084284],[122.280776,42.072581],[122.221884,42.045317],[122.207076,42.047911],[122.195433,42.031573],[122.179029,42.029646],[122.180059,42.026145],[122.146413,42.030005],[122.126348,41.997012],[122.108724,41.9971],[122.089474,41.983973],[122.092427,41.978606],[122.075703,41.965438],[122.0574,41.966502],[122.056728,41.958613],[122.0368,41.942889],[122.036213,41.932715],[122.014179,41.925258],[121.991535,41.928039],[121.988528,41.91508],[121.992129,41.909442],[121.980815,41.899085],[121.9593,41.891215],[121.953577,41.878532],[121.93648,41.870921],[121.928041,41.872386],[121.91971,41.861141],[121.88949,41.843597],[121.841752,41.844474],[121.844918,41.836963],[121.839715,41.827274],[121.822754,41.819175],[121.835038,41.81179],[121.85592,41.814205],[121.86345,41.809196],[121.858064,41.802661],[121.843713,41.806442],[121.836716,41.803745],[121.832466,41.79245],[121.8192,41.784827],[121.776009,41.803211],[121.748665,41.794579],[121.747009,41.788803],[121.72483,41.794125],[121.712976,41.790489],[121.70232,41.792022],[121.696578,41.797394],[121.681342,41.788018],[121.680251,41.778706],[121.674155,41.773342],[121.673003,41.777821],[121.653182,41.781907],[121.640677,41.772332],[121.628889,41.769318],[121.623869,41.77213],[121.625334,41.783745],[121.619917,41.790772],[121.605757,41.783074],[121.566626,41.788819],[121.563368,41.783154],[121.533842,41.781034],[121.529813,41.77382],[121.533147,41.771527],[121.51756,41.76632],[121.501101,41.741463],[121.509694,41.72778],[121.509572,41.718804],[121.499704,41.714558],[121.480485,41.717728],[121.471421,41.709893],[121.468438,41.693127],[121.465196,41.69262],[121.452905,41.695042],[121.449052,41.716],[121.440095,41.718091],[121.436677,41.731996],[121.387971,41.729554],[121.371491,41.718965],[121.358246,41.717859],[121.3246,41.733541],[121.323624,41.738882],[121.337929,41.746187],[121.33713,41.766144],[121.330735,41.769453],[121.292992,41.76742],[121.279244,41.782091],[121.257651,41.790094],[121.262999,41.819121],[121.272543,41.825534],[121.284919,41.853858],[121.296157,41.863196],[121.292037,41.8753],[121.294456,41.888213],[121.283592,41.895339],[121.271812,41.888663],[121.264518,41.89001],[121.225425,41.910778],[121.214965,41.908413],[121.201928,41.92444],[121.197944,41.943817],[121.200507,41.959236],[121.168624,41.965748],[121.162566,41.969971],[121.161063,41.979748],[121.153586,41.98317],[121.129042,41.971161],[121.123175,41.962101],[121.093715,41.962316],[121.066969,41.976632],[121.04212,41.974916],[121.042936,42.002969],[121.052618,42.015268],[121.049468,42.038114],[121.038245,42.048212],[121.040053,42.059343],[121.066924,42.078104],[121.079895,42.125952],[121.070991,42.136129],[121.046089,42.190966],[121.054032,42.210852],[121.026604,42.222216],[121.028542,42.227854],[121.02207,42.247723],[121.040703,42.256935],[121.062042,42.249531],[121.0812,42.275658],[121.097305,42.28001],[121.112984,42.277832],[121.12561,42.296993],[121.138672,42.295685],[121.145203,42.306572],[121.143463,42.311794],[121.176552,42.329647],[121.180473,42.338791],[121.178726,42.3475],[121.207893,42.359815],[121.211388,42.36927],[121.224014,42.367962],[121.251442,42.374493],[121.292808,42.398441],[121.298904,42.409763],[121.297592,42.432404],[121.303688,42.437195],[121.328506,42.44416],[121.340263,42.451126],[121.34288,42.457222],[121.354202,42.457657],[121.377708,42.449387],[121.381554,42.473042],[121.391022,42.479332],[121.400246,42.482876],[121.43309,42.483028],[121.475929,42.494957],[121.493271,42.480038],[121.53035,42.485706],[121.523575,42.499371],[121.549622,42.498959],[121.55909,42.50684],[121.571495,42.506512],[121.586212,42.515362],[121.599289,42.512516],[121.603691,42.505772],[121.59803,42.490532],[121.620667,42.473549],[121.630684,42.47747],[121.63678,42.459183],[121.649406,42.440025],[121.658112,42.434364],[121.668564,42.437847],[121.692947,42.436104],[121.709496,42.445683],[121.739616,42.480415],[121.776566,42.496071],[121.788231,42.503498],[121.789986,42.510151],[121.79715,42.508377],[121.798797,42.501297],[121.823494,42.530113],[121.839409,42.522686],[121.84478,42.537609],[121.856087,42.527855],[121.857155,42.540226],[121.89798,42.572128],[121.890907,42.590385],[121.907089,42.587532],[121.908081,42.606308],[121.899277,42.614716],[121.911575,42.623734],[121.89534,42.630253],[121.911377,42.63884],[121.908417,42.651867],[121.919808,42.659733],[121.931603,42.660732],[121.935844,42.669231],[121.926735,42.67672],[121.930984,42.684536],[121.951172,42.68605],[121.95726,42.696392],[121.964706,42.698044],[121.972527,42.691422],[121.980324,42.693005],[121.985763,42.704826],[122.011299,42.702248],[122.023079,42.70507],[122.037636,42.710426],[122.051193,42.721954],[122.063072,42.716534],[122.077148,42.716583],[122.092651,42.704849],[122.133446,42.687729],[122.158844,42.685253],[122.185196,42.692707],[122.192642,42.691151],[122.197464,42.704475],[122.19326,42.726051],[122.202658,42.72362],[122.239555,42.707047],[122.261635,42.691227],[122.291138,42.689934],[122.300346,42.687508],[122.305191,42.678787],[122.32167,42.678787],[122.33136,42.667641],[122.353172,42.680725],[122.388062,42.680725],[122.390968,42.683632],[122.388313,42.701336],[122.392426,42.709316],[122.426346,42.725796],[122.433136,42.744209],[122.45385,42.754211],[122.45134,42.765915],[122.447159,42.771767],[122.363877,42.772945],[122.342674,42.819408],[122.344353,42.827766],[122.355217,42.833618],[122.423767,42.840088],[122.502038,42.833015],[122.559998,42.821915],[122.568359,42.816902],[122.562859,42.805195],[122.5737,42.787281]]]]}},{"type":"Feature","properties":{"name":"信阳市","code":"411500","gb":"156411500","province":"河南省","label":[114.88151164852154,32.080707000274565]},"geometry":{"type":"MultiPolygon","coordinates":[[[[115.025837,32.652241],[115.058599,32.629062],[115.072734,32.635816],[115.089967,32.639878],[115.10487,32.609269],[115.111235,32.605811],[115.115394,32.611058],[115.133437,32.605893],[115.136898,32.600998],[115.131882,32.583653],[115.137788,32.579657],[115.144714,32.585278],[115.145096,32.596802],[115.152701,32.60047],[115.164455,32.595801],[115.163101,32.60872],[115.172775,32.610521],[115.179197,32.605617],[115.181725,32.597172],[115.191528,32.590481],[115.247704,32.595364],[115.260826,32.591339],[115.272919,32.593529],[115.276477,32.589847],[115.282547,32.583565],[115.296722,32.587566],[115.290184,32.565929],[115.297402,32.553951],[115.309883,32.554565],[115.309982,32.566776],[115.327316,32.564549],[115.401573,32.576206],[115.402283,32.552547],[115.435295,32.547382],[115.427734,32.532997],[115.45546,32.520077],[115.470947,32.521515],[115.47744,32.504456],[115.497482,32.487015],[115.508461,32.447632],[115.52787,32.441444],[115.539207,32.423409],[115.55838,32.420204],[115.545769,32.411621],[115.544937,32.404915],[115.558518,32.40802],[115.577438,32.426922],[115.591488,32.427434],[115.608971,32.414269],[115.623283,32.411163],[115.6362,32.425514],[115.644913,32.428883],[115.648476,32.411407],[115.654724,32.412498],[115.670364,32.44817],[115.665199,32.467499],[115.679573,32.468285],[115.689675,32.473705],[115.679573,32.488026],[115.685387,32.496929],[115.692169,32.497326],[115.719582,32.480091],[115.746666,32.478458],[115.75872,32.506348],[115.772156,32.497955],[115.77388,32.46764],[115.813354,32.502392],[115.827476,32.503578],[115.831406,32.509949],[115.829315,32.52697],[115.856178,32.540142],[115.88958,32.579624],[115.903999,32.581482],[115.919518,32.571156],[115.896294,32.563946],[115.868049,32.544731],[115.863975,32.526871],[115.837128,32.509476],[115.838676,32.50441],[115.862282,32.505314],[115.865135,32.497021],[115.875061,32.49049],[115.874283,32.475346],[115.860176,32.470001],[115.859955,32.465874],[115.882439,32.419975],[115.889496,32.35191],[115.898994,32.326077],[115.890709,32.296642],[115.912621,32.270691],[115.903221,32.244457],[115.901878,32.221508],[115.930763,32.166019],[115.928833,32.146992],[115.920708,32.128948],[115.918991,32.106247],[115.924141,32.090584],[115.934502,32.086956],[115.934616,32.075924],[115.920532,32.059517],[115.920189,32.042999],[115.912583,32.026649],[115.924245,31.99827],[115.917122,31.989815],[115.907639,31.954334],[115.915329,31.921045],[115.914047,31.909565],[115.905914,31.892895],[115.886383,31.876896],[115.887383,31.846056],[115.904358,31.820019],[115.904762,31.801493],[115.905663,31.797159],[115.892288,31.794201],[115.879463,31.778893],[115.850205,31.777269],[115.841423,31.785358],[115.829826,31.77533],[115.822014,31.776342],[115.808639,31.761932],[115.798889,31.76543],[115.796509,31.775457],[115.790626,31.773985],[115.760758,31.787434],[115.729179,31.781626],[115.72496,31.767139],[115.719025,31.763941],[115.697,31.769143],[115.684677,31.779202],[115.673279,31.782377],[115.634802,31.755105],[115.565498,31.714329],[115.520454,31.694921],[115.491806,31.675665],[115.477585,31.659048],[115.473671,31.647495],[115.481277,31.612387],[115.435936,31.587669],[115.427597,31.572336],[115.419342,31.538668],[115.387817,31.511295],[115.370712,31.501698],[115.368683,31.482622],[115.381096,31.449011],[115.377518,31.420271],[115.364372,31.405039],[115.320984,31.397058],[115.303482,31.384459],[115.285149,31.403013],[115.26004,31.393419],[115.250115,31.393848],[115.246536,31.419197],[115.238838,31.424727],[115.215256,31.424795],[115.201126,31.445049],[115.209564,31.463841],[115.212349,31.513424],[115.229874,31.555832],[115.206177,31.558186],[115.188461,31.565969],[115.177094,31.575981],[115.166817,31.600231],[115.156685,31.605688],[115.138107,31.607252],[115.119423,31.597122],[115.123901,31.583502],[115.098267,31.567724],[115.095901,31.559835],[115.098663,31.539719],[115.108124,31.531437],[115.095901,31.522364],[115.085251,31.520786],[115.09156,31.514475],[115.089195,31.509348],[115.035324,31.515676],[115.022385,31.529064],[115.016358,31.528395],[115.001403,31.504213],[115.00386,31.489128],[114.990029,31.470833],[114.975754,31.479757],[114.97419,31.494036],[114.967941,31.501398],[114.955223,31.497383],[114.953667,31.492474],[114.934921,31.47998],[114.932915,31.473734],[114.913506,31.482882],[114.878029,31.469717],[114.872009,31.47061],[114.868439,31.479757],[114.854378,31.48065],[114.843674,31.477526],[114.842781,31.470163],[114.832962,31.460346],[114.824163,31.458874],[114.806641,31.479746],[114.786705,31.479876],[114.774208,31.487003],[114.776535,31.499142],[114.76799,31.502995],[114.767395,31.514246],[114.780128,31.524017],[114.775688,31.526977],[114.762955,31.52076],[114.750671,31.528631],[114.735123,31.52846],[114.714691,31.518984],[114.710838,31.529644],[114.690407,31.525497],[114.688042,31.531864],[114.693665,31.540302],[114.690704,31.547707],[114.664055,31.547409],[114.649841,31.56266],[114.650765,31.569859],[114.638886,31.575687],[114.638,31.58309],[114.620529,31.588421],[114.609573,31.586643],[114.600098,31.577465],[114.589439,31.576872],[114.584999,31.563251],[114.568413,31.561476],[114.566048,31.556738],[114.551605,31.560139],[114.553032,31.564285],[114.541176,31.621937],[114.549232,31.653366],[114.560547,31.665409],[114.570786,31.690027],[114.582222,31.699093],[114.57251,31.712547],[114.579872,31.76091],[114.570961,31.767969],[114.564653,31.767696],[114.543999,31.768856],[114.547707,31.761446],[114.538445,31.754656],[114.539276,31.747955],[114.529182,31.74169],[114.515602,31.758669],[114.516525,31.763607],[114.507881,31.768856],[114.49955,31.765768],[114.497696,31.757433],[114.497078,31.750643],[114.503563,31.745703],[114.492447,31.737677],[114.48658,31.744469],[114.479172,31.743851],[114.461884,31.740147],[114.440895,31.728725],[114.413422,31.733046],[114.409409,31.744469],[114.39891,31.749407],[114.390885,31.749407],[114.381622,31.741999],[114.335014,31.75836],[114.324516,31.754347],[114.288719,31.756767],[114.269211,31.773779],[114.250984,31.804525],[114.233246,31.822031],[114.228096,31.833244],[114.229355,31.842285],[114.219856,31.833473],[114.214249,31.833588],[114.179776,31.853961],[114.165634,31.854462],[114.148712,31.842194],[114.123939,31.842258],[114.117645,31.833101],[114.117561,31.817741],[114.112485,31.809585],[114.096497,31.80234],[114.083603,31.79043],[114.056717,31.78445],[114.044617,31.773022],[114.011139,31.77001],[113.975868,31.756893],[113.966743,31.762941],[113.941727,31.80233],[113.94043,31.831272],[113.948547,31.854387],[113.924461,31.879978],[113.909157,31.881186],[113.904159,31.877914],[113.882927,31.850887],[113.857361,31.845327],[113.841636,31.849066],[113.832932,31.85853],[113.825996,31.877337],[113.82547,31.894552],[113.830978,31.910311],[113.798958,31.932543],[113.799751,31.952391],[113.811394,31.968536],[113.796044,31.975151],[113.769577,31.978327],[113.748932,31.991032],[113.750786,32.003471],[113.78466,32.03867],[113.772491,32.051109],[113.754761,32.056664],[113.718512,32.089027],[113.723,32.098743],[113.715057,32.126003],[113.727501,32.123093],[113.734909,32.112507],[113.752113,32.1268],[113.758728,32.135532],[113.7537,32.159351],[113.776459,32.186344],[113.770111,32.209637],[113.757408,32.204872],[113.745232,32.214928],[113.731735,32.245098],[113.731468,32.258331],[113.743645,32.26495],[113.735703,32.280033],[113.738983,32.292988],[113.747093,32.301102],[113.76561,32.304115],[113.762695,32.318142],[113.750786,32.3237],[113.746292,32.330849],[113.747612,32.348312],[113.763756,32.360752],[113.762962,32.371075],[113.756081,32.371338],[113.752113,32.364986],[113.74073,32.364986],[113.73597,32.372398],[113.743378,32.377689],[113.744697,32.390659],[113.729614,32.397011],[113.726235,32.416901],[113.715731,32.416238],[113.70656,32.422524],[113.722019,32.439884],[113.725536,32.458358],[113.733015,32.456469],[113.742614,32.465949],[113.754054,32.467451],[113.761211,32.483361],[113.753196,32.513477],[113.761226,32.535263],[113.759054,32.556248],[113.764606,32.563574],[113.776739,32.5688],[113.784404,32.587239],[113.807463,32.602039],[113.816675,32.603181],[113.815921,32.622676],[113.839634,32.625315],[113.845637,32.619555],[113.862068,32.627793],[113.881446,32.607492],[113.914733,32.608014],[113.914853,32.598396],[113.908439,32.592252],[113.911626,32.58839],[113.921574,32.588458],[113.932547,32.575283],[113.942475,32.532787],[113.949648,32.528323],[113.947081,32.512043],[113.955255,32.505685],[114.000065,32.506615],[114.009097,32.512914],[114.009839,32.52002],[114.029085,32.522233],[114.036288,32.510473],[114.041112,32.510742],[114.041943,32.520511],[114.060056,32.522239],[114.057187,32.526803],[114.047865,32.52658],[114.047581,32.544869],[114.055806,32.546583],[114.061276,32.536318],[114.06061,32.526075],[114.068861,32.521432],[114.068781,32.515975],[114.061959,32.50997],[114.083399,32.485816],[114.072288,32.474593],[114.07199,32.460865],[114.077397,32.452791],[114.100979,32.448021],[114.114585,32.452512],[114.121508,32.447812],[114.128396,32.453474],[114.12871,32.46578],[114.145459,32.460379],[114.15869,32.462887],[114.159048,32.481602],[114.163727,32.492531],[114.18633,32.494616],[114.191001,32.493906],[114.192983,32.45418],[114.213413,32.444721],[114.225105,32.458594],[114.242793,32.460213],[114.242655,32.432833],[114.253933,32.423189],[114.25754,32.410953],[114.265083,32.410257],[114.27298,32.416526],[114.27548,32.424951],[114.281703,32.423083],[114.272406,32.409275],[114.284197,32.367363],[114.30943,32.374884],[114.337022,32.367584],[114.342898,32.349047],[114.342525,32.327048],[114.361204,32.316846],[114.365269,32.309607],[114.363632,32.29849],[114.376331,32.293344],[114.393998,32.293615],[114.416736,32.279574],[114.42758,32.290973],[114.442646,32.281087],[114.466438,32.296505],[114.482768,32.283974],[114.488623,32.286611],[114.492668,32.301171],[114.511508,32.303326],[114.52087,32.300943],[114.526783,32.290221],[114.536125,32.286289],[114.544212,32.287572],[114.562773,32.308826],[114.574408,32.311642],[114.569798,32.317952],[114.574665,32.323608],[114.591898,32.327723],[114.601322,32.334194],[114.607932,32.348529],[114.618151,32.353131],[114.613187,32.363207],[114.616039,32.371039],[114.641244,32.378517],[114.640046,32.387164],[114.631117,32.397935],[114.594082,32.412481],[114.590459,32.42309],[114.569346,32.42543],[114.565912,32.429563],[114.563466,32.438854],[114.581607,32.458427],[114.564777,32.471751],[114.566186,32.480848],[114.569567,32.480986],[114.568223,32.498131],[114.563677,32.498678],[114.565332,32.512058],[114.586582,32.516997],[114.614937,32.512315],[114.61647,32.517391],[114.627315,32.517662],[114.633928,32.52853],[114.654048,32.531778],[114.66074,32.531197],[114.663005,32.515236],[114.6981,32.520016],[114.695961,32.543961],[114.715505,32.550999],[114.721963,32.54205],[114.720714,32.528634],[114.725529,32.517896],[114.73284,32.518087],[114.733818,32.524489],[114.755403,32.528041],[114.756532,32.515477],[114.78261,32.508069],[114.788636,32.522284],[114.780207,32.52467],[114.774895,32.541568],[114.782178,32.554529],[114.797193,32.55451],[114.806506,32.56507],[114.80052,32.582376],[114.794778,32.587023],[114.786614,32.584733],[114.78377,32.61289],[114.801249,32.616119],[114.806251,32.605278],[114.810609,32.60512],[114.809048,32.627253],[114.816304,32.629573],[114.850542,32.620958],[114.854221,32.624884],[114.865525,32.624882],[114.871078,32.61838],[114.885832,32.618146],[114.898776,32.634421],[114.897858,32.649588],[114.892638,32.654987],[114.908385,32.656146],[114.920724,32.647623],[114.952225,32.663931],[114.982179,32.662361],[115.025837,32.652241]],[[113.767601,32.283382],[113.754372,32.295036],[113.749443,32.291676],[113.750626,32.278271],[113.761322,32.272175],[113.767601,32.283382]]]]}},{"type":"Feature","properties":{"name":"天津市","code":"120000","gb":"156120000","province":"天津市","label":[117.33280252625936,39.29453949674789]},"geometry":{"type":"MultiPolygon","coordinates":[[[[117.467369,40.238857],[117.497009,40.225502],[117.540504,40.230774],[117.561417,40.224129],[117.563415,40.217339],[117.55896,40.20385],[117.567619,40.190857],[117.565361,40.188034],[117.571571,40.17617],[117.58155,40.16613],[117.592468,40.169456],[117.610657,40.15575],[117.613548,40.144939],[117.628792,40.135506],[117.628082,40.13052],[117.645172,40.124348],[117.650154,40.107731],[117.636864,40.094673],[117.641846,40.089451],[117.648972,40.08921],[117.650398,40.094673],[117.659653,40.098709],[117.667252,40.080666],[117.670578,40.080666],[117.680305,40.081139],[117.683159,40.092297],[117.699539,40.09111],[117.714256,40.077816],[117.737381,40.076168],[117.743217,40.079952],[117.74987,40.07188],[117.745834,40.070457],[117.750107,40.064285],[117.764824,40.062386],[117.76767,40.048615],[117.748116,40.038223],[117.734139,40.017071],[117.747208,40.008236],[117.754501,40.017841],[117.77372,40.020916],[117.786781,40.01054],[117.788315,39.9944],[117.778328,39.979801],[117.774988,39.966246],[117.755661,39.970577],[117.744515,39.964046],[117.734139,39.970963],[117.719536,39.970577],[117.699173,39.984028],[117.679962,39.982105],[117.66613,39.973267],[117.62178,39.967602],[117.604034,39.973392],[117.602951,39.981361],[117.583038,39.99548],[117.559135,39.988964],[117.55262,39.99548],[117.527634,39.994034],[117.539932,39.974834],[117.530533,39.963982],[117.527634,39.94986],[117.519669,39.942619],[117.506996,39.943703],[117.504105,39.93248],[117.521118,39.925598],[117.513191,39.885006],[117.543159,39.830376],[117.564659,39.802959],[117.564674,39.799065],[117.556084,39.794693],[117.548714,39.77264],[117.567879,39.75518],[117.578011,39.754055],[117.595924,39.741821],[117.578674,39.725243],[117.60421,39.706291],[117.648048,39.698895],[117.645294,39.692436],[117.656311,39.672512],[117.666306,39.665836],[117.665062,39.639732],[117.653274,39.63768],[117.643295,39.625595],[117.643242,39.618046],[117.622643,39.60461],[117.619362,39.59631],[117.621811,39.593842],[117.636772,39.598244],[117.650002,39.591862],[117.649345,39.575604],[117.666748,39.577534],[117.67894,39.585087],[117.693596,39.580555],[117.706947,39.570045],[117.684036,39.56459],[117.685661,39.559814],[117.697722,39.555052],[117.705811,39.549664],[117.717583,39.528648],[117.734398,39.539604],[117.73764,39.544647],[117.731125,39.556114],[117.732514,39.572258],[117.75235,39.572491],[117.746124,39.595093],[117.761595,39.596981],[117.781181,39.594055],[117.783951,39.5989],[117.795021,39.600281],[117.820854,39.588287],[117.843224,39.587826],[117.858215,39.598206],[117.875519,39.588287],[117.911957,39.585983],[117.932258,39.572202],[117.930122,39.560665],[117.907448,39.534046],[117.901184,39.501644],[117.891152,39.477272],[117.869263,39.448425],[117.874512,39.426254],[117.871201,39.409954],[117.865757,39.409743],[117.839371,39.406727],[117.841683,39.399807],[117.851364,39.401192],[117.854591,39.395195],[117.852623,39.383259],[117.841392,39.377754],[117.797935,39.371578],[117.794464,39.362556],[117.804436,39.35165],[117.832344,39.351109],[117.844498,39.367676],[117.852943,39.36311],[117.855148,39.360653],[117.834198,39.334812],[117.839077,39.326879],[117.88073,39.330505],[117.885193,39.32185],[117.898376,39.315029],[117.909287,39.319122],[117.957932,39.314575],[117.967659,39.311848],[117.967026,39.305027],[117.976929,39.294552],[118.010521,39.283508],[118.019234,39.288799],[118.026695,39.265469],[118.057182,39.255203],[118.05687,39.233429],[118.031564,39.233675],[118.030166,39.221644],[117.968917,39.218389],[117.943382,39.212238],[117.954919,39.181347],[117.93456,39.176692],[117.922354,39.209355],[117.867947,39.191436],[117.871038,39.182471],[117.832073,39.173424],[117.809987,39.147446],[117.78605,39.134657],[117.84131,39.102091],[117.81582,39.072747],[117.74729,39.092271],[117.73811,39.080761],[117.805188,39.058177],[117.829133,38.973704],[117.808159,38.975192],[117.790777,38.987994],[117.775236,39.046317],[117.763565,39.033215],[117.779444,38.985778],[117.757194,38.971583],[117.808836,38.963812],[117.844078,38.951368],[117.884573,38.944923],[117.878686,38.927856],[117.736671,38.963741],[117.737066,38.953694],[117.856958,38.918924],[117.830202,38.879591],[117.79638,38.878724],[117.735244,38.895994],[117.732096,38.888515],[117.685794,38.897337],[117.68197,38.890651],[117.750925,38.873591],[117.746948,38.857004],[117.690455,38.8706],[117.684814,38.85719],[117.738894,38.843508],[117.729582,38.827605],[117.646506,38.848115],[117.638116,38.856016],[117.595241,38.817647],[117.584559,38.781005],[117.570725,38.763622],[117.608866,38.757789],[117.608588,38.714605],[117.62493,38.714479],[117.6251,38.744591],[117.642205,38.758126],[117.687699,38.757968],[117.687602,38.728212],[117.680356,38.708272],[117.704019,38.708147],[117.706812,38.752496],[117.719811,38.752284],[117.718721,38.701222],[117.650385,38.701519],[117.650164,38.664775],[117.608434,38.664932],[117.577484,38.67406],[117.581842,38.63588],[117.598149,38.638751],[117.600084,38.614421],[117.579477,38.614578],[117.563369,38.611891],[117.540024,38.619823],[117.534157,38.607254],[117.515297,38.605995],[117.509018,38.612701],[117.492676,38.612282],[117.478432,38.619404],[117.467956,38.608089],[117.392952,38.584206],[117.392532,38.571846],[117.386246,38.569332],[117.360687,38.563049],[117.360687,38.580612],[117.346962,38.579044],[117.348137,38.570805],[117.341469,38.563747],[117.315582,38.562569],[117.300675,38.554333],[117.291657,38.570023],[117.283806,38.570805],[117.282837,38.560612],[117.257919,38.555901],[117.25518,38.561001],[117.24498,38.555119],[117.233604,38.573944],[117.253609,38.577473],[117.252037,38.582573],[117.230858,38.579044],[117.229286,38.583359],[117.248512,38.597477],[117.250473,38.606106],[117.24733,38.613167],[117.223015,38.619442],[117.218697,38.626896],[117.222618,38.640625],[117.208504,38.641407],[117.178696,38.618267],[117.151627,38.612774],[117.146558,38.616704],[117.142609,38.610031],[117.105347,38.583752],[117.091803,38.586011],[117.078278,38.604931],[117.064163,38.606304],[117.057495,38.627876],[117.044159,38.64278],[117.060242,38.678867],[117.031609,38.687885],[117.036316,38.705147],[117.007683,38.699261],[117.006897,38.688671],[116.964928,38.694164],[116.955513,38.693378],[116.951981,38.68475],[116.93943,38.683964],[116.932373,38.691418],[116.920212,38.690632],[116.914329,38.677689],[116.906486,38.677689],[116.905701,38.685143],[116.873535,38.678867],[116.868439,38.68161],[116.860596,38.74437],[116.852356,38.741623],[116.792343,38.743977],[116.781364,38.735348],[116.759928,38.740513],[116.749596,38.75182],[116.737824,38.750839],[116.740967,38.771038],[116.735077,38.774963],[116.738999,38.799671],[116.733513,38.80085],[116.742531,38.826542],[116.73822,38.827717],[116.737824,38.849289],[116.715073,38.851884],[116.713898,38.894592],[116.700958,38.894592],[116.701309,38.929535],[116.706444,38.929893],[116.720825,38.973232],[116.733551,38.978748],[116.745857,39.002083],[116.747551,39.019054],[116.751373,39.021175],[116.744764,39.033533],[116.749252,39.047695],[116.767067,39.048119],[116.779373,39.059998],[116.787857,39.055119],[116.777252,39.047268],[116.806099,39.048965],[116.810867,39.044231],[116.829117,39.053249],[116.862953,39.057026],[116.87178,39.071822],[116.903046,39.108635],[116.911873,39.10611],[116.917918,39.118325],[116.9039,39.147442],[116.886559,39.152779],[116.862885,39.151112],[116.859136,39.154457],[116.856438,39.193077],[116.849213,39.203133],[116.848213,39.213467],[116.868553,39.216137],[116.865555,39.22414],[116.868217,39.227139],[116.876892,39.219135],[116.884895,39.223473],[116.884224,39.228474],[116.869377,39.239201],[116.864006,39.266705],[116.87001,39.267654],[116.869064,39.280933],[116.865273,39.288521],[116.856102,39.2901],[116.854835,39.294842],[116.859581,39.2999],[116.875702,39.301167],[116.874436,39.311283],[116.879494,39.311913],[116.882339,39.320133],[116.882027,39.335625],[116.864952,39.338787],[116.862427,39.345108],[116.868118,39.350166],[116.86306,39.355225],[116.851044,39.353962],[116.848831,39.342895],[116.84124,39.336887],[116.821327,39.336575],[116.815636,39.355541],[116.821961,39.355541],[116.828911,39.361866],[116.814056,39.363762],[116.811211,39.369766],[116.833969,39.375141],[116.826698,39.396008],[116.829544,39.406124],[116.865585,39.428253],[116.845039,39.43837],[116.825119,39.432995],[116.819748,39.43679],[116.821007,39.44817],[116.811523,39.452599],[116.799827,39.443428],[116.788132,39.444061],[116.777382,39.463345],[116.779588,39.466656],[116.812164,39.478184],[116.806839,39.507812],[116.818619,39.51009],[116.813683,39.531742],[116.798485,39.526424],[116.787659,39.54314],[116.78006,39.545986],[116.789177,39.56517],[116.800575,39.569729],[116.790321,39.592331],[116.793823,39.604977],[116.801407,39.604343],[116.800575,39.597835],[116.806274,39.597458],[116.804947,39.613979],[116.81292,39.61721],[116.818169,39.612881],[116.827736,39.615311],[116.830963,39.620438],[116.818809,39.630886],[116.831207,39.63802],[116.84726,39.662148],[116.868164,39.673187],[116.899353,39.677956],[116.894295,39.696308],[116.947899,39.710251],[116.94426,39.682529],[116.960411,39.650928],[116.973511,39.642502],[117.000481,39.645451],[117.017502,39.654522],[117.029236,39.653828],[117.123245,39.621113],[117.14695,39.625272],[117.15242,39.626743],[117.158898,39.640636],[117.164009,39.676052],[117.160942,39.733757],[117.193405,39.771164],[117.184441,39.783619],[117.162758,39.798729],[117.154245,39.818687],[117.157349,39.824532],[117.179428,39.81881],[117.210205,39.8311],[117.24861,39.834683],[117.252045,39.834648],[117.255562,39.851658],[117.243866,39.862152],[117.222656,39.857101],[117.173119,39.869705],[117.165619,39.879147],[117.153793,39.87727],[117.150864,39.891388],[117.142906,39.897152],[117.154068,39.90839],[117.131523,39.921825],[117.144333,39.928986],[117.150353,39.94239],[117.144821,39.946842],[117.156776,39.951321],[117.153984,39.96241],[117.167778,39.957108],[117.170258,39.975143],[117.180512,39.976559],[117.189354,39.990704],[117.185814,40.019527],[117.179802,40.023769],[117.17379,40.05666],[117.17627,40.060551],[117.214111,40.063732],[117.202087,40.080002],[117.20385,40.094147],[117.216942,40.093086],[117.230728,40.109356],[117.242401,40.114307],[117.267159,40.103699],[117.275642,40.118904],[117.289085,40.119259],[117.304642,40.137295],[117.315254,40.138],[117.322678,40.131283],[117.348854,40.138355],[117.348854,40.142952],[117.342842,40.142601],[117.342842,40.146488],[117.353096,40.154625],[117.344254,40.171246],[117.386337,40.173367],[117.399422,40.185391],[117.389519,40.190697],[117.375374,40.1861],[117.372192,40.199184],[117.384926,40.202366],[117.370781,40.208378],[117.370071,40.216515],[117.385635,40.21899],[117.379738,40.226872],[117.402794,40.231998],[117.429481,40.244442],[117.467369,40.238857]]]]}},{"type":"Feature","properties":{"name":"乌兰察布市","code":"150900","gb":"156150900","province":"内蒙古自治区","label":[112.44297814920768,41.68291524531772]},"geometry":{"type":"MultiPolygon","coordinates":[[[[113.071832,41.932078],[113.077906,41.930874],[113.119831,41.951815],[113.134344,41.940659],[113.156387,41.942006],[113.164761,41.948096],[113.162921,41.962004],[113.14749,41.964099],[113.141249,41.976296],[113.157364,41.98818],[113.213092,42.012661],[113.255502,42.047433],[113.27753,42.070042],[113.282064,42.082172],[113.324406,42.117274],[113.370087,42.141169],[113.526685,42.132837],[113.549305,42.123414],[113.559032,42.116951],[113.565973,42.129923],[113.614285,42.114101],[113.625333,42.102914],[113.674501,42.117338],[113.688044,42.127735],[113.702402,42.127995],[113.726901,42.099913],[113.736327,42.081616],[113.750344,42.074749],[113.769912,42.07934],[113.775898,42.065249],[113.794545,42.061074],[113.806836,42.065216],[113.833209,42.054467],[113.862772,42.059338],[113.8887,42.056341],[113.903176,42.021865],[113.908391,41.976495],[113.922612,41.97458],[113.980492,41.951749],[113.977382,41.963345],[114.012653,41.989562],[114.021547,41.963186],[114.036063,41.960107],[114.050547,41.948028],[114.060658,41.966098],[114.062234,41.997122],[114.068833,41.998197],[114.075761,41.988056],[114.098751,41.981224],[114.058193,42.041742],[114.086753,42.063142],[114.093087,42.123733],[114.134345,42.114488],[114.164281,42.117739],[114.164849,42.123651],[114.177847,42.128882],[114.202329,42.128007],[114.206654,42.123335],[114.219814,42.147484],[114.251408,42.173902],[114.288992,42.188788],[114.314916,42.17917],[114.313484,42.187567],[114.365092,42.155607],[114.369015,42.149812],[114.371075,42.107146],[114.400009,42.097684],[114.439994,42.096872],[114.451448,42.107546],[114.472575,42.112132],[114.472162,42.125931],[114.459192,42.167535],[114.440694,42.169122],[114.4076,42.186591],[114.398118,42.198145],[114.471584,42.216977],[114.486579,42.216995],[114.499158,42.22644],[114.508114,42.227866],[114.529957,42.240915],[114.542764,42.262185],[114.553071,42.268888],[114.560945,42.288605],[114.569593,42.295096],[114.643465,42.267556],[114.665232,42.278887],[114.677952,42.271843],[114.682953,42.26244],[114.663206,42.247135],[114.68074,42.218871],[114.670349,42.196115],[114.752147,42.21601],[114.802826,42.198297],[114.790588,42.179332],[114.796486,42.174486],[114.800975,42.145901],[114.786049,42.146553],[114.781006,42.127911],[114.7603,42.117088],[114.706528,42.112415],[114.68193,42.119148],[114.660065,42.114002],[114.640122,42.102425],[114.618897,42.117218],[114.582878,42.12944],[114.504723,42.114002],[114.503761,42.098885],[114.4925,42.083126],[114.496681,42.075729],[114.49395,42.063831],[114.485268,42.05611],[114.471436,42.060616],[114.457932,42.034565],[114.460182,42.022667],[114.478836,42.011086],[114.476906,41.996292],[114.503601,41.978928],[114.502632,41.970242],[114.479477,41.964455],[114.469833,41.948696],[114.45311,41.949017],[114.413551,41.93969],[114.372116,41.954197],[114.35627,41.94566],[114.344078,41.951149],[114.339813,41.945053],[114.342857,41.93042],[114.33493,41.924324],[114.318642,41.926121],[114.322128,41.911522],[114.29409,41.888359],[114.289276,41.869862],[114.276695,41.853088],[114.232658,41.832119],[114.221344,41.815105],[114.194222,41.789757],[114.195717,41.760879],[114.205673,41.75341],[114.205177,41.74345],[114.199164,41.736355],[114.22786,41.706886],[114.22786,41.69495],[114.211067,41.697029],[114.207993,41.682163],[114.25071,41.620762],[114.218887,41.61591],[114.219429,41.606468],[114.228325,41.593258],[114.21376,41.580044],[114.213173,41.573753],[114.215271,41.558922],[114.223511,41.544498],[114.222603,41.511835],[114.206788,41.509018],[114.194016,41.516525],[114.130081,41.527626],[114.117447,41.534134],[114.098686,41.534901],[114.075333,41.528393],[114.031304,41.530308],[114.012207,41.517124],[113.969162,41.502525],[113.953308,41.487793],[113.924225,41.48386],[113.911255,41.45203],[113.901039,41.444168],[113.875099,41.435131],[113.863068,41.412811],[113.866631,41.408398],[113.909546,41.401089],[113.939117,41.387329],[113.928284,41.378105],[113.927994,41.354538],[113.91394,41.337265],[113.919502,41.331116],[113.917747,41.323357],[113.89184,41.312822],[113.909714,41.290119],[113.928635,41.292164],[113.948059,41.282963],[113.944481,41.258423],[113.95771,41.238232],[113.96225,41.236034],[113.965172,41.239841],[113.970039,41.252289],[113.968544,41.263264],[113.978348,41.266632],[113.997673,41.251408],[114.004295,41.230816],[113.994072,41.183784],[113.990486,41.179695],[113.951637,41.169468],[113.933746,41.17765],[113.91227,41.171001],[113.90448,41.164181],[113.893867,41.138798],[113.87291,41.126526],[113.875587,41.103184],[113.831963,41.106701],[113.817322,41.09938],[113.816444,41.093231],[113.834305,41.073029],[113.854797,41.076248],[113.861534,41.068344],[113.861824,41.058392],[113.879097,41.05312],[113.893501,41.037483],[113.908081,41.03643],[113.91452,41.031307],[113.915695,41.017986],[113.922722,41.011105],[113.948776,41.002617],[113.954048,40.990612],[113.968102,40.992367],[113.973084,40.972458],[113.973373,40.942596],[113.986252,40.936447],[113.99247,40.944729],[114.039444,40.931679],[114.045692,40.926201],[114.048615,40.9221],[114.038666,40.920929],[114.033394,40.915073],[114.033981,40.902191],[114.04393,40.891067],[114.044464,40.866169],[114.06723,40.852589],[114.036079,40.827824],[114.046066,40.823032],[114.051659,40.807854],[114.072029,40.787884],[114.095192,40.793877],[114.097587,40.7771],[114.0924,40.766716],[114.09639,40.755932],[114.124878,40.743649],[114.106003,40.733357],[114.085419,40.738934],[114.05368,40.720062],[114.052391,40.702045],[114.061981,40.690769],[114.065872,40.677593],[114.063614,40.65876],[114.04985,40.626831],[114.035004,40.607239],[114.044144,40.591579],[114.07003,40.574322],[114.075096,40.563953],[114.070007,40.540905],[114.0551,40.52739],[114.004715,40.514561],[113.971962,40.522228],[113.946094,40.514869],[113.924385,40.492275],[113.88356,40.465378],[113.856819,40.455357],[113.844353,40.459473],[113.826012,40.48587],[113.787979,40.516727],[113.783874,40.501255],[113.762055,40.475803],[113.673721,40.442799],[113.661194,40.422638],[113.630379,40.407742],[113.577423,40.370174],[113.553078,40.347542],[113.478909,40.33199],[113.380402,40.317764],[113.337372,40.320866],[113.31633,40.317493],[113.302933,40.32732],[113.277664,40.376759],[113.244346,40.412167],[113.215332,40.402245],[113.163605,40.394642],[113.080147,40.374352],[113.026085,40.36763],[112.974069,40.353776],[112.886299,40.325386],[112.883812,40.304146],[112.865311,40.257229],[112.838333,40.202843],[112.73764,40.166225],[112.721825,40.167042],[112.617771,40.235848],[112.557572,40.256935],[112.504776,40.268013],[112.471176,40.284901],[112.457863,40.297092],[112.449204,40.29874],[112.405434,40.291893],[112.341942,40.256088],[112.307003,40.252504],[112.298136,40.274546],[112.280269,40.281113],[112.277397,40.292595],[112.285497,40.308051],[112.275705,40.32178],[112.259245,40.328677],[112.258555,40.341699],[112.265679,40.349608],[112.26387,40.355855],[112.229,40.354513],[112.242821,40.375382],[112.257899,40.386398],[112.258597,40.393337],[112.248324,40.396033],[112.211186,40.426868],[112.218002,40.447655],[112.177533,40.46245],[112.131553,40.509361],[112.124266,40.510528],[112.116825,40.505352],[112.105234,40.507792],[112.098083,40.521414],[112.087714,40.523159],[112.0701,40.542063],[112.046552,40.557209],[112.051542,40.58263],[112.061823,40.581734],[112.065566,40.57416],[112.078846,40.574279],[112.091573,40.582034],[112.092247,40.587092],[112.080287,40.618316],[112.040354,40.641439],[112.038081,40.652389],[112.073928,40.665806],[112.108753,40.657324],[112.104519,40.684694],[112.123587,40.697361],[112.113971,40.715182],[112.098934,40.717535],[112.098451,40.729298],[112.086095,40.738542],[112.093859,40.744849],[112.125622,40.751199],[112.144434,40.761687],[112.150136,40.793904],[112.174727,40.809179],[112.170656,40.814452],[112.177451,40.816433],[112.178401,40.826235],[112.172285,40.831608],[112.181583,40.837839],[112.180947,40.848943],[112.157913,40.874749],[112.146953,40.879908],[112.158223,40.894072],[112.157724,40.900941],[112.14365,40.900216],[112.144831,40.907475],[112.13702,40.912978],[112.137552,40.937182],[112.126134,40.953596],[112.117001,40.96007],[112.087795,40.946456],[112.06367,40.960048],[112.035485,40.967812],[112.027005,40.988367],[112.014897,40.999611],[112.011401,41.011865],[112.021199,41.028567],[112.029544,41.030703],[112.026968,41.045892],[112.014297,41.049377],[112.000557,41.062497],[111.982532,41.066786],[111.976425,41.063653],[111.968035,41.070665],[111.968235,41.075954],[111.917645,41.097738],[111.902262,41.112644],[111.902128,41.120202],[111.871997,41.131201],[111.859836,41.172859],[111.862428,41.203213],[111.852925,41.216818],[111.846604,41.222706],[111.822241,41.215979],[111.821554,41.222292],[111.834117,41.243197],[111.832826,41.251579],[111.823425,41.258767],[111.79848,41.258241],[111.78442,41.262705],[111.76789,41.275004],[111.756461,41.291119],[111.731926,41.285985],[111.723715,41.309071],[111.697597,41.305316],[111.697197,41.301705],[111.706471,41.302171],[111.710699,41.294552],[111.697583,41.293171],[111.682003,41.306667],[111.666436,41.305441],[111.664302,41.299689],[111.639501,41.299039],[111.623731,41.305481],[111.602995,41.301379],[111.570425,41.306727],[111.572394,41.30955],[111.566576,41.318896],[111.557154,41.319439],[111.554412,41.313538],[111.534963,41.314277],[111.535121,41.325507],[111.529217,41.329137],[111.515738,41.329571],[111.494741,41.322943],[111.487301,41.3325],[111.472314,41.330584],[111.464341,41.322487],[111.43857,41.326929],[111.418587,41.316806],[111.417603,41.345073],[111.379872,41.378236],[111.396489,41.39848],[111.415461,41.40999],[111.426991,41.423353],[111.439202,41.469211],[111.437976,41.495551],[111.427897,41.54035],[111.404881,41.561562],[111.386662,41.593013],[111.375881,41.600265],[111.373289,41.626304],[111.355638,41.642155],[111.332714,41.646313],[111.306785,41.640089],[111.297007,41.645155],[111.292503,41.657754],[111.264666,41.657956],[111.237073,41.667721],[111.144143,41.732995],[111.114079,41.76948],[111.092684,41.782231],[111.072285,41.784169],[111.030528,41.823384],[110.979304,41.933381],[110.963953,41.943576],[110.917281,42.017762],[110.843962,42.109607],[110.778349,42.174556],[110.776933,42.238186],[110.767424,42.261164],[110.744466,42.292808],[110.716987,42.391958],[110.723904,42.440838],[110.698535,42.469139],[110.632895,42.490065],[110.571211,42.571951],[110.515738,42.62431],[110.471305,42.65067],[110.431816,42.688355],[110.390411,42.711429],[110.331192,42.735958],[110.333572,42.736454],[110.341949,42.739956],[110.353255,42.745111],[110.379047,42.756871],[110.382133,42.758278],[110.386056,42.760241],[110.389938,42.762184],[110.397505,42.765347],[110.430756,42.779243],[110.434301,42.786359],[110.436325,42.790421],[110.451127,42.815028],[110.455132,42.821686],[110.463135,42.836876],[110.478313,42.845909],[110.492096,42.854111],[110.531649,42.879251],[110.536057,42.882053],[110.548141,42.88886],[110.583504,42.908779],[110.593731,42.914976],[110.594261,42.915297],[110.625359,42.934139],[110.637587,42.952022],[110.648766,42.968372],[110.655121,42.977272],[110.662375,42.988762],[110.673233,43.005962],[110.678162,43.01231],[110.682408,43.018518],[110.683075,43.019493],[110.681805,43.028319],[110.680916,43.0345],[110.681393,43.035029],[110.695801,43.051037],[110.704685,43.060498],[110.730057,43.087517],[110.747264,43.092527],[110.763412,43.097229],[110.778801,43.111946],[110.786234,43.119384],[110.786234,43.119384],[110.813728,43.1469],[110.838331,43.168789],[110.852173,43.181103],[110.871039,43.198697],[110.888069,43.214577],[110.925438,43.249565],[110.963463,43.283691],[110.989426,43.306438],[111.000404,43.315632],[111.013672,43.327869],[111.034096,43.337181],[111.041672,43.341156],[111.049858,43.344276],[111.057396,43.349972],[111.062569,43.35564],[111.089554,43.362873],[111.13533,43.375065],[111.141283,43.377095],[111.209917,43.273851],[111.372505,43.17999],[111.496288,43.176472],[111.611926,43.05242],[111.651088,43.022133],[111.745231,42.985485],[111.848932,42.838115],[111.851484,42.816361],[111.900359,42.744971],[111.930117,42.703295],[112.019157,42.600935],[112.023085,42.58224],[112.173396,42.532605],[112.171342,42.509063],[112.247437,42.480978],[112.390963,42.385285],[112.581925,42.345358],[112.619977,42.332041],[112.647795,42.314149],[112.630048,42.278579],[112.683018,42.252625],[112.730991,42.142478],[112.782879,42.136788],[112.821018,42.118598],[112.849275,42.115172],[112.942364,42.007444],[112.957142,41.996472],[112.994818,41.986512],[113.03515,41.983838],[113.051402,41.969931],[113.052652,41.957338],[113.071832,41.932078]]]]}},{"type":"Feature","properties":{"name":"辽阳市","code":"211000","gb":"156211000","province":"辽宁省","label":[123.24615185435236,41.18068095640916]},"geometry":{"type":"MultiPolygon","coordinates":[[[[123.128691,41.534104],[123.150932,41.533524],[123.164092,41.546208],[123.175514,41.546464],[123.198243,41.561518],[123.211792,41.562447],[123.213524,41.556557],[123.230026,41.549008],[123.229645,41.537598],[123.274102,41.535305],[123.280365,41.522438],[123.306679,41.518074],[123.32573,41.504623],[123.336411,41.510566],[123.372132,41.506744],[123.383393,41.49319],[123.404511,41.491652],[123.424149,41.469809],[123.452317,41.46971],[123.454606,41.461878],[123.472215,41.461596],[123.4834,41.476569],[123.493814,41.481989],[123.510416,41.477667],[123.52154,41.489916],[123.540957,41.47933],[123.576846,41.494917],[123.585792,41.491967],[123.595236,41.477805],[123.610404,41.47346],[123.608725,41.461402],[123.642226,41.463805],[123.655722,41.442099],[123.630873,41.408785],[123.64974,41.370359],[123.648313,41.326227],[123.652845,41.32311],[123.656867,41.304214],[123.649694,41.290139],[123.667073,41.264096],[123.664304,41.258637],[123.621777,41.240327],[123.613446,41.245073],[123.61072,41.253463],[123.597805,41.242063],[123.592838,41.231675],[123.602924,41.218293],[123.594737,41.205651],[123.610599,41.201104],[123.627223,41.179753],[123.636531,41.157273],[123.649756,41.148523],[123.655887,41.135101],[123.649554,41.127102],[123.64638,41.108475],[123.6626,41.073288],[123.68397,41.057803],[123.675448,41.046062],[123.654665,41.038963],[123.653688,41.025443],[123.644464,41.014434],[123.641344,41.003215],[123.646356,40.975478],[123.6507,40.971925],[123.642358,40.962928],[123.650064,40.94934],[123.644395,40.93479],[123.639184,40.927619],[123.626426,40.921901],[123.618034,40.910517],[123.618233,40.90092],[123.604744,40.89075],[123.607864,40.881518],[123.602264,40.869135],[123.586799,40.862357],[123.583999,40.856216],[123.57175,40.852631],[123.539534,40.859649],[123.538145,40.847506],[123.544257,40.837863],[123.543356,40.828848],[123.535971,40.827624],[123.536749,40.823317],[123.528715,40.824259],[123.508924,40.812655],[123.475103,40.812072],[123.43504,40.797145],[123.411496,40.805583],[123.396687,40.793952],[123.393482,40.780097],[123.377567,40.771793],[123.35284,40.77425],[123.339984,40.765762],[123.316508,40.771331],[123.300318,40.765987],[123.299456,40.76152],[123.277216,40.747444],[123.258898,40.744617],[123.253328,40.729992],[123.220323,40.732662],[123.203561,40.721375],[123.18097,40.716335],[123.173424,40.707462],[123.150505,40.723114],[123.131274,40.714749],[123.110298,40.733804],[123.095398,40.732602],[123.092781,40.742158],[123.067321,40.764867],[123.064545,40.781419],[123.073921,40.793535],[123.091286,40.7992],[123.09047,40.806829],[123.10051,40.813772],[123.098107,40.822904],[123.065812,40.834488],[123.053971,40.829893],[123.039879,40.836725],[123.050431,40.848494],[123.037293,40.860975],[123.043969,40.876345],[123.068655,40.895727],[123.055031,40.918686],[123.06624,40.922282],[123.072549,40.918856],[123.083002,40.929568],[123.094255,40.931231],[123.077844,40.958857],[123.078981,40.966578],[123.090265,40.969752],[123.092799,40.976876],[123.12707,40.988658],[123.132396,40.988368],[123.137195,40.980139],[123.155528,40.980894],[123.172351,40.988577],[123.185939,40.984659],[123.185856,40.991209],[123.2067,41.013846],[123.193529,41.030262],[123.200329,41.03752],[123.22952,41.046553],[123.220891,41.056776],[123.224187,41.06692],[123.209821,41.074992],[123.205327,41.097144],[123.178082,41.104056],[123.165852,41.096614],[123.1433,41.101268],[123.133992,41.136535],[123.141744,41.144977],[123.143575,41.151889],[123.131375,41.156135],[123.12448,41.169573],[123.110271,41.182885],[123.093571,41.175934],[123.055393,41.181485],[123.050624,41.200879],[123.032337,41.206345],[123.016308,41.203771],[123.004139,41.189156],[122.986737,41.184742],[122.981891,41.197789],[122.968143,41.200479],[122.951808,41.186227],[122.9275,41.192396],[122.901637,41.190771],[122.890734,41.16971],[122.879717,41.164701],[122.870409,41.168768],[122.861535,41.161337],[122.870546,41.155912],[122.861543,41.143819],[122.852944,41.143098],[122.844895,41.136705],[122.850122,41.136007],[122.843537,41.128019],[122.849381,41.114873],[122.828293,41.094728],[122.827432,41.080856],[122.818413,41.080312],[122.789245,41.096593],[122.759963,41.097929],[122.755485,41.099394],[122.757461,41.102571],[122.698836,41.113093],[122.685141,41.119231],[122.685256,41.124377],[122.678534,41.130229],[122.664672,41.13497],[122.656996,41.145816],[122.63922,41.149161],[122.630491,41.145209],[122.625532,41.152865],[122.629019,41.161449],[122.615538,41.172927],[122.592894,41.169029],[122.585267,41.173197],[122.5875,41.179985],[122.599379,41.180156],[122.594176,41.19141],[122.596182,41.195652],[122.609771,41.200237],[122.617071,41.197908],[122.627799,41.201057],[122.636122,41.209728],[122.647601,41.20867],[122.65972,41.215335],[122.664878,41.222632],[122.662795,41.244407],[122.70108,41.281489],[122.694489,41.299148],[122.704201,41.307822],[122.718682,41.310508],[122.719262,41.321078],[122.744493,41.33105],[122.741425,41.335547],[122.744691,41.350341],[122.760408,41.36579],[122.77347,41.362834],[122.836375,41.376151],[122.846583,41.393839],[122.845202,41.414763],[122.856105,41.422034],[122.861285,41.422652],[122.860728,41.415884],[122.865252,41.412547],[122.880786,41.420813],[122.908389,41.415583],[122.92016,41.420376],[122.926029,41.425318],[122.910144,41.43371],[122.918224,41.450949],[122.928387,41.445932],[122.935017,41.454039],[122.93269,41.464922],[122.928181,41.467829],[122.931836,41.479471],[122.94315,41.482248],[122.934697,41.476103],[122.954342,41.466044],[122.970456,41.476618],[122.976758,41.494257],[122.966809,41.497091],[122.947278,41.484362],[122.96156,41.506498],[122.993108,41.512518],[123.005209,41.50363],[123.015188,41.50556],[123.025602,41.516794],[123.037916,41.545927],[123.074759,41.557626],[123.086395,41.592123],[123.097755,41.599614],[123.105595,41.611616],[123.107498,41.614698],[123.128441,41.606019],[123.119293,41.589006],[123.108474,41.582807],[123.109893,41.562936],[123.114318,41.555204],[123.125282,41.551026],[123.121245,41.542901],[123.128691,41.534104]]]]}},{"type":"Feature","properties":{"name":"廊坊市","code":"131000","gb":"156131000","province":"河北省","label":[116.53297516155723,39.10818669862349]},"geometry":{"type":"MultiPolygon","coordinates":[[[[116.613609,39.600193],[116.621216,39.598537],[116.630806,39.6035],[116.646675,39.598209],[116.659897,39.6035],[116.704475,39.586063],[116.719475,39.59119],[116.718529,39.59594],[116.694786,39.608475],[116.693268,39.619297],[116.719688,39.621721],[116.73011,39.613602],[116.741127,39.617969],[116.755371,39.611511],[116.766579,39.603916],[116.771706,39.591381],[116.782913,39.594227],[116.783486,39.608093],[116.804947,39.613979],[116.806274,39.597458],[116.800575,39.597835],[116.801407,39.604343],[116.793823,39.604977],[116.790321,39.592331],[116.800575,39.569729],[116.789177,39.56517],[116.78006,39.545986],[116.787659,39.54314],[116.798485,39.526424],[116.813683,39.531742],[116.818619,39.51009],[116.806839,39.507812],[116.812164,39.478184],[116.779588,39.466656],[116.777382,39.463345],[116.788132,39.444061],[116.799827,39.443428],[116.811523,39.452599],[116.821007,39.44817],[116.819748,39.43679],[116.825119,39.432995],[116.845039,39.43837],[116.865585,39.428253],[116.829544,39.406124],[116.826698,39.396008],[116.833969,39.375141],[116.811211,39.369766],[116.814056,39.363762],[116.828911,39.361866],[116.821961,39.355541],[116.815636,39.355541],[116.821327,39.336575],[116.84124,39.336887],[116.848831,39.342895],[116.851044,39.353962],[116.86306,39.355225],[116.868118,39.350166],[116.862427,39.345108],[116.864952,39.338787],[116.882027,39.335625],[116.882339,39.320133],[116.879494,39.311913],[116.874436,39.311283],[116.875702,39.301167],[116.859581,39.2999],[116.854835,39.294842],[116.856102,39.2901],[116.865273,39.288521],[116.869064,39.280933],[116.87001,39.267654],[116.864006,39.266705],[116.869377,39.239201],[116.884224,39.228474],[116.884895,39.223473],[116.876892,39.219135],[116.868217,39.227139],[116.865555,39.22414],[116.868553,39.216137],[116.848213,39.213467],[116.849213,39.203133],[116.856438,39.193077],[116.859136,39.154457],[116.862885,39.151112],[116.886559,39.152779],[116.9039,39.147442],[116.917918,39.118325],[116.911873,39.10611],[116.903046,39.108635],[116.87178,39.071822],[116.862953,39.057026],[116.829117,39.053249],[116.810867,39.044231],[116.806099,39.048965],[116.777252,39.047268],[116.787857,39.055119],[116.779373,39.059998],[116.767067,39.048119],[116.749252,39.047695],[116.744764,39.033533],[116.751373,39.021175],[116.747551,39.019054],[116.745857,39.002083],[116.733551,38.978748],[116.720825,38.973232],[116.706444,38.929893],[116.701309,38.929535],[116.700958,38.894592],[116.713898,38.894592],[116.715073,38.851884],[116.737824,38.849289],[116.73822,38.827717],[116.742531,38.826542],[116.733513,38.80085],[116.738999,38.799671],[116.735077,38.774963],[116.740967,38.771038],[116.737824,38.750839],[116.749596,38.75182],[116.759928,38.740513],[116.760655,38.720162],[116.756199,38.70838],[116.748719,38.704076],[116.739537,38.705342],[116.738979,38.701706],[116.751743,38.701687],[116.762709,38.69216],[116.758823,38.681862],[116.762583,38.657223],[116.771327,38.655324],[116.772166,38.644541],[116.754356,38.634294],[116.732411,38.630664],[116.735733,38.622266],[116.727524,38.613144],[116.709199,38.608656],[116.696982,38.618444],[116.679742,38.607774],[116.67734,38.604491],[116.682003,38.602274],[116.67413,38.592104],[116.662637,38.592158],[116.656189,38.580993],[116.662047,38.577832],[116.668479,38.563278],[116.63767,38.564225],[116.635669,38.560947],[116.638903,38.553023],[116.668982,38.543141],[116.653832,38.51799],[116.641491,38.505938],[116.62276,38.508812],[116.62554,38.513186],[116.619102,38.513756],[116.609828,38.508458],[116.608291,38.502577],[116.621706,38.500544],[116.606942,38.488246],[116.612388,38.476746],[116.59138,38.482113],[116.591616,38.486526],[116.58428,38.483429],[116.585258,38.480364],[116.575937,38.469795],[116.56356,38.470552],[116.555298,38.484453],[116.560413,38.494059],[116.542839,38.50269],[116.535493,38.501554],[116.527887,38.487981],[116.500007,38.48665],[116.459751,38.493779],[116.443516,38.512766],[116.45041,38.528358],[116.442261,38.534108],[116.427323,38.527848],[116.42432,38.547341],[116.436523,38.555376],[116.449133,38.554894],[116.442032,38.566902],[116.448831,38.57949],[116.419432,38.586132],[116.414085,38.602414],[116.385846,38.602058],[116.35408,38.656185],[116.36189,38.660802],[116.355698,38.670839],[116.357687,38.685774],[116.387926,38.689396],[116.38964,38.70227],[116.421919,38.716054],[116.425043,38.728644],[116.4296,38.730604],[116.430559,38.7533],[116.417125,38.760484],[116.418281,38.770957],[116.410426,38.782836],[116.373828,38.787198],[116.377079,38.7989],[116.36299,38.791641],[116.355725,38.800638],[116.337685,38.801023],[116.336977,38.810368],[116.331577,38.815751],[116.314256,38.810204],[116.266103,38.815834],[116.267588,38.821023],[116.277071,38.821665],[116.270371,38.826319],[116.272994,38.835523],[116.243317,38.84509],[116.242206,38.854005],[116.226203,38.871058],[116.214192,38.867296],[116.202473,38.87434],[116.194694,38.910774],[116.202958,38.921004],[116.226398,38.924562],[116.226255,38.928392],[116.221346,38.928853],[116.222346,38.941437],[116.229483,38.947763],[116.237743,38.948508],[116.239589,38.944678],[116.239528,38.933],[116.231261,38.930656],[116.231377,38.92695],[116.28134,38.945019],[116.285505,38.947808],[116.285269,38.964741],[116.292493,38.974114],[116.309434,38.961953],[116.329264,38.983138],[116.32558,38.986832],[116.327788,38.989359],[116.315816,38.997098],[116.293646,38.99272],[116.287827,39.006419],[116.293771,39.01779],[116.303095,39.015142],[116.305177,39.02079],[116.295677,39.021593],[116.299993,39.030688],[116.318452,39.031787],[116.324805,39.038319],[116.312573,39.03658],[116.306118,39.070155],[116.312355,39.07555],[116.312682,39.081996],[116.303157,39.084366],[116.29486,39.103397],[116.273583,39.1064],[116.274171,39.115502],[116.257003,39.11921],[116.255806,39.13103],[116.260113,39.132199],[116.254114,39.13184],[116.251324,39.138402],[116.240733,39.142811],[116.226345,39.144482],[116.226362,39.148285],[116.210944,39.147664],[116.204594,39.165263],[116.198089,39.167506],[116.197876,39.184405],[116.204108,39.205886],[116.201303,39.209675],[116.172276,39.214449],[116.186187,39.224984],[116.181646,39.234363],[116.190051,39.261826],[116.200927,39.26847],[116.203779,39.278358],[116.199517,39.279228],[116.195374,39.302744],[116.202401,39.322892],[116.190625,39.354045],[116.179733,39.356793],[116.17525,39.350346],[116.129341,39.353456],[116.11114,39.365973],[116.111517,39.37724],[116.120689,39.384666],[116.125803,39.398297],[116.126352,39.429754],[116.134335,39.429871],[116.128913,39.43574],[116.14541,39.469586],[116.155576,39.471314],[116.176385,39.49525],[116.194797,39.501614],[116.200069,39.509791],[116.218252,39.507622],[116.237986,39.51603],[116.243736,39.504768],[116.298714,39.482639],[116.344795,39.448544],[116.382111,39.453316],[116.429603,39.443493],[116.444145,39.44759],[116.447013,39.452848],[116.441177,39.476086],[116.435829,39.479649],[116.428711,39.480835],[116.420395,39.474304],[116.404366,39.48024],[116.413277,39.49271],[116.409119,39.50399],[116.395462,39.512894],[116.394279,39.526546],[116.413864,39.523579],[116.415649,39.514675],[116.426331,39.505768],[116.436424,39.508144],[116.432274,39.522392],[116.470856,39.533077],[116.463738,39.553261],[116.493416,39.547325],[116.500542,39.549702],[116.501137,39.5592],[116.520134,39.572258],[116.514313,39.584568],[116.517372,39.59462],[116.520729,39.597786],[116.534378,39.59185],[116.552788,39.598381],[116.561691,39.609661],[116.558724,39.618565],[116.600052,39.623337],[116.613609,39.600193]]],[[[117.182335,40.081257],[117.184135,40.070721],[117.202087,40.080002],[117.214111,40.063732],[117.17627,40.060551],[117.17379,40.05666],[117.179802,40.023769],[117.185814,40.019527],[117.189354,39.990704],[117.180512,39.976559],[117.170258,39.975143],[117.167778,39.957108],[117.153984,39.96241],[117.156776,39.951321],[117.144821,39.946842],[117.150353,39.94239],[117.144333,39.928986],[117.131523,39.921825],[117.154068,39.90839],[117.142906,39.897152],[117.150864,39.891388],[117.153793,39.87727],[117.165619,39.879147],[117.173119,39.869705],[117.222656,39.857101],[117.243866,39.862152],[117.255562,39.851658],[117.252045,39.834648],[117.24861,39.834683],[117.210205,39.8311],[117.179428,39.81881],[117.157349,39.824532],[117.154245,39.818687],[117.162758,39.798729],[117.184441,39.783619],[117.193405,39.771164],[117.160942,39.733757],[117.164009,39.676052],[117.158898,39.640636],[117.15242,39.626743],[117.14695,39.625272],[117.123245,39.621113],[117.029236,39.653828],[117.017502,39.654522],[117.000481,39.645451],[116.973511,39.642502],[116.960411,39.650928],[116.94426,39.682529],[116.947899,39.710251],[116.894295,39.696308],[116.885475,39.720871],[116.90654,39.741055],[116.899635,39.755074],[116.902069,39.75917],[116.928085,39.771988],[116.941383,39.768208],[116.946205,39.772968],[116.942055,39.792229],[116.915399,39.846959],[116.905548,39.848198],[116.901245,39.837566],[116.889122,39.836117],[116.873741,39.848312],[116.836906,39.861332],[116.825226,39.87682],[116.803215,39.876938],[116.794525,39.878544],[116.78022,39.892586],[116.774513,39.94735],[116.758469,39.959972],[116.756104,39.966316],[116.771263,40],[116.755333,40.014852],[116.751572,40.020969],[116.760254,40.027573],[116.797821,40.029987],[116.834869,40.043587],[116.865257,40.040291],[116.95533,40.045658],[116.961738,40.041401],[116.962799,40.034008],[116.978912,40.036648],[116.991585,40.030045],[117.016945,40.028194],[117.01844,40.036003],[117.029884,40.045891],[117.045471,40.051437],[117.044151,40.057777],[117.062111,40.062004],[117.061577,40.065437],[117.076637,40.066494],[117.07769,40.073097],[117.095123,40.073624],[117.098824,40.069134],[117.111236,40.07019],[117.131043,40.062004],[117.14846,40.066841],[117.148216,40.076267],[117.165383,40.071247],[117.177795,40.082603],[117.182335,40.081257]]]]}},{"type":"Feature","properties":{"name":"衡水市","code":"131100","gb":"156131100","province":"河北省","label":[115.82426137841246,37.76159649965553]},"geometry":{"type":"MultiPolygon","coordinates":[[[[115.750627,38.358342],[115.787446,38.3559],[115.794123,38.345297],[115.835702,38.345499],[115.842407,38.334998],[115.840092,38.3172],[115.845059,38.316934],[115.843883,38.308285],[115.836772,38.302622],[115.824356,38.294673],[115.825321,38.288568],[115.831318,38.288087],[115.830662,38.273384],[115.858909,38.254456],[115.855649,38.239294],[115.865334,38.217147],[115.878823,38.214347],[115.882632,38.203986],[115.893765,38.202669],[115.893478,38.186955],[115.88493,38.180389],[115.881494,38.170992],[115.895082,38.158055],[115.909026,38.166475],[115.929773,38.166666],[115.933226,38.143757],[115.964354,38.137536],[115.980608,38.125185],[116.043202,38.145555],[116.050888,38.134333],[116.048618,38.123656],[116.023444,38.093566],[116.031644,38.079711],[116.041065,38.072054],[116.049084,38.071262],[116.048665,38.058767],[116.044273,38.051664],[116.064548,38.040152],[116.056489,38.032475],[116.043804,38.03782],[116.036523,38.024812],[116.04423,38.016714],[116.056237,38.012656],[116.055185,37.990227],[116.077117,37.984019],[116.074936,37.974737],[116.090879,37.952051],[116.114823,37.947979],[116.098036,37.927559],[116.086419,37.924055],[116.083395,37.911168],[116.086938,37.908509],[116.107425,37.914264],[116.119229,37.909208],[116.152603,37.915934],[116.169226,37.941959],[116.156281,37.954143],[116.171647,37.972151],[116.201333,37.967238],[116.204255,37.958243],[116.21758,37.950545],[116.254575,37.966567],[116.255488,37.95868],[116.26131,37.959792],[116.262763,37.96872],[116.275509,37.964857],[116.285581,37.968055],[116.306758,37.984187],[116.315462,38.005075],[116.326429,38.009727],[116.331859,38.018022],[116.358607,38.017392],[116.377846,38.020937],[116.379578,38.025477],[116.392378,38.011427],[116.411459,38.013371],[116.453842,38.008501],[116.461526,38.023022],[116.468139,38.019591],[116.466545,38.012253],[116.47339,38.010495],[116.477985,38.024516],[116.490774,38.012886],[116.509062,38.018468],[116.557622,38.019315],[116.559438,37.979097],[116.545022,37.945489],[116.527553,37.915493],[116.527281,37.906566],[116.509748,37.892834],[116.50068,37.86234],[116.482226,37.859827],[116.46789,37.865221],[116.470081,37.833983],[116.475423,37.830111],[116.466362,37.81615],[116.462618,37.805988],[116.468394,37.795611],[116.466931,37.776482],[116.45246,37.770545],[116.445911,37.758499],[116.419618,37.748372],[116.425942,37.746407],[116.428477,37.733965],[116.407598,37.733223],[116.408062,37.722327],[116.397152,37.715875],[116.38124,37.69638],[116.378458,37.675547],[116.364606,37.665255],[116.359236,37.647126],[116.369122,37.638602],[116.36979,37.617105],[116.322455,37.60654],[116.32995,37.597997],[116.325421,37.584524],[116.329275,37.573943],[116.324577,37.574818],[116.315918,37.565941],[116.297287,37.563049],[116.283157,37.545349],[116.289772,37.527378],[116.271889,37.519226],[116.271759,37.514412],[116.275406,37.508297],[116.290131,37.50676],[116.297607,37.497742],[116.29557,37.489452],[116.278572,37.480862],[116.273346,37.464012],[116.236816,37.4841],[116.230331,37.481407],[116.225677,37.472263],[116.229897,37.454842],[116.224297,37.430584],[116.22657,37.425312],[116.261566,37.418655],[116.266449,37.409576],[116.278107,37.404537],[116.279999,37.399307],[116.236695,37.359153],[116.187088,37.35775],[116.171272,37.375751],[116.158829,37.378468],[116.109802,37.366646],[116.068703,37.367126],[116.052078,37.357822],[115.978851,37.332802],[115.976593,37.307541],[115.965813,37.279793],[115.969002,37.262905],[115.959023,37.228985],[115.921127,37.214359],[115.902252,37.197414],[115.900009,37.188194],[115.90892,37.171673],[115.879295,37.151264],[115.875816,37.144764],[115.881874,37.120155],[115.87159,37.104099],[115.862152,37.070548],[115.847008,37.054155],[115.842862,37.065254],[115.830004,37.074603],[115.832998,37.095147],[115.826427,37.101085],[115.822343,37.114989],[115.799805,37.118195],[115.790926,37.113286],[115.782197,37.120006],[115.764797,37.142063],[115.75733,37.145715],[115.758384,37.177629],[115.750267,37.180609],[115.758572,37.201515],[115.7469,37.21376],[115.723953,37.221487],[115.722368,37.228584],[115.710381,37.234707],[115.712489,37.255893],[115.681458,37.261484],[115.675273,37.253783],[115.663414,37.254921],[115.664842,37.262953],[115.670944,37.262229],[115.671352,37.265275],[115.664104,37.280687],[115.650594,37.283329],[115.619334,37.273304],[115.613198,37.276627],[115.613699,37.281151],[115.625379,37.288639],[115.62394,37.299868],[115.606368,37.300033],[115.582091,37.307108],[115.593756,37.323683],[115.604425,37.324588],[115.604318,37.332213],[115.583896,37.333587],[115.572054,37.324734],[115.576655,37.321502],[115.574676,37.311278],[115.563719,37.322733],[115.555568,37.322644],[115.555003,37.319311],[115.536393,37.32315],[115.519009,37.333568],[115.520123,37.354538],[115.491304,37.363747],[115.488396,37.37748],[115.482623,37.382585],[115.459347,37.389776],[115.414327,37.387911],[115.392096,37.42393],[115.381452,37.423133],[115.375636,37.42996],[115.351059,37.432339],[115.351447,37.441911],[115.335325,37.447072],[115.351399,37.462412],[115.365504,37.454777],[115.377222,37.456694],[115.375643,37.46851],[115.386524,37.472114],[115.386958,37.458354],[115.39244,37.456246],[115.404974,37.462357],[115.405473,37.466639],[115.419971,37.466713],[115.414759,37.461622],[115.415708,37.456929],[115.43132,37.458849],[115.428284,37.472565],[115.417286,37.483469],[115.415701,37.472766],[115.404258,37.475675],[115.401781,37.486491],[115.391885,37.49632],[115.393745,37.506582],[115.396126,37.509282],[115.412603,37.504476],[115.418697,37.491842],[115.441338,37.495302],[115.444247,37.501695],[115.436104,37.507222],[115.424393,37.506834],[115.409409,37.521994],[115.401325,37.523978],[115.394475,37.539118],[115.369749,37.541883],[115.357086,37.559346],[115.357295,37.565452],[115.353577,37.564779],[115.350468,37.533306],[115.355693,37.532633],[115.355519,37.52362],[115.347183,37.524718],[115.321504,37.544322],[115.30287,37.565094],[115.282121,37.562409],[115.277808,37.575459],[115.226683,37.579723],[115.216809,37.57262],[115.213248,37.55862],[115.197109,37.556442],[115.184923,37.56585],[115.190055,37.565626],[115.194524,37.575303],[115.167617,37.600296],[115.188123,37.612255],[115.185386,37.631004],[115.192012,37.629424],[115.195578,37.642778],[115.213489,37.645331],[115.214751,37.651767],[115.239058,37.643029],[115.249064,37.644887],[115.253501,37.638604],[115.278726,37.629278],[115.291379,37.628975],[115.292457,37.634393],[115.288141,37.635667],[115.2954,37.659436],[115.310496,37.659188],[115.319517,37.681432],[115.30971,37.687774],[115.310783,37.694444],[115.325425,37.703425],[115.327825,37.712636],[115.333053,37.715281],[115.373865,37.706467],[115.38812,37.711448],[115.387984,37.718141],[115.379928,37.726129],[115.364158,37.731179],[115.350481,37.732847],[115.338579,37.746495],[115.339349,37.758209],[115.345219,37.76168],[115.355008,37.758373],[115.36161,37.769942],[115.365941,37.769283],[115.366238,37.774885],[115.35939,37.78174],[115.346129,37.783174],[115.343541,37.804877],[115.347812,37.816999],[115.352446,37.816048],[115.356988,37.849106],[115.383706,37.852483],[115.385472,37.865418],[115.383699,37.873582],[115.354051,37.879278],[115.354155,37.887597],[115.359712,37.904091],[115.377365,37.906849],[115.379545,37.916328],[115.384747,37.919258],[115.401901,37.917835],[115.40674,37.924203],[115.406492,37.94236],[115.416952,37.942703],[115.435953,37.933481],[115.443168,37.936365],[115.453994,37.954593],[115.437866,37.984061],[115.438888,37.988527],[115.453728,37.992545],[115.456997,37.99785],[115.439386,38.002552],[115.431889,38.00028],[115.431173,38.010503],[115.445117,38.016504],[115.444061,38.024812],[115.451542,38.03018],[115.4584,38.052345],[115.460519,38.062744],[115.457053,38.065514],[115.46822,38.066759],[115.477376,38.082395],[115.461865,38.094441],[115.448231,38.090509],[115.440693,38.081546],[115.433825,38.081174],[115.41421,38.088739],[115.410555,38.094134],[115.377118,38.087296],[115.378287,38.096697],[115.368641,38.104596],[115.369709,38.116592],[115.362241,38.119646],[115.358504,38.137105],[115.340438,38.139323],[115.338935,38.158115],[115.345479,38.182607],[115.334599,38.184675],[115.336319,38.195722],[115.344086,38.199822],[115.346279,38.205938],[115.34439,38.209974],[115.317486,38.219848],[115.31848,38.247408],[115.323491,38.247461],[115.323298,38.243867],[115.343231,38.247237],[115.34873,38.254373],[115.349912,38.270981],[115.365974,38.281011],[115.386162,38.283229],[115.38784,38.29149],[115.383279,38.298673],[115.376764,38.297982],[115.375178,38.317048],[115.371098,38.31821],[115.375464,38.326714],[115.384299,38.327796],[115.385413,38.323635],[115.39614,38.319292],[115.401192,38.334098],[115.41452,38.337109],[115.430133,38.330285],[115.456091,38.326548],[115.470709,38.330884],[115.477338,38.327518],[115.476713,38.333887],[115.468656,38.333799],[115.470266,38.337727],[115.471866,38.34091],[115.484603,38.338341],[115.488816,38.341891],[115.489008,38.36187],[115.510764,38.356723],[115.510472,38.318548],[115.516313,38.31548],[115.542047,38.317795],[115.545259,38.332969],[115.549483,38.334475],[115.558553,38.325426],[115.570658,38.326345],[115.567809,38.341509],[115.579824,38.339929],[115.58563,38.337456],[115.585061,38.333623],[115.599014,38.328642],[115.615924,38.332511],[115.615646,38.329749],[115.63995,38.325804],[115.645605,38.330505],[115.644225,38.340304],[115.658893,38.341107],[115.66466,38.347015],[115.688347,38.347263],[115.697307,38.355215],[115.699279,38.366917],[115.711286,38.359173],[115.725173,38.357634],[115.732695,38.368893],[115.746355,38.370916],[115.750627,38.358342]]]]}},{"type":"Feature","properties":{"name":"许昌市","code":"411000","gb":"156411000","province":"河南省","label":[113.70970819973803,34.07279011086366]},"geometry":{"type":"MultiPolygon","coordinates":[[[[113.402548,34.36139],[113.408025,34.3505],[113.424295,34.351352],[113.44393,34.338298],[113.459619,34.335643],[113.479952,34.344667],[113.495569,34.339549],[113.504779,34.344376],[113.523565,34.319248],[113.546297,34.313415],[113.561109,34.320852],[113.581642,34.321067],[113.612172,34.310675],[113.640388,34.284967],[113.655795,34.275893],[113.66557,34.277257],[113.673157,34.284288],[113.679002,34.284418],[113.687274,34.27609],[113.69279,34.277412],[113.699058,34.285223],[113.695171,34.28735],[113.696435,34.292518],[113.708919,34.291053],[113.712222,34.305986],[113.724575,34.311885],[113.728899,34.320247],[113.760468,34.313264],[113.786269,34.324345],[113.786815,34.334477],[113.793673,34.336883],[113.804736,34.33863],[113.8145,34.329239],[113.831427,34.325965],[113.882929,34.331687],[113.899082,34.294414],[113.908083,34.303235],[113.932236,34.305645],[113.940802,34.294543],[113.943742,34.299632],[113.955002,34.295129],[113.952364,34.29198],[113.958285,34.283445],[113.985477,34.275936],[113.985787,34.265458],[114.003666,34.245354],[114.04032,34.239308],[114.041006,34.24607],[114.061874,34.252073],[114.065998,34.244569],[114.091233,34.244115],[114.100927,34.212207],[114.126711,34.195708],[114.152201,34.206919],[114.147396,34.215213],[114.176674,34.223582],[114.191495,34.220542],[114.196179,34.240567],[114.200643,34.243721],[114.206648,34.243345],[114.209539,34.231688],[114.215793,34.231012],[114.225567,34.241947],[114.240772,34.243041],[114.244764,34.249135],[114.254814,34.252782],[114.281369,34.217173],[114.280882,34.204988],[114.271425,34.194874],[114.269584,34.176976],[114.272123,34.159554],[114.287195,34.133126],[114.275369,34.116036],[114.268021,34.111994],[114.26938,34.100158],[114.253883,34.100043],[114.251293,34.094096],[114.260996,34.087757],[114.261998,34.066727],[114.267343,34.066509],[114.268558,34.047683],[114.282621,34.04588],[114.2828,34.007465],[114.305274,33.995733],[114.30737,33.981194],[114.30178,33.979827],[114.301251,33.961232],[114.297089,33.961049],[114.292521,33.950316],[114.30033,33.890253],[114.310179,33.882897],[114.308119,33.861147],[114.305815,33.854724],[114.294561,33.853859],[114.294663,33.843491],[114.317809,33.833293],[114.320947,33.812672],[114.307897,33.806324],[114.304126,33.784463],[114.276757,33.768349],[114.263462,33.774099],[114.258986,33.782179],[114.238615,33.782111],[114.235832,33.791352],[114.212988,33.794449],[114.206249,33.79979],[114.194108,33.798374],[114.171046,33.807598],[114.159157,33.798739],[114.152131,33.806856],[114.148736,33.81363],[114.154188,33.815208],[114.155452,33.820692],[114.151471,33.832403],[114.107988,33.866346],[114.109659,33.873086],[114.129106,33.880311],[114.117453,33.906129],[114.12089,33.917812],[114.108614,33.929075],[114.097735,33.92673],[114.096219,33.921522],[114.096382,33.930514],[114.101387,33.931632],[114.098702,33.936131],[114.082271,33.935232],[114.071548,33.95461],[114.054235,33.9516],[114.049947,33.957875],[114.053169,33.966602],[114.044319,33.984455],[113.995939,33.983373],[113.983547,33.975779],[113.975266,33.976914],[113.970432,33.984845],[113.957505,33.983517],[113.94114,33.971813],[113.930858,33.970054],[113.914777,33.945307],[113.906585,33.947516],[113.906088,33.951365],[113.895882,33.949968],[113.894914,33.94443],[113.881812,33.945405],[113.880488,33.95073],[113.854283,33.950044],[113.852387,33.940991],[113.866582,33.910734],[113.854553,33.907538],[113.85577,33.883288],[113.850919,33.874965],[113.84315,33.872758],[113.770487,33.886769],[113.759814,33.8853],[113.763863,33.876282],[113.754687,33.867934],[113.729755,33.870218],[113.729885,33.860447],[113.718658,33.85575],[113.72211,33.841333],[113.729533,33.832852],[113.744899,33.829554],[113.755055,33.821239],[113.748552,33.79794],[113.741794,33.791049],[113.747312,33.774837],[113.731705,33.761164],[113.72856,33.751073],[113.73095,33.743523],[113.749967,33.738562],[113.756706,33.728611],[113.752826,33.718763],[113.746852,33.716385],[113.734621,33.714612],[113.729481,33.697309],[113.718577,33.696933],[113.713591,33.700091],[113.710389,33.712044],[113.702548,33.712412],[113.694936,33.690791],[113.651493,33.701967],[113.638956,33.696271],[113.634009,33.704546],[113.626349,33.690112],[113.605127,33.697005],[113.59392,33.69016],[113.594385,33.699095],[113.604023,33.709354],[113.580038,33.712802],[113.575984,33.722565],[113.582977,33.72718],[113.583773,33.733957],[113.576115,33.740775],[113.555379,33.743419],[113.567947,33.743809],[113.573608,33.754867],[113.569874,33.758517],[113.565496,33.751941],[113.54554,33.750289],[113.514481,33.75703],[113.502828,33.764138],[113.489696,33.758473],[113.488554,33.752148],[113.462994,33.744072],[113.462527,33.738625],[113.44423,33.738826],[113.445982,33.751108],[113.457301,33.751485],[113.451527,33.758686],[113.432699,33.765603],[113.416321,33.76413],[113.367415,33.78602],[113.380325,33.799215],[113.373943,33.814153],[113.377283,33.829167],[113.378241,33.841757],[113.365354,33.859066],[113.359423,33.888196],[113.382806,33.93733],[113.410432,33.94409],[113.40823,33.956253],[113.414905,33.962071],[113.411932,33.98697],[113.392255,33.995545],[113.392354,34.003333],[113.406149,34.010712],[113.407281,34.015906],[113.386759,34.025791],[113.386419,34.045254],[113.379495,34.046231],[113.376554,34.038578],[113.348519,34.046214],[113.337416,34.038276],[113.340583,34.027899],[113.326598,34.02908],[113.312534,34.050912],[113.324612,34.068023],[113.31336,34.077413],[113.299134,34.079351],[113.273487,34.092817],[113.255609,34.104423],[113.249676,34.114615],[113.235505,34.112145],[113.237733,34.101185],[113.22407,34.090554],[113.219759,34.100837],[113.207185,34.110582],[113.176557,34.099971],[113.156421,34.09894],[113.139961,34.116451],[113.123456,34.125842],[113.118599,34.135335],[113.122088,34.142621],[113.101224,34.169253],[113.097901,34.180652],[113.097256,34.187267],[113.103918,34.194464],[113.09444,34.207861],[113.07777,34.215882],[113.067562,34.212027],[113.06144,34.219215],[113.067771,34.230042],[113.058317,34.23244],[113.069953,34.262991],[113.076681,34.267451],[113.104902,34.264049],[113.131995,34.274491],[113.147833,34.267377],[113.173703,34.287626],[113.18834,34.312756],[113.204182,34.312736],[113.222253,34.338312],[113.262469,34.338789],[113.271047,34.343433],[113.271004,34.352806],[113.309752,34.35373],[113.306575,34.372917],[113.314737,34.384893],[113.309356,34.394611],[113.322767,34.406388],[113.341416,34.405794],[113.360008,34.392563],[113.361908,34.380923],[113.369024,34.37772],[113.407875,34.375626],[113.402548,34.36139]]]]}},{"type":"Feature","properties":{"name":"临汾市","code":"141000","gb":"156141000","province":"山西省","label":[111.37763048334284,36.22668742411972]},"geometry":{"type":"MultiPolygon","coordinates":[[[[110.708963,36.942531],[110.714476,36.922085],[110.706232,36.916107],[110.706449,36.910646],[110.713899,36.913543],[110.755218,36.902176],[110.768414,36.8891],[110.773915,36.866113],[110.77982,36.859779],[110.793467,36.86341],[110.817012,36.855623],[110.82032,36.861815],[110.847653,36.859108],[110.880584,36.88047],[110.884878,36.880972],[110.884182,36.875264],[110.888492,36.876432],[110.894988,36.88101],[110.894127,36.88815],[110.917545,36.890242],[110.93508,36.90543],[110.960194,36.894696],[110.977409,36.899698],[110.987836,36.906983],[110.981093,36.920284],[110.983194,36.926772],[110.997379,36.92111],[111.001251,36.908105],[110.992971,36.902673],[110.995476,36.897598],[111.00929,36.899933],[111.015573,36.909987],[111.013732,36.917117],[111.026129,36.91688],[111.039998,36.928041],[111.074474,36.930579],[111.088276,36.911906],[111.077718,36.907441],[111.075106,36.891435],[111.065631,36.876778],[111.061886,36.852466],[111.065737,36.854011],[111.090908,36.8358],[111.098862,36.839359],[111.108563,36.834844],[111.127868,36.845721],[111.154763,36.840779],[111.173314,36.847647],[111.178653,36.840274],[111.174336,36.826953],[111.18057,36.80712],[111.192206,36.797992],[111.20175,36.781655],[111.207639,36.74531],[111.222645,36.740447],[111.233723,36.747415],[111.2327,36.752774],[111.239577,36.759523],[111.267643,36.760359],[111.272126,36.750527],[111.268328,36.738311],[111.315203,36.735708],[111.319275,36.740168],[111.317552,36.754231],[111.325199,36.75624],[111.333273,36.750538],[111.350038,36.753937],[111.349284,36.766308],[111.374796,36.787645],[111.376253,36.7968],[111.386792,36.79494],[111.401533,36.800734],[111.42331,36.793576],[111.432012,36.776244],[111.439817,36.769906],[111.448556,36.774788],[111.462574,36.77246],[111.480098,36.779184],[111.485327,36.783173],[111.490676,36.801121],[111.497612,36.802651],[111.506683,36.778698],[111.517114,36.792383],[111.523309,36.788522],[111.536593,36.790023],[111.545128,36.770905],[111.538108,36.770437],[111.533148,36.764683],[111.531566,36.752339],[111.548584,36.743864],[111.558547,36.732286],[111.56113,36.719361],[111.593588,36.696279],[111.609872,36.698534],[111.615021,36.693731],[111.615409,36.675476],[111.636787,36.674827],[111.650458,36.658617],[111.665973,36.65516],[111.670231,36.646434],[111.665328,36.643452],[111.675391,36.64466],[111.684228,36.664854],[111.682601,36.675266],[111.668509,36.687619],[111.67014,36.693748],[111.685129,36.695672],[111.723987,36.716699],[111.733122,36.712653],[111.749078,36.723433],[111.755,36.713704],[111.776939,36.702558],[111.784176,36.708185],[111.812243,36.712619],[111.820263,36.707834],[111.828084,36.712809],[111.837224,36.711241],[111.838949,36.705404],[111.830623,36.695726],[111.838823,36.696313],[111.852771,36.704209],[111.855017,36.71391],[111.873745,36.716158],[111.880412,36.705915],[111.897879,36.713894],[111.910515,36.707823],[111.936435,36.707858],[111.975747,36.67973],[111.988763,36.685534],[111.990949,36.691647],[112.008072,36.685805],[112.016212,36.672364],[112.017536,36.655758],[112.036178,36.644071],[112.029965,36.606138],[112.039304,36.59143],[112.046598,36.584203],[112.076668,36.581849],[112.085534,36.576027],[112.082747,36.56619],[112.101031,36.545652],[112.142651,36.517001],[112.154681,36.516597],[112.161794,36.511501],[112.164747,36.49679],[112.17651,36.488951],[112.173307,36.47094],[112.180301,36.462125],[112.179516,36.453689],[112.186623,36.437135],[112.193971,36.430783],[112.200674,36.431122],[112.205254,36.421321],[112.201672,36.409992],[112.204981,36.405321],[112.227808,36.406935],[112.241862,36.413559],[112.256107,36.408011],[112.270374,36.396646],[112.277896,36.382672],[112.332443,36.35826],[112.335255,36.353849],[112.332246,36.346169],[112.337987,36.342365],[112.358041,36.339712],[112.369312,36.343652],[112.414908,36.345295],[112.437896,36.339235],[112.447039,36.330275],[112.44766,36.304951],[112.461139,36.291625],[112.463241,36.267739],[112.484813,36.268717],[112.501836,36.258848],[112.527341,36.255199],[112.54516,36.259374],[112.558219,36.27329],[112.566643,36.273941],[112.567199,36.257601],[112.551717,36.215315],[112.553943,36.200696],[112.567166,36.190975],[112.549406,36.17126],[112.546868,36.162009],[112.56499,36.130612],[112.562551,36.121711],[112.539834,36.10259],[112.52616,36.102386],[112.517989,36.092865],[112.503826,36.088317],[112.484914,36.066878],[112.491936,36.044444],[112.488354,36.032369],[112.520163,36.029869],[112.518816,36.007863],[112.530742,35.974638],[112.527451,35.968125],[112.488673,35.956866],[112.47926,35.948376],[112.453374,35.937386],[112.450825,35.931911],[112.428,35.924919],[112.40181,35.900312],[112.370152,35.888784],[112.357791,35.897682],[112.339892,35.900907],[112.284658,35.896532],[112.276963,35.900915],[112.277266,35.904824],[112.258407,35.90492],[112.235394,35.899038],[112.197755,35.906731],[112.181567,35.917599],[112.14902,35.906899],[112.136794,35.910178],[112.135665,35.897352],[112.145985,35.894742],[112.151951,35.870997],[112.170193,35.877922],[112.195137,35.865231],[112.218295,35.837917],[112.216653,35.82823],[112.17951,35.816397],[112.136923,35.823161],[112.12579,35.830109],[112.093744,35.838397],[112.080468,35.83546],[112.058767,35.844368],[112.038319,35.863145],[112.032329,35.86158],[112.032419,35.854348],[112.035903,35.841844],[112.032195,35.827411],[112.025961,35.824243],[112.025667,35.813247],[112.053195,35.785095],[112.051325,35.769683],[112.022873,35.754366],[112.016418,35.742346],[112.015151,35.736215],[112.027097,35.726543],[112.017284,35.694245],[111.988031,35.679949],[111.985854,35.666646],[111.957561,35.667315],[111.953295,35.66088],[111.954275,35.630999],[111.937712,35.627027],[111.936058,35.619573],[111.934151,35.606831],[111.940685,35.600141],[111.939674,35.578524],[111.954149,35.574372],[111.961286,35.565175],[111.951103,35.544943],[111.95743,35.52899],[111.95648,35.517949],[111.937715,35.51443],[111.937913,35.508087],[111.961437,35.480643],[111.956712,35.469291],[111.966097,35.452868],[111.966166,35.438786],[111.964866,35.429552],[111.956122,35.419227],[111.950696,35.411656],[111.951096,35.403014],[111.936526,35.388983],[111.929567,35.387419],[111.879148,35.388131],[111.865457,35.395997],[111.845444,35.399218],[111.842515,35.424923],[111.831926,35.435207],[111.819112,35.429211],[111.808544,35.430764],[111.805862,35.436363],[111.832054,35.453899],[111.827619,35.478886],[111.844275,35.499184],[111.842958,35.510054],[111.864987,35.516526],[111.876772,35.515668],[111.883111,35.509842],[111.896265,35.522336],[111.902528,35.542363],[111.837168,35.553783],[111.826878,35.571278],[111.829474,35.5812],[111.845686,35.596254],[111.839547,35.601986],[111.829459,35.603876],[111.808229,35.596566],[111.77391,35.601519],[111.760424,35.614809],[111.729596,35.633372],[111.704961,35.641348],[111.665464,35.639713],[111.67724,35.649323],[111.674598,35.656537],[111.669119,35.656792],[111.666619,35.651469],[111.65087,35.642934],[111.626322,35.639679],[111.615097,35.645653],[111.612602,35.637764],[111.601919,35.62878],[111.595857,35.594498],[111.576761,35.582857],[111.577584,35.564282],[111.5698,35.553007],[111.546652,35.569371],[111.533979,35.565702],[111.515344,35.571682],[111.492919,35.562084],[111.486002,35.564722],[111.473215,35.559738],[111.455845,35.564687],[111.437371,35.558768],[111.423669,35.557559],[111.406619,35.564755],[111.404615,35.56989],[111.36674,35.554766],[111.34757,35.55731],[111.333313,35.553497],[111.312408,35.536456],[111.292601,35.538489],[111.289883,35.544829],[111.27502,35.552444],[111.27056,35.559598],[111.27197,35.569007],[111.281466,35.572498],[111.27568,35.583016],[111.26553,35.587341],[111.260711,35.607843],[111.262118,35.634386],[111.280178,35.628397],[111.286246,35.631543],[111.29706,35.649363],[111.285908,35.667203],[111.28827,35.673227],[111.321456,35.678249],[111.338403,35.668072],[111.341339,35.6714],[111.341619,35.681861],[111.331253,35.690177],[111.335736,35.700774],[111.324602,35.71499],[111.284051,35.702562],[111.27229,35.68633],[111.261617,35.683179],[111.241322,35.684857],[111.241088,35.695942],[111.233325,35.708637],[111.219663,35.711768],[111.190482,35.709491],[111.184777,35.765456],[111.165883,35.773813],[111.155005,35.794969],[111.143265,35.80454],[111.123051,35.808595],[111.113557,35.821191],[111.088444,35.809378],[111.085248,35.794705],[111.070252,35.785057],[111.07181,35.768832],[111.052332,35.756107],[111.052997,35.739208],[111.038212,35.736137],[111.021622,35.740437],[111.001481,35.73687],[110.995055,35.740304],[110.987793,35.750431],[110.99124,35.76079],[110.969776,35.789857],[110.974302,35.804978],[110.969701,35.808507],[110.95589,35.799406],[110.949117,35.788414],[110.9485,35.778195],[110.941419,35.771284],[110.940121,35.723148],[110.94443,35.715588],[110.92689,35.710959],[110.916945,35.695226],[110.89131,35.691937],[110.880646,35.703334],[110.852951,35.714949],[110.850776,35.719585],[110.833088,35.725736],[110.827545,35.71926],[110.815667,35.72328],[110.81011,35.726652],[110.788065,35.725214],[110.767386,35.734391],[110.7585,35.732376],[110.751212,35.741377],[110.739474,35.745067],[110.678658,35.729748],[110.676186,35.748331],[110.687946,35.754253],[110.697384,35.748713],[110.693522,35.757963],[110.688182,35.764233],[110.669083,35.768549],[110.666911,35.778537],[110.646706,35.788439],[110.623228,35.782361],[110.611064,35.761799],[110.577537,35.73968],[110.568939,35.767147],[110.567657,35.800968],[110.549797,35.830917],[110.550453,35.857235],[110.550331,35.86776],[110.545639,35.874489],[110.522507,35.877335],[110.513184,35.886292],[110.512399,35.892713],[110.512833,35.917107],[110.502357,35.944096],[110.513206,35.965969],[110.494469,35.987633],[110.482811,36.050678],[110.463997,36.069042],[110.461884,36.10096],[110.449112,36.116493],[110.444611,36.137074],[110.445679,36.167236],[110.454918,36.19141],[110.449768,36.221176],[110.46991,36.242184],[110.472107,36.258347],[110.469406,36.276451],[110.462212,36.286381],[110.465042,36.293587],[110.470596,36.303856],[110.458885,36.312977],[110.454208,36.323666],[110.461784,36.340199],[110.461783,36.350295],[110.462395,36.360458],[110.476768,36.377632],[110.48452,36.404293],[110.481339,36.420082],[110.469162,36.433567],[110.467422,36.44157],[110.485794,36.458618],[110.494423,36.477711],[110.492455,36.498825],[110.497009,36.520569],[110.486053,36.538689],[110.486703,36.548585],[110.495743,36.567238],[110.487129,36.576447],[110.458595,36.592491],[110.41941,36.644178],[110.389114,36.662647],[110.389229,36.680828],[110.398514,36.683838],[110.421181,36.666039],[110.429977,36.666965],[110.430443,36.690903],[110.447891,36.710922],[110.44986,36.7188],[110.444695,36.726715],[110.44043,36.726372],[110.417717,36.70966],[110.41349,36.715298],[110.427109,36.731308],[110.426949,36.742348],[110.416946,36.749905],[110.39267,36.750404],[110.377304,36.756432],[110.379135,36.760391],[110.404762,36.761772],[110.423347,36.796318],[110.421844,36.805252],[110.399048,36.811085],[110.422318,36.828964],[110.423256,36.840954],[110.419632,36.845917],[110.409943,36.852333],[110.373314,36.860779],[110.375923,36.866833],[110.396645,36.870152],[110.40583,36.876152],[110.403236,36.897942],[110.422664,36.89625],[110.429199,36.885009],[110.441868,36.891467],[110.455089,36.887327],[110.463389,36.875354],[110.472391,36.875661],[110.465735,36.88418],[110.470062,36.88561],[110.501694,36.873069],[110.529685,36.869655],[110.538872,36.857399],[110.538613,36.866816],[110.550384,36.872662],[110.557714,36.864798],[110.570089,36.861708],[110.590502,36.865828],[110.596195,36.875387],[110.611666,36.877425],[110.627023,36.871035],[110.645038,36.891378],[110.63487,36.90193],[110.640204,36.909236],[110.641463,36.925284],[110.655973,36.932696],[110.673963,36.928617],[110.686251,36.940122],[110.697092,36.931631],[110.708963,36.942531]]]]}},{"type":"Feature","properties":{"name":"漯河市","code":"411100","gb":"156411100","province":"河南省","label":[113.89946440281798,33.65570899509278]},"geometry":{"type":"MultiPolygon","coordinates":[[[[113.975266,33.976914],[113.983547,33.975779],[113.995939,33.983373],[114.044319,33.984455],[114.053169,33.966602],[114.049947,33.957875],[114.054235,33.9516],[114.071548,33.95461],[114.082271,33.935232],[114.098702,33.936131],[114.101387,33.931632],[114.096382,33.930514],[114.096219,33.921522],[114.097735,33.92673],[114.108614,33.929075],[114.12089,33.917812],[114.117453,33.906129],[114.129106,33.880311],[114.109659,33.873086],[114.107988,33.866346],[114.151471,33.832403],[114.155452,33.820692],[114.154188,33.815208],[114.148736,33.81363],[114.152131,33.806856],[114.14119,33.806034],[114.135104,33.810817],[114.129629,33.801141],[114.136426,33.767227],[114.092002,33.766246],[114.091236,33.760983],[114.103724,33.74263],[114.101707,33.733299],[114.087752,33.733431],[114.087731,33.72021],[114.084674,33.720187],[114.094649,33.697389],[114.091719,33.684277],[114.109775,33.684796],[114.113434,33.671872],[114.110088,33.657107],[114.113365,33.654011],[114.145519,33.652586],[114.148044,33.665699],[114.15619,33.671287],[114.168502,33.666318],[114.180945,33.677213],[114.18055,33.683921],[114.193259,33.692994],[114.20732,33.692168],[114.213916,33.698456],[114.245211,33.706294],[114.245432,33.687142],[114.263526,33.684494],[114.263975,33.679873],[114.252163,33.670331],[114.258548,33.659362],[114.254103,33.637508],[114.256751,33.630743],[114.27924,33.621917],[114.279677,33.614474],[114.272416,33.606169],[114.255069,33.598945],[114.25672,33.590599],[114.271916,33.565572],[114.278228,33.5606],[114.290873,33.561135],[114.288845,33.527745],[114.270808,33.515403],[114.27896,33.476886],[114.260622,33.462865],[114.247912,33.461904],[114.239765,33.452714],[114.206102,33.44904],[114.205225,33.452366],[114.189491,33.452371],[114.18971,33.436753],[114.186216,33.433751],[114.16252,33.443637],[114.181759,33.447248],[114.184356,33.456933],[114.180392,33.46196],[114.141059,33.463081],[114.142691,33.470719],[114.123527,33.47643],[114.127667,33.485687],[114.125208,33.496459],[114.109826,33.49013],[114.097444,33.493353],[114.098081,33.500823],[114.113992,33.506838],[114.110285,33.511501],[114.091923,33.506386],[114.081468,33.512372],[114.08835,33.525718],[114.094103,33.52231],[114.094115,33.532685],[114.087561,33.532123],[114.084935,33.525175],[114.072649,33.519019],[114.056792,33.520992],[114.039742,33.5323],[114.033113,33.531221],[114.027071,33.525202],[114.010406,33.528365],[114.00439,33.521854],[114.004667,33.509299],[113.987677,33.501523],[113.986583,33.489368],[113.945024,33.474193],[113.94261,33.467053],[113.913052,33.470205],[113.910186,33.484552],[113.904259,33.486285],[113.879069,33.478013],[113.856387,33.481408],[113.796462,33.44356],[113.798546,33.432405],[113.785142,33.437218],[113.731592,33.431736],[113.71378,33.433704],[113.696524,33.41904],[113.68353,33.419911],[113.682458,33.40912],[113.678502,33.411206],[113.676813,33.421588],[113.647096,33.420442],[113.636097,33.42633],[113.618574,33.416694],[113.587965,33.415113],[113.585824,33.408194],[113.57735,33.403829],[113.552818,33.411095],[113.543214,33.40685],[113.533662,33.422513],[113.516469,33.421712],[113.515248,33.410148],[113.510942,33.408455],[113.488314,33.419976],[113.485709,33.427449],[113.459721,33.423111],[113.452257,33.430206],[113.454369,33.439244],[113.46609,33.443035],[113.467263,33.466611],[113.480462,33.489623],[113.472766,33.497378],[113.472148,33.505446],[113.489675,33.501653],[113.499347,33.506599],[113.514322,33.50644],[113.526185,33.498994],[113.53146,33.500193],[113.528112,33.511357],[113.53594,33.541048],[113.542309,33.552659],[113.551446,33.555216],[113.55761,33.569167],[113.547298,33.573637],[113.546418,33.588389],[113.566,33.591334],[113.579886,33.607979],[113.591571,33.608803],[113.61097,33.618645],[113.61726,33.617072],[113.624188,33.624622],[113.621257,33.630635],[113.614755,33.630111],[113.605245,33.645562],[113.581715,33.660592],[113.575091,33.682743],[113.580038,33.712802],[113.604023,33.709354],[113.594385,33.699095],[113.59392,33.69016],[113.605127,33.697005],[113.626349,33.690112],[113.634009,33.704546],[113.638956,33.696271],[113.651493,33.701967],[113.694936,33.690791],[113.702548,33.712412],[113.710389,33.712044],[113.713591,33.700091],[113.718577,33.696933],[113.729481,33.697309],[113.734621,33.714612],[113.746852,33.716385],[113.752826,33.718763],[113.756706,33.728611],[113.749967,33.738562],[113.73095,33.743523],[113.72856,33.751073],[113.731705,33.761164],[113.747312,33.774837],[113.741794,33.791049],[113.748552,33.79794],[113.755055,33.821239],[113.744899,33.829554],[113.729533,33.832852],[113.72211,33.841333],[113.718658,33.85575],[113.729885,33.860447],[113.729755,33.870218],[113.754687,33.867934],[113.763863,33.876282],[113.759814,33.8853],[113.770487,33.886769],[113.84315,33.872758],[113.850919,33.874965],[113.85577,33.883288],[113.854553,33.907538],[113.866582,33.910734],[113.852387,33.940991],[113.854283,33.950044],[113.880488,33.95073],[113.881812,33.945405],[113.894914,33.94443],[113.895882,33.949968],[113.906088,33.951365],[113.906585,33.947516],[113.914777,33.945307],[113.930858,33.970054],[113.94114,33.971813],[113.957505,33.983517],[113.970432,33.984845],[113.975266,33.976914]]]]}}]}